{
    "version": "4.5.6",
    "flags": {},
    "shapes": [
        {
            "label": "particle",
            "points": [
                [
                    97,
                    29
                ],
                [
                    96,
                    30
                ],
                [
                    96,
                    33
                ],
                [
                    95,
                    34
                ],
                [
                    95,
                    36
                ],
                [
                    94,
                    37
                ],
                [
                    94,
                    38
                ],
                [
                    93,
                    39
                ],
                [
                    93,
                    41
                ],
                [
                    92,
                    42
                ],
                [
                    92,
                    45
                ],
                [
                    90,
                    47
                ],
                [
                    90,
                    48
                ],
                [
                    89,
                    49
                ],
                [
                    89,
                    50
                ],
                [
                    88,
                    51
                ],
                [
                    88,
                    54
                ],
                [
                    86,
                    56
                ],
                [
                    86,
                    57
                ],
                [
                    85,
                    58
                ],
                [
                    85,
                    59
                ],
                [
                    84,
                    60
                ],
                [
                    84,
                    62
                ],
                [
                    85,
                    63
                ],
                [
                    85,
                    64
                ],
                [
                    86,
                    65
                ],
                [
                    87,
                    65
                ],
                [
                    90,
                    68
                ],
                [
                    108,
                    68
                ],
                [
                    109,
                    69
                ],
                [
                    111,
                    69
                ],
                [
                    112,
                    70
                ],
                [
                    113,
                    70
                ],
                [
                    114,
                    71
                ],
                [
                    116,
                    71
                ],
                [
                    117,
                    72
                ],
                [
                    119,
                    70
                ],
                [
                    120,
                    70
                ],
                [
                    122,
                    68
                ],
                [
                    123,
                    68
                ],
                [
                    124,
                    67
                ],
                [
                    124,
                    66
                ],
                [
                    126,
                    64
                ],
                [
                    126,
                    61
                ],
                [
                    128,
                    59
                ],
                [
                    128,
                    57
                ],
                [
                    130,
                    55
                ],
                [
                    130,
                    52
                ],
                [
                    131,
                    51
                ],
                [
                    131,
                    50
                ],
                [
                    132,
                    49
                ],
                [
                    132,
                    48
                ],
                [
                    133,
                    47
                ],
                [
                    133,
                    46
                ],
                [
                    134,
                    45
                ],
                [
                    133,
                    44
                ],
                [
                    133,
                    43
                ],
                [
                    132,
                    42
                ],
                [
                    131,
                    42
                ],
                [
                    130,
                    41
                ],
                [
                    129,
                    41
                ],
                [
                    128,
                    40
                ],
                [
                    127,
                    40
                ],
                [
                    125,
                    38
                ],
                [
                    123,
                    38
                ],
                [
                    122,
                    37
                ],
                [
                    121,
                    37
                ],
                [
                    120,
                    36
                ],
                [
                    119,
                    36
                ],
                [
                    117,
                    34
                ],
                [
                    114,
                    34
                ],
                [
                    113,
                    33
                ],
                [
                    112,
                    33
                ],
                [
                    111,
                    32
                ],
                [
                    110,
                    32
                ],
                [
                    108,
                    30
                ],
                [
                    106,
                    30
                ],
                [
                    105,
                    29
                ]
            ],
            "group_id": null,
            "shape_type": "polygon",
            "flags": {}
        },
        {
            "label": "particle",
            "points": [
                [
                    58,
                    152
                ],
                [
                    57,
                    153
                ],
                [
                    57,
                    156
                ],
                [
                    56,
                    157
                ],
                [
                    55,
                    157
                ],
                [
                    54,
                    158
                ],
                [
                    53,
                    158
                ],
                [
                    51,
                    160
                ],
                [
                    49,
                    160
                ],
                [
                    48,
                    161
                ],
                [
                    47,
                    161
                ],
                [
                    46,
                    162
                ],
                [
                    45,
                    162
                ],
                [
                    44,
                    163
                ],
                [
                    41,
                    163
                ],
                [
                    40,
                    164
                ],
                [
                    39,
                    164
                ],
                [
                    39,
                    168
                ],
                [
                    40,
                    169
                ],
                [
                    40,
                    174
                ],
                [
                    41,
                    175
                ],
                [
                    41,
                    177
                ],
                [
                    42,
                    178
                ],
                [
                    42,
                    181
                ],
                [
                    43,
                    182
                ],
                [
                    43,
                    184
                ],
                [
                    44,
                    185
                ],
                [
                    44,
                    190
                ],
                [
                    45,
                    191
                ],
                [
                    45,
                    192
                ],
                [
                    46,
                    193
                ],
                [
                    46,
                    195
                ],
                [
                    47,
                    196
                ],
                [
                    47,
                    198
                ],
                [
                    48,
                    199
                ],
                [
                    48,
                    202
                ],
                [
                    49,
                    203
                ],
                [
                    49,
                    206
                ],
                [
                    52,
                    206
                ],
                [
                    53,
                    207
                ],
                [
                    56,
                    207
                ],
                [
                    58,
                    205
                ],
                [
                    59,
                    205
                ],
                [
                    60,
                    204
                ],
                [
                    61,
                    204
                ],
                [
                    62,
                    203
                ],
                [
                    63,
                    203
                ],
                [
                    64,
                    202
                ],
                [
                    68,
                    202
                ],
                [
                    69,
                    201
                ],
                [
                    71,
                    201
                ],
                [
                    72,
                    200
                ],
                [
                    74,
                    200
                ],
                [
                    75,
                    199
                ],
                [
                    78,
                    199
                ],
                [
                    79,
                    198
                ],
                [
                    84,
                    198
                ],
                [
                    85,
                    197
                ],
                [
                    87,
                    197
                ],
                [
                    88,
                    196
                ],
                [
                    88,
                    194
                ],
                [
                    87,
                    193
                ],
                [
                    87,
                    189
                ],
                [
                    86,
                    188
                ],
                [
                    86,
                    185
                ],
                [
                    85,
                    184
                ],
                [
                    85,
                    183
                ],
                [
                    84,
                    182
                ],
                [
                    84,
                    180
                ],
                [
                    83,
                    179
                ],
                [
                    83,
                    174
                ],
                [
                    82,
                    173
                ],
                [
                    82,
                    171
                ],
                [
                    81,
                    170
                ],
                [
                    81,
                    168
                ],
                [
                    80,
                    167
                ],
                [
                    80,
                    165
                ],
                [
                    79,
                    164
                ],
                [
                    79,
                    162
                ],
                [
                    78,
                    161
                ],
                [
                    78,
                    156
                ],
                [
                    77,
                    155
                ],
                [
                    65,
                    155
                ],
                [
                    64,
                    154
                ],
                [
                    64,
                    152
                ]
            ],
            "group_id": null,
            "shape_type": "polygon",
            "flags": {}
        },
        {
            "label": "particle",
            "points": [
                [
                    210,
                    162
                ],
                [
                    210,
                    163
                ],
                [
                    208,
                    165
                ],
                [
                    207,
                    165
                ],
                [
                    206,
                    166
                ],
                [
                    204,
                    166
                ],
                [
                    203,
                    167
                ],
                [
                    202,
                    167
                ],
                [
                    200,
                    169
                ],
                [
                    199,
                    169
                ],
                [
                    197,
                    171
                ],
                [
                    194,
                    171
                ],
                [
                    191,
                    174
                ],
                [
                    190,
                    174
                ],
                [
                    189,
                    175
                ],
                [
                    188,
                    175
                ],
                [
                    186,
                    177
                ],
                [
                    185,
                    177
                ],
                [
                    185,
                    178
                ],
                [
                    184,
                    179
                ],
                [
                    182,
                    179
                ],
                [
                    181,
                    180
                ],
                [
                    181,
                    181
                ],
                [
                    179,
                    183
                ],
                [
                    177,
                    183
                ],
                [
                    177,
                    186
                ],
                [
                    180,
                    189
                ],
                [
                    180,
                    190
                ],
                [
                    181,
                    191
                ],
                [
                    181,
                    192
                ],
                [
                    182,
                    193
                ],
                [
                    182,
                    194
                ],
                [
                    185,
                    197
                ],
                [
                    185,
                    199
                ],
                [
                    187,
                    201
                ],
                [
                    187,
                    202
                ],
                [
                    188,
                    203
                ],
                [
                    188,
                    204
                ],
                [
                    189,
                    204
                ],
                [
                    190,
                    205
                ],
                [
                    190,
                    208
                ],
                [
                    193,
                    211
                ],
                [
                    193,
                    212
                ],
                [
                    194,
                    213
                ],
                [
                    194,
                    214
                ],
                [
                    196,
                    216
                ],
                [
                    196,
                    217
                ],
                [
                    198,
                    219
                ],
                [
                    198,
                    221
                ],
                [
                    199,
                    222
                ],
                [
                    199,
                    223
                ],
                [
                    201,
                    225
                ],
                [
                    204,
                    225
                ],
                [
                    205,
                    224
                ],
                [
                    206,
                    224
                ],
                [
                    207,
                    223
                ],
                [
                    208,
                    223
                ],
                [
                    209,
                    222
                ],
                [
                    210,
                    222
                ],
                [
                    211,
                    221
                ],
                [
                    212,
                    221
                ],
                [
                    214,
                    219
                ],
                [
                    215,
                    219
                ],
                [
                    217,
                    217
                ],
                [
                    219,
                    217
                ],
                [
                    219,
                    216
                ],
                [
                    220,
                    215
                ],
                [
                    221,
                    215
                ],
                [
                    223,
                    213
                ],
                [
                    225,
                    213
                ],
                [
                    229,
                    209
                ],
                [
                    231,
                    209
                ],
                [
                    233,
                    207
                ],
                [
                    234,
                    207
                ],
                [
                    236,
                    205
                ],
                [
                    237,
                    205
                ],
                [
                    238,
                    204
                ],
                [
                    240,
                    204
                ],
                [
                    240,
                    199
                ],
                [
                    239,
                    198
                ],
                [
                    239,
                    197
                ],
                [
                    236,
                    194
                ],
                [
                    236,
                    192
                ],
                [
                    235,
                    192
                ],
                [
                    232,
                    189
                ],
                [
                    232,
                    187
                ],
                [
                    231,
                    186
                ],
                [
                    231,
                    181
                ],
                [
                    230,
                    181
                ],
                [
                    229,
                    180
                ],
                [
                    228,
                    180
                ],
                [
                    225,
                    177
                ],
                [
                    225,
                    176
                ],
                [
                    223,
                    174
                ],
                [
                    223,
                    171
                ],
                [
                    222,
                    171
                ],
                [
                    220,
                    169
                ],
                [
                    220,
                    168
                ],
                [
                    219,
                    167
                ],
                [
                    219,
                    166
                ],
                [
                    218,
                    165
                ],
                [
                    218,
                    164
                ],
                [
                    217,
                    163
                ],
                [
                    217,
                    162
                ]
            ],
            "group_id": null,
            "shape_type": "polygon",
            "flags": {}
        },
        {
            "label": "particle",
            "points": [
                [
                    152,
                    313
                ],
                [
                    150,
                    315
                ],
                [
                    150,
                    316
                ],
                [
                    148,
                    318
                ],
                [
                    148,
                    319
                ],
                [
                    146,
                    321
                ],
                [
                    146,
                    323
                ],
                [
                    144,
                    325
                ],
                [
                    144,
                    326
                ],
                [
                    142,
                    328
                ],
                [
                    142,
                    330
                ],
                [
                    139,
                    333
                ],
                [
                    139,
                    334
                ],
                [
                    138,
                    335
                ],
                [
                    138,
                    336
                ],
                [
                    137,
                    337
                ],
                [
                    137,
                    338
                ],
                [
                    136,
                    339
                ],
                [
                    136,
                    340
                ],
                [
                    134,
                    342
                ],
                [
                    134,
                    343
                ],
                [
                    133,
                    344
                ],
                [
                    133,
                    346
                ],
                [
                    132,
                    347
                ],
                [
                    132,
                    348
                ],
                [
                    131,
                    349
                ],
                [
                    131,
                    350
                ],
                [
                    130,
                    351
                ],
                [
                    130,
                    352
                ],
                [
                    129,
                    353
                ],
                [
                    129,
                    354
                ],
                [
                    130,
                    355
                ],
                [
                    131,
                    355
                ],
                [
                    134,
                    358
                ],
                [
                    136,
                    358
                ],
                [
                    138,
                    360
                ],
                [
                    139,
                    360
                ],
                [
                    140,
                    361
                ],
                [
                    141,
                    361
                ],
                [
                    142,
                    362
                ],
                [
                    143,
                    362
                ],
                [
                    144,
                    363
                ],
                [
                    145,
                    363
                ],
                [
                    147,
                    365
                ],
                [
                    148,
                    365
                ],
                [
                    149,
                    366
                ],
                [
                    150,
                    366
                ],
                [
                    151,
                    367
                ],
                [
                    152,
                    367
                ],
                [
                    155,
                    370
                ],
                [
                    157,
                    370
                ],
                [
                    159,
                    372
                ],
                [
                    160,
                    372
                ],
                [
                    162,
                    374
                ],
                [
                    163,
                    374
                ],
                [
                    164,
                    375
                ],
                [
                    165,
                    375
                ],
                [
                    167,
                    377
                ],
                [
                    173,
                    377
                ],
                [
                    176,
                    374
                ],
                [
                    176,
                    373
                ],
                [
                    179,
                    370
                ],
                [
                    180,
                    370
                ],
                [
                    180,
                    368
                ],
                [
                    182,
                    366
                ],
                [
                    183,
                    366
                ],
                [
                    184,
                    365
                ],
                [
                    184,
                    363
                ],
                [
                    185,
                    362
                ],
                [
                    186,
                    362
                ],
                [
                    187,
                    361
                ],
                [
                    186,
                    360
                ],
                [
                    185,
                    360
                ],
                [
                    184,
                    359
                ],
                [
                    190,
                    353
                ],
                [
                    190,
                    351
                ],
                [
                    189,
                    350
                ],
                [
                    190,
                    349
                ],
                [
                    191,
                    349
                ],
                [
                    191,
                    348
                ],
                [
                    192,
                    347
                ],
                [
                    192,
                    346
                ],
                [
                    195,
                    343
                ],
                [
                    195,
                    342
                ],
                [
                    196,
                    341
                ],
                [
                    197,
                    341
                ],
                [
                    197,
                    339
                ],
                [
                    196,
                    338
                ],
                [
                    195,
                    338
                ],
                [
                    194,
                    337
                ],
                [
                    193,
                    337
                ],
                [
                    192,
                    336
                ],
                [
                    191,
                    336
                ],
                [
                    190,
                    335
                ],
                [
                    189,
                    335
                ],
                [
                    188,
                    334
                ],
                [
                    188,
                    333
                ],
                [
                    187,
                    333
                ],
                [
                    186,
                    332
                ],
                [
                    184,
                    332
                ],
                [
                    182,
                    330
                ],
                [
                    181,
                    330
                ],
                [
                    179,
                    328
                ],
                [
                    177,
                    328
                ],
                [
                    174,
                    325
                ],
                [
                    173,
                    325
                ],
                [
                    172,
                    324
                ],
                [
                    171,
                    324
                ],
                [
                    170,
                    323
                ],
                [
                    169,
                    323
                ],
                [
                    166,
                    320
                ],
                [
                    164,
                    320
                ],
                [
                    162,
                    318
                ],
                [
                    161,
                    318
                ],
                [
                    159,
                    316
                ],
                [
                    157,
                    316
                ],
                [
                    156,
                    315
                ],
                [
                    155,
                    315
                ],
                [
                    154,
                    314
                ],
                [
                    154,
                    313
                ]
            ],
            "group_id": null,
            "shape_type": "polygon",
            "flags": {}
        },
        {
            "label": "particle",
            "points": [
                [
                    346,
                    265
                ],
                [
                    345,
                    266
                ],
                [
                    336,
                    266
                ],
                [
                    335,
                    267
                ],
                [
                    332,
                    267
                ],
                [
                    331,
                    268
                ],
                [
                    328,
                    268
                ],
                [
                    327,
                    269
                ],
                [
                    324,
                    269
                ],
                [
                    323,
                    270
                ],
                [
                    316,
                    270
                ],
                [
                    315,
                    271
                ],
                [
                    313,
                    271
                ],
                [
                    312,
                    272
                ],
                [
                    309,
                    272
                ],
                [
                    308,
                    273
                ],
                [
                    305,
                    273
                ],
                [
                    304,
                    274
                ],
                [
                    297,
                    274
                ],
                [
                    296,
                    275
                ],
                [
                    293,
                    275
                ],
                [
                    292,
                    276
                ],
                [
                    291,
                    276
                ],
                [
                    288,
                    279
                ],
                [
                    288,
                    282
                ],
                [
                    289,
                    283
                ],
                [
                    289,
                    286
                ],
                [
                    290,
                    287
                ],
                [
                    290,
                    293
                ],
                [
                    291,
                    294
                ],
                [
                    291,
                    296
                ],
                [
                    292,
                    297
                ],
                [
                    292,
                    300
                ],
                [
                    293,
                    301
                ],
                [
                    293,
                    303
                ],
                [
                    294,
                    304
                ],
                [
                    294,
                    311
                ],
                [
                    295,
                    312
                ],
                [
                    295,
                    314
                ],
                [
                    296,
                    315
                ],
                [
                    296,
                    318
                ],
                [
                    297,
                    319
                ],
                [
                    297,
                    321
                ],
                [
                    298,
                    322
                ],
                [
                    298,
                    327
                ],
                [
                    307,
                    327
                ],
                [
                    308,
                    326
                ],
                [
                    311,
                    326
                ],
                [
                    312,
                    325
                ],
                [
                    315,
                    325
                ],
                [
                    316,
                    324
                ],
                [
                    321,
                    324
                ],
                [
                    322,
                    323
                ],
                [
                    325,
                    323
                ],
                [
                    326,
                    322
                ],
                [
                    328,
                    322
                ],
                [
                    329,
                    321
                ],
                [
                    331,
                    321
                ],
                [
                    332,
                    320
                ],
                [
                    339,
                    320
                ],
                [
                    340,
                    319
                ],
                [
                    342,
                    319
                ],
                [
                    343,
                    318
                ],
                [
                    346,
                    318
                ],
                [
                    347,
                    317
                ],
                [
                    349,
                    317
                ],
                [
                    350,
                    316
                ],
                [
                    356,
                    316
                ],
                [
                    357,
                    315
                ],
                [
                    360,
                    315
                ],
                [
                    361,
                    314
                ],
                [
                    361,
                    301
                ],
                [
                    360,
                    300
                ],
                [
                    360,
                    299
                ],
                [
                    359,
                    298
                ],
                [
                    359,
                    295
                ],
                [
                    358,
                    294
                ],
                [
                    358,
                    293
                ],
                [
                    357,
                    292
                ],
                [
                    357,
                    290
                ],
                [
                    356,
                    289
                ],
                [
                    356,
                    284
                ],
                [
                    355,
                    283
                ],
                [
                    355,
                    281
                ],
                [
                    354,
                    280
                ],
                [
                    354,
                    278
                ],
                [
                    353,
                    277
                ],
                [
                    353,
                    275
                ],
                [
                    352,
                    274
                ],
                [
                    352,
                    270
                ],
                [
                    351,
                    269
                ],
                [
                    351,
                    266
                ],
                [
                    350,
                    265
                ]
            ],
            "group_id": null,
            "shape_type": "polygon",
            "flags": {}
        },
        {
            "label": "particle",
            "points": [
                [
                    471,
                    346
                ],
                [
                    470,
                    347
                ],
                [
                    467,
                    347
                ],
                [
                    466,
                    348
                ],
                [
                    463,
                    348
                ],
                [
                    462,
                    349
                ],
                [
                    456,
                    349
                ],
                [
                    455,
                    350
                ],
                [
                    452,
                    350
                ],
                [
                    451,
                    351
                ],
                [
                    448,
                    351
                ],
                [
                    447,
                    352
                ],
                [
                    444,
                    352
                ],
                [
                    443,
                    353
                ],
                [
                    436,
                    353
                ],
                [
                    435,
                    354
                ],
                [
                    432,
                    354
                ],
                [
                    431,
                    355
                ],
                [
                    428,
                    355
                ],
                [
                    427,
                    356
                ],
                [
                    424,
                    356
                ],
                [
                    423,
                    357
                ],
                [
                    417,
                    357
                ],
                [
                    416,
                    358
                ],
                [
                    413,
                    358
                ],
                [
                    412,
                    359
                ],
                [
                    412,
                    360
                ],
                [
                    411,
                    361
                ],
                [
                    411,
                    367
                ],
                [
                    412,
                    368
                ],
                [
                    412,
                    371
                ],
                [
                    413,
                    372
                ],
                [
                    413,
                    374
                ],
                [
                    414,
                    375
                ],
                [
                    414,
                    378
                ],
                [
                    415,
                    379
                ],
                [
                    415,
                    385
                ],
                [
                    416,
                    386
                ],
                [
                    416,
                    389
                ],
                [
                    417,
                    390
                ],
                [
                    417,
                    392
                ],
                [
                    418,
                    393
                ],
                [
                    418,
                    396
                ],
                [
                    419,
                    397
                ],
                [
                    419,
                    403
                ],
                [
                    420,
                    404
                ],
                [
                    420,
                    407
                ],
                [
                    421,
                    408
                ],
                [
                    421,
                    409
                ],
                [
                    422,
                    409
                ],
                [
                    423,
                    410
                ],
                [
                    431,
                    410
                ],
                [
                    432,
                    409
                ],
                [
                    434,
                    409
                ],
                [
                    435,
                    408
                ],
                [
                    437,
                    408
                ],
                [
                    438,
                    407
                ],
                [
                    444,
                    407
                ],
                [
                    445,
                    406
                ],
                [
                    447,
                    406
                ],
                [
                    448,
                    405
                ],
                [
                    450,
                    405
                ],
                [
                    451,
                    404
                ],
                [
                    453,
                    404
                ],
                [
                    454,
                    403
                ],
                [
                    460,
                    403
                ],
                [
                    461,
                    402
                ],
                [
                    463,
                    402
                ],
                [
                    464,
                    401
                ],
                [
                    466,
                    401
                ],
                [
                    467,
                    400
                ],
                [
                    469,
                    400
                ],
                [
                    470,
                    399
                ],
                [
                    476,
                    399
                ],
                [
                    477,
                    398
                ],
                [
                    479,
                    398
                ],
                [
                    480,
                    397
                ],
                [
                    482,
                    397
                ],
                [
                    484,
                    395
                ],
                [
                    484,
                    392
                ],
                [
                    485,
                    391
                ],
                [
                    485,
                    386
                ],
                [
                    484,
                    385
                ],
                [
                    484,
                    384
                ],
                [
                    483,
                    383
                ],
                [
                    483,
                    381
                ],
                [
                    482,
                    380
                ],
                [
                    482,
                    378
                ],
                [
                    481,
                    377
                ],
                [
                    481,
                    372
                ],
                [
                    480,
                    371
                ],
                [
                    480,
                    370
                ],
                [
                    479,
                    369
                ],
                [
                    479,
                    366
                ],
                [
                    478,
                    365
                ],
                [
                    478,
                    363
                ],
                [
                    477,
                    362
                ],
                [
                    477,
                    357
                ],
                [
                    476,
                    356
                ],
                [
                    476,
                    355
                ],
                [
                    475,
                    354
                ],
                [
                    475,
                    352
                ],
                [
                    474,
                    351
                ],
                [
                    474,
                    350
                ],
                [
                    473,
                    349
                ],
                [
                    473,
                    348
                ],
                [
                    472,
                    347
                ],
                [
                    472,
                    346
                ]
            ],
            "group_id": null,
            "shape_type": "polygon",
            "flags": {}
        }
    ],
    "imagePath": "",
    "imageData": null,
    "imageHeight": 512,
    "imageWidth": 587
}