{
    "version": "4.5.6",
    "flags": {},
    "shapes": [
        {
            "label": "particle",
            "points": [
                [
                    108,
                    114
                ],
                [
                    107,
                    115
                ],
                [
                    100,
                    115
                ],
                [
                    98,
                    117
                ],
                [
                    97,
                    117
                ],
                [
                    95,
                    119
                ],
                [
                    92,
                    119
                ],
                [
                    90,
                    121
                ],
                [
                    89,
                    121
                ],
                [
                    87,
                    123
                ],
                [
                    85,
                    123
                ],
                [
                    83,
                    125
                ],
                [
                    82,
                    125
                ],
                [
                    79,
                    128
                ],
                [
                    78,
                    128
                ],
                [
                    75,
                    131
                ],
                [
                    74,
                    131
                ],
                [
                    72,
                    133
                ],
                [
                    72,
                    134
                ],
                [
                    71,
                    135
                ],
                [
                    70,
                    135
                ],
                [
                    68,
                    137
                ],
                [
                    68,
                    138
                ],
                [
                    67,
                    139
                ],
                [
                    66,
                    139
                ],
                [
                    64,
                    141
                ],
                [
                    64,
                    142
                ],
                [
                    63,
                    143
                ],
                [
                    63,
                    144
                ],
                [
                    62,
                    145
                ],
                [
                    62,
                    147
                ],
                [
                    61,
                    148
                ],
                [
                    61,
                    151
                ],
                [
                    60,
                    152
                ],
                [
                    60,
                    184
                ],
                [
                    61,
                    185
                ],
                [
                    61,
                    188
                ],
                [
                    62,
                    189
                ],
                [
                    62,
                    190
                ],
                [
                    64,
                    192
                ],
                [
                    64,
                    194
                ],
                [
                    65,
                    195
                ],
                [
                    65,
                    196
                ],
                [
                    68,
                    199
                ],
                [
                    68,
                    201
                ],
                [
                    69,
                    202
                ],
                [
                    69,
                    203
                ],
                [
                    72,
                    206
                ],
                [
                    72,
                    208
                ],
                [
                    73,
                    209
                ],
                [
                    73,
                    210
                ],
                [
                    74,
                    211
                ],
                [
                    74,
                    212
                ],
                [
                    76,
                    214
                ],
                [
                    76,
                    216
                ],
                [
                    78,
                    218
                ],
                [
                    78,
                    219
                ],
                [
                    80,
                    221
                ],
                [
                    80,
                    223
                ],
                [
                    82,
                    225
                ],
                [
                    82,
                    226
                ],
                [
                    83,
                    227
                ],
                [
                    83,
                    228
                ],
                [
                    84,
                    229
                ],
                [
                    84,
                    231
                ],
                [
                    86,
                    233
                ],
                [
                    86,
                    234
                ],
                [
                    87,
                    235
                ],
                [
                    87,
                    236
                ],
                [
                    88,
                    237
                ],
                [
                    88,
                    239
                ],
                [
                    89,
                    240
                ],
                [
                    89,
                    241
                ],
                [
                    90,
                    242
                ],
                [
                    90,
                    243
                ],
                [
                    92,
                    245
                ],
                [
                    92,
                    248
                ],
                [
                    94,
                    250
                ],
                [
                    94,
                    251
                ],
                [
                    96,
                    253
                ],
                [
                    96,
                    256
                ],
                [
                    97,
                    257
                ],
                [
                    97,
                    258
                ],
                [
                    98,
                    259
                ],
                [
                    98,
                    260
                ],
                [
                    100,
                    262
                ],
                [
                    100,
                    265
                ],
                [
                    101,
                    266
                ],
                [
                    101,
                    268
                ],
                [
                    103,
                    270
                ],
                [
                    103,
                    272
                ],
                [
                    104,
                    273
                ],
                [
                    104,
                    276
                ],
                [
                    105,
                    277
                ],
                [
                    105,
                    278
                ],
                [
                    106,
                    279
                ],
                [
                    106,
                    280
                ],
                [
                    107,
                    281
                ],
                [
                    107,
                    282
                ],
                [
                    108,
                    283
                ],
                [
                    108,
                    287
                ],
                [
                    109,
                    288
                ],
                [
                    109,
                    289
                ],
                [
                    110,
                    290
                ],
                [
                    110,
                    291
                ],
                [
                    111,
                    292
                ],
                [
                    111,
                    293
                ],
                [
                    112,
                    294
                ],
                [
                    112,
                    297
                ],
                [
                    113,
                    298
                ],
                [
                    113,
                    299
                ],
                [
                    115,
                    301
                ],
                [
                    115,
                    302
                ],
                [
                    116,
                    303
                ],
                [
                    116,
                    305
                ],
                [
                    117,
                    306
                ],
                [
                    117,
                    307
                ],
                [
                    118,
                    308
                ],
                [
                    118,
                    309
                ],
                [
                    120,
                    311
                ],
                [
                    120,
                    313
                ],
                [
                    121,
                    314
                ],
                [
                    121,
                    316
                ],
                [
                    123,
                    318
                ],
                [
                    123,
                    319
                ],
                [
                    124,
                    320
                ],
                [
                    124,
                    322
                ],
                [
                    125,
                    323
                ],
                [
                    125,
                    324
                ],
                [
                    127,
                    326
                ],
                [
                    127,
                    327
                ],
                [
                    128,
                    328
                ],
                [
                    128,
                    329
                ],
                [
                    129,
                    330
                ],
                [
                    129,
                    333
                ],
                [
                    130,
                    334
                ],
                [
                    130,
                    336
                ],
                [
                    132,
                    338
                ],
                [
                    132,
                    340
                ],
                [
                    133,
                    341
                ],
                [
                    133,
                    344
                ],
                [
                    134,
                    345
                ],
                [
                    134,
                    346
                ],
                [
                    135,
                    347
                ],
                [
                    135,
                    349
                ],
                [
                    137,
                    351
                ],
                [
                    137,
                    355
                ],
                [
                    138,
                    356
                ],
                [
                    138,
                    357
                ],
                [
                    139,
                    358
                ],
                [
                    139,
                    359
                ],
                [
                    140,
                    360
                ],
                [
                    140,
                    361
                ],
                [
                    141,
                    362
                ],
                [
                    141,
                    364
                ],
                [
                    143,
                    366
                ],
                [
                    143,
                    368
                ],
                [
                    145,
                    370
                ],
                [
                    145,
                    373
                ],
                [
                    147,
                    375
                ],
                [
                    147,
                    377
                ],
                [
                    149,
                    379
                ],
                [
                    149,
                    381
                ],
                [
                    150,
                    382
                ],
                [
                    150,
                    383
                ],
                [
                    151,
                    384
                ],
                [
                    151,
                    385
                ],
                [
                    153,
                    387
                ],
                [
                    153,
                    389
                ],
                [
                    155,
                    391
                ],
                [
                    155,
                    392
                ],
                [
                    157,
                    394
                ],
                [
                    157,
                    397
                ],
                [
                    158,
                    397
                ],
                [
                    159,
                    398
                ],
                [
                    159,
                    399
                ],
                [
                    160,
                    400
                ],
                [
                    160,
                    401
                ],
                [
                    161,
                    402
                ],
                [
                    161,
                    403
                ],
                [
                    165,
                    407
                ],
                [
                    165,
                    409
                ],
                [
                    167,
                    411
                ],
                [
                    167,
                    412
                ],
                [
                    169,
                    414
                ],
                [
                    170,
                    414
                ],
                [
                    173,
                    417
                ],
                [
                    175,
                    417
                ],
                [
                    178,
                    420
                ],
                [
                    179,
                    420
                ],
                [
                    180,
                    421
                ],
                [
                    181,
                    421
                ],
                [
                    182,
                    422
                ],
                [
                    184,
                    422
                ],
                [
                    185,
                    423
                ],
                [
                    188,
                    423
                ],
                [
                    189,
                    424
                ],
                [
                    193,
                    424
                ],
                [
                    194,
                    425
                ],
                [
                    208,
                    425
                ],
                [
                    209,
                    426
                ],
                [
                    255,
                    426
                ],
                [
                    256,
                    425
                ],
                [
                    306,
                    425
                ],
                [
                    307,
                    426
                ],
                [
                    309,
                    426
                ],
                [
                    310,
                    427
                ],
                [
                    311,
                    427
                ],
                [
                    312,
                    428
                ],
                [
                    314,
                    428
                ],
                [
                    315,
                    429
                ],
                [
                    319,
                    429
                ],
                [
                    320,
                    430
                ],
                [
                    321,
                    430
                ],
                [
                    322,
                    431
                ],
                [
                    325,
                    431
                ],
                [
                    326,
                    432
                ],
                [
                    327,
                    432
                ],
                [
                    328,
                    433
                ],
                [
                    333,
                    433
                ],
                [
                    334,
                    434
                ],
                [
                    337,
                    434
                ],
                [
                    338,
                    435
                ],
                [
                    348,
                    435
                ],
                [
                    349,
                    436
                ],
                [
                    361,
                    436
                ],
                [
                    362,
                    435
                ],
                [
                    381,
                    435
                ],
                [
                    382,
                    436
                ],
                [
                    390,
                    436
                ],
                [
                    391,
                    437
                ],
                [
                    409,
                    437
                ],
                [
                    410,
                    438
                ],
                [
                    423,
                    438
                ],
                [
                    424,
                    439
                ],
                [
                    441,
                    439
                ],
                [
                    442,
                    438
                ],
                [
                    446,
                    438
                ],
                [
                    447,
                    437
                ],
                [
                    452,
                    437
                ],
                [
                    456,
                    433
                ],
                [
                    457,
                    433
                ],
                [
                    459,
                    431
                ],
                [
                    459,
                    430
                ],
                [
                    460,
                    429
                ],
                [
                    461,
                    429
                ],
                [
                    461,
                    428
                ],
                [
                    462,
                    427
                ],
                [
                    462,
                    425
                ],
                [
                    464,
                    423
                ],
                [
                    464,
                    422
                ],
                [
                    466,
                    420
                ],
                [
                    466,
                    416
                ],
                [
                    467,
                    415
                ],
                [
                    467,
                    414
                ],
                [
                    468,
                    413
                ],
                [
                    468,
                    410
                ],
                [
                    469,
                    409
                ],
                [
                    469,
                    398
                ],
                [
                    468,
                    397
                ],
                [
                    468,
                    393
                ],
                [
                    467,
                    392
                ],
                [
                    467,
                    389
                ],
                [
                    466,
                    388
                ],
                [
                    466,
                    383
                ],
                [
                    465,
                    382
                ],
                [
                    465,
                    381
                ],
                [
                    464,
                    380
                ],
                [
                    464,
                    377
                ],
                [
                    463,
                    376
                ],
                [
                    463,
                    375
                ],
                [
                    462,
                    374
                ],
                [
                    462,
                    369
                ],
                [
                    461,
                    368
                ],
                [
                    461,
                    367
                ],
                [
                    460,
                    366
                ],
                [
                    460,
                    365
                ],
                [
                    459,
                    364
                ],
                [
                    459,
                    362
                ],
                [
                    458,
                    361
                ],
                [
                    458,
                    357
                ],
                [
                    457,
                    356
                ],
                [
                    457,
                    355
                ],
                [
                    456,
                    354
                ],
                [
                    456,
                    353
                ],
                [
                    455,
                    352
                ],
                [
                    455,
                    351
                ],
                [
                    454,
                    350
                ],
                [
                    454,
                    346
                ],
                [
                    453,
                    345
                ],
                [
                    453,
                    344
                ],
                [
                    452,
                    343
                ],
                [
                    452,
                    342
                ],
                [
                    451,
                    341
                ],
                [
                    451,
                    340
                ],
                [
                    450,
                    339
                ],
                [
                    450,
                    335
                ],
                [
                    449,
                    334
                ],
                [
                    449,
                    333
                ],
                [
                    448,
                    332
                ],
                [
                    448,
                    330
                ],
                [
                    447,
                    329
                ],
                [
                    447,
                    328
                ],
                [
                    446,
                    327
                ],
                [
                    446,
                    322
                ],
                [
                    445,
                    321
                ],
                [
                    445,
                    320
                ],
                [
                    444,
                    319
                ],
                [
                    444,
                    317
                ],
                [
                    443,
                    316
                ],
                [
                    443,
                    315
                ],
                [
                    442,
                    314
                ],
                [
                    442,
                    311
                ],
                [
                    441,
                    310
                ],
                [
                    441,
                    309
                ],
                [
                    440,
                    308
                ],
                [
                    440,
                    307
                ],
                [
                    439,
                    306
                ],
                [
                    439,
                    305
                ],
                [
                    438,
                    304
                ],
                [
                    438,
                    300
                ],
                [
                    437,
                    299
                ],
                [
                    437,
                    298
                ],
                [
                    436,
                    297
                ],
                [
                    436,
                    296
                ],
                [
                    435,
                    295
                ],
                [
                    435,
                    294
                ],
                [
                    434,
                    293
                ],
                [
                    434,
                    290
                ],
                [
                    433,
                    289
                ],
                [
                    433,
                    288
                ],
                [
                    432,
                    287
                ],
                [
                    432,
                    286
                ],
                [
                    431,
                    285
                ],
                [
                    431,
                    284
                ],
                [
                    430,
                    283
                ],
                [
                    430,
                    280
                ],
                [
                    428,
                    278
                ],
                [
                    428,
                    277
                ],
                [
                    427,
                    276
                ],
                [
                    427,
                    275
                ],
                [
                    426,
                    274
                ],
                [
                    426,
                    272
                ],
                [
                    425,
                    271
                ],
                [
                    425,
                    269
                ],
                [
                    424,
                    268
                ],
                [
                    424,
                    267
                ],
                [
                    423,
                    266
                ],
                [
                    423,
                    264
                ],
                [
                    422,
                    263
                ],
                [
                    422,
                    259
                ],
                [
                    421,
                    258
                ],
                [
                    421,
                    256
                ],
                [
                    420,
                    255
                ],
                [
                    420,
                    253
                ],
                [
                    419,
                    252
                ],
                [
                    419,
                    251
                ],
                [
                    418,
                    250
                ],
                [
                    418,
                    246
                ],
                [
                    417,
                    245
                ],
                [
                    417,
                    243
                ],
                [
                    416,
                    242
                ],
                [
                    416,
                    240
                ],
                [
                    415,
                    239
                ],
                [
                    415,
                    238
                ],
                [
                    414,
                    237
                ],
                [
                    414,
                    233
                ],
                [
                    413,
                    232
                ],
                [
                    413,
                    231
                ],
                [
                    412,
                    230
                ],
                [
                    412,
                    229
                ],
                [
                    411,
                    228
                ],
                [
                    411,
                    227
                ],
                [
                    410,
                    226
                ],
                [
                    410,
                    222
                ],
                [
                    409,
                    221
                ],
                [
                    409,
                    220
                ],
                [
                    408,
                    219
                ],
                [
                    408,
                    217
                ],
                [
                    407,
                    216
                ],
                [
                    407,
                    215
                ],
                [
                    406,
                    214
                ],
                [
                    406,
                    210
                ],
                [
                    405,
                    209
                ],
                [
                    405,
                    208
                ],
                [
                    404,
                    207
                ],
                [
                    404,
                    205
                ],
                [
                    403,
                    204
                ],
                [
                    403,
                    203
                ],
                [
                    402,
                    202
                ],
                [
                    402,
                    199
                ],
                [
                    401,
                    198
                ],
                [
                    401,
                    196
                ],
                [
                    400,
                    195
                ],
                [
                    400,
                    194
                ],
                [
                    399,
                    193
                ],
                [
                    399,
                    192
                ],
                [
                    398,
                    191
                ],
                [
                    398,
                    188
                ],
                [
                    396,
                    186
                ],
                [
                    396,
                    185
                ],
                [
                    394,
                    183
                ],
                [
                    394,
                    180
                ],
                [
                    393,
                    179
                ],
                [
                    393,
                    178
                ],
                [
                    392,
                    177
                ],
                [
                    392,
                    176
                ],
                [
                    390,
                    174
                ],
                [
                    390,
                    171
                ],
                [
                    388,
                    169
                ],
                [
                    388,
                    168
                ],
                [
                    387,
                    168
                ],
                [
                    386,
                    167
                ],
                [
                    386,
                    165
                ],
                [
                    382,
                    161
                ],
                [
                    382,
                    159
                ],
                [
                    381,
                    159
                ],
                [
                    380,
                    158
                ],
                [
                    380,
                    157
                ],
                [
                    378,
                    155
                ],
                [
                    378,
                    154
                ],
                [
                    376,
                    152
                ],
                [
                    375,
                    152
                ],
                [
                    373,
                    150
                ],
                [
                    372,
                    150
                ],
                [
                    369,
                    147
                ],
                [
                    368,
                    147
                ],
                [
                    364,
                    143
                ],
                [
                    363,
                    143
                ],
                [
                    362,
                    142
                ],
                [
                    361,
                    142
                ],
                [
                    360,
                    141
                ],
                [
                    359,
                    141
                ],
                [
                    358,
                    140
                ],
                [
                    357,
                    140
                ],
                [
                    356,
                    139
                ],
                [
                    352,
                    139
                ],
                [
                    351,
                    138
                ],
                [
                    350,
                    138
                ],
                [
                    349,
                    137
                ],
                [
                    348,
                    137
                ],
                [
                    347,
                    136
                ],
                [
                    324,
                    136
                ],
                [
                    323,
                    135
                ],
                [
                    309,
                    135
                ],
                [
                    308,
                    134
                ],
                [
                    304,
                    134
                ],
                [
                    303,
                    133
                ],
                [
                    299,
                    133
                ],
                [
                    298,
                    132
                ],
                [
                    294,
                    132
                ],
                [
                    293,
                    131
                ],
                [
                    277,
                    131
                ],
                [
                    276,
                    130
                ],
                [
                    269,
                    130
                ],
                [
                    268,
                    129
                ],
                [
                    260,
                    129
                ],
                [
                    259,
                    128
                ],
                [
                    251,
                    128
                ],
                [
                    250,
                    127
                ],
                [
                    230,
                    127
                ],
                [
                    229,
                    126
                ],
                [
                    214,
                    126
                ],
                [
                    213,
                    125
                ],
                [
                    202,
                    125
                ],
                [
                    201,
                    124
                ],
                [
                    194,
                    124
                ],
                [
                    193,
                    123
                ],
                [
                    179,
                    123
                ],
                [
                    178,
                    122
                ],
                [
                    172,
                    122
                ],
                [
                    171,
                    121
                ],
                [
                    165,
                    121
                ],
                [
                    164,
                    120
                ],
                [
                    157,
                    120
                ],
                [
                    156,
                    119
                ],
                [
                    146,
                    119
                ],
                [
                    145,
                    118
                ],
                [
                    142,
                    118
                ],
                [
                    141,
                    117
                ],
                [
                    137,
                    117
                ],
                [
                    136,
                    116
                ],
                [
                    132,
                    116
                ],
                [
                    131,
                    115
                ],
                [
                    118,
                    115
                ],
                [
                    117,
                    114
                ]
            ],
            "group_id": null,
            "shape_type": "polygon",
            "flags": {}
        }
    ],
    "imagePath": "",
    "imageData": null,
    "imageHeight": 512,
    "imageWidth": 513
}