{
    "version": "4.5.6",
    "flags": {},
    "shapes": [
        {
            "label": "particle",
            "points": [
                [
                    0,
                    0
                ],
                [
                    0,
                    161
                ],
                [
                    8,
                    161
                ],
                [
                    11,
                    164
                ],
                [
                    12,
                    164
                ],
                [
                    13,
                    165
                ],
                [
                    14,
                    165
                ],
                [
                    15,
                    166
                ],
                [
                    16,
                    166
                ],
                [
                    17,
                    167
                ],
                [
                    18,
                    167
                ],
                [
                    19,
                    168
                ],
                [
                    20,
                    168
                ],
                [
                    21,
                    169
                ],
                [
                    27,
                    169
                ],
                [
                    31,
                    173
                ],
                [
                    31,
                    174
                ],
                [
                    34,
                    177
                ],
                [
                    36,
                    177
                ],
                [
                    40,
                    181
                ],
                [
                    41,
                    181
                ],
                [
                    42,
                    182
                ],
                [
                    42,
                    185
                ],
                [
                    43,
                    186
                ],
                [
                    43,
                    193
                ],
                [
                    45,
                    193
                ],
                [
                    47,
                    195
                ],
                [
                    47,
                    196
                ],
                [
                    48,
                    197
                ],
                [
                    55,
                    197
                ],
                [
                    57,
                    199
                ],
                [
                    58,
                    199
                ],
                [
                    59,
                    200
                ],
                [
                    59,
                    201
                ],
                [
                    66,
                    201
                ],
                [
                    67,
                    202
                ],
                [
                    68,
                    202
                ],
                [
                    69,
                    201
                ],
                [
                    76,
                    201
                ],
                [
                    78,
                    203
                ],
                [
                    78,
                    204
                ],
                [
                    79,
                    205
                ],
                [
                    79,
                    207
                ],
                [
                    80,
                    208
                ],
                [
                    80,
                    209
                ],
                [
                    81,
                    209
                ],
                [
                    82,
                    210
                ],
                [
                    82,
                    211
                ],
                [
                    83,
                    212
                ],
                [
                    83,
                    214
                ],
                [
                    85,
                    216
                ],
                [
                    85,
                    217
                ],
                [
                    87,
                    219
                ],
                [
                    87,
                    221
                ],
                [
                    91,
                    225
                ],
                [
                    92,
                    225
                ],
                [
                    94,
                    227
                ],
                [
                    95,
                    227
                ],
                [
                    96,
                    228
                ],
                [
                    96,
                    229
                ],
                [
                    99,
                    229
                ],
                [
                    100,
                    230
                ],
                [
                    103,
                    230
                ],
                [
                    104,
                    231
                ],
                [
                    107,
                    231
                ],
                [
                    108,
                    232
                ],
                [
                    110,
                    232
                ],
                [
                    111,
                    233
                ],
                [
                    113,
                    233
                ],
                [
                    114,
                    234
                ],
                [
                    114,
                    237
                ],
                [
                    115,
                    238
                ],
                [
                    115,
                    241
                ],
                [
                    116,
                    242
                ],
                [
                    117,
                    242
                ],
                [
                    120,
                    245
                ],
                [
                    126,
                    245
                ],
                [
                    127,
                    246
                ],
                [
                    131,
                    246
                ],
                [
                    132,
                    247
                ],
                [
                    135,
                    247
                ],
                [
                    136,
                    248
                ],
                [
                    138,
                    248
                ],
                [
                    139,
                    249
                ],
                [
                    144,
                    249
                ],
                [
                    145,
                    250
                ],
                [
                    146,
                    250
                ],
                [
                    149,
                    253
                ],
                [
                    150,
                    253
                ],
                [
                    153,
                    256
                ],
                [
                    154,
                    256
                ],
                [
                    158,
                    260
                ],
                [
                    158,
                    261
                ],
                [
                    159,
                    261
                ],
                [
                    160,
                    262
                ],
                [
                    160,
                    264
                ],
                [
                    165,
                    269
                ],
                [
                    167,
                    269
                ],
                [
                    168,
                    270
                ],
                [
                    168,
                    271
                ],
                [
                    170,
                    273
                ],
                [
                    171,
                    273
                ],
                [
                    172,
                    274
                ],
                [
                    172,
                    276
                ],
                [
                    173,
                    277
                ],
                [
                    174,
                    277
                ],
                [
                    175,
                    278
                ],
                [
                    175,
                    279
                ],
                [
                    176,
                    280
                ],
                [
                    176,
                    281
                ],
                [
                    179,
                    284
                ],
                [
                    179,
                    285
                ],
                [
                    181,
                    287
                ],
                [
                    183,
                    287
                ],
                [
                    184,
                    286
                ],
                [
                    190,
                    286
                ],
                [
                    192,
                    288
                ],
                [
                    192,
                    289
                ],
                [
                    194,
                    289
                ],
                [
                    196,
                    291
                ],
                [
                    196,
                    292
                ],
                [
                    197,
                    293
                ],
                [
                    198,
                    293
                ],
                [
                    200,
                    295
                ],
                [
                    200,
                    296
                ],
                [
                    201,
                    296
                ],
                [
                    202,
                    297
                ],
                [
                    204,
                    297
                ],
                [
                    205,
                    298
                ],
                [
                    206,
                    298
                ],
                [
                    208,
                    300
                ],
                [
                    209,
                    300
                ],
                [
                    210,
                    301
                ],
                [
                    212,
                    301
                ],
                [
                    213,
                    302
                ],
                [
                    213,
                    303
                ],
                [
                    214,
                    304
                ],
                [
                    214,
                    306
                ],
                [
                    215,
                    307
                ],
                [
                    215,
                    309
                ],
                [
                    216,
                    310
                ],
                [
                    216,
                    312
                ],
                [
                    227,
                    312
                ],
                [
                    228,
                    313
                ],
                [
                    230,
                    313
                ],
                [
                    232,
                    315
                ],
                [
                    232,
                    321
                ],
                [
                    233,
                    321
                ],
                [
                    237,
                    325
                ],
                [
                    238,
                    325
                ],
                [
                    242,
                    329
                ],
                [
                    243,
                    329
                ],
                [
                    245,
                    331
                ],
                [
                    246,
                    331
                ],
                [
                    248,
                    333
                ],
                [
                    250,
                    333
                ],
                [
                    251,
                    334
                ],
                [
                    252,
                    334
                ],
                [
                    253,
                    335
                ],
                [
                    253,
                    336
                ],
                [
                    254,
                    336
                ],
                [
                    255,
                    337
                ],
                [
                    257,
                    337
                ],
                [
                    258,
                    338
                ],
                [
                    259,
                    338
                ],
                [
                    262,
                    341
                ],
                [
                    271,
                    341
                ],
                [
                    274,
                    344
                ],
                [
                    275,
                    344
                ],
                [
                    276,
                    345
                ],
                [
                    277,
                    345
                ],
                [
                    278,
                    346
                ],
                [
                    279,
                    346
                ],
                [
                    282,
                    349
                ],
                [
                    283,
                    349
                ],
                [
                    285,
                    351
                ],
                [
                    285,
                    353
                ],
                [
                    286,
                    353
                ],
                [
                    287,
                    354
                ],
                [
                    287,
                    355
                ],
                [
                    289,
                    357
                ],
                [
                    289,
                    358
                ],
                [
                    290,
                    359
                ],
                [
                    290,
                    360
                ],
                [
                    293,
                    363
                ],
                [
                    293,
                    364
                ],
                [
                    295,
                    366
                ],
                [
                    296,
                    366
                ],
                [
                    297,
                    367
                ],
                [
                    297,
                    368
                ],
                [
                    298,
                    368
                ],
                [
                    299,
                    369
                ],
                [
                    300,
                    369
                ],
                [
                    303,
                    372
                ],
                [
                    304,
                    372
                ],
                [
                    305,
                    373
                ],
                [
                    315,
                    373
                ],
                [
                    316,
                    374
                ],
                [
                    316,
                    377
                ],
                [
                    317,
                    378
                ],
                [
                    317,
                    385
                ],
                [
                    318,
                    386
                ],
                [
                    318,
                    387
                ],
                [
                    319,
                    388
                ],
                [
                    319,
                    389
                ],
                [
                    321,
                    391
                ],
                [
                    321,
                    393
                ],
                [
                    324,
                    396
                ],
                [
                    326,
                    396
                ],
                [
                    327,
                    397
                ],
                [
                    336,
                    397
                ],
                [
                    337,
                    398
                ],
                [
                    340,
                    398
                ],
                [
                    341,
                    399
                ],
                [
                    343,
                    399
                ],
                [
                    345,
                    401
                ],
                [
                    346,
                    401
                ],
                [
                    347,
                    402
                ],
                [
                    348,
                    402
                ],
                [
                    349,
                    403
                ],
                [
                    349,
                    404
                ],
                [
                    350,
                    404
                ],
                [
                    351,
                    405
                ],
                [
                    352,
                    405
                ],
                [
                    354,
                    407
                ],
                [
                    356,
                    407
                ],
                [
                    357,
                    406
                ],
                [
                    359,
                    406
                ],
                [
                    360,
                    405
                ],
                [
                    364,
                    405
                ],
                [
                    365,
                    406
                ],
                [
                    365,
                    416
                ],
                [
                    364,
                    417
                ],
                [
                    365,
                    418
                ],
                [
                    368,
                    418
                ],
                [
                    369,
                    419
                ],
                [
                    370,
                    419
                ],
                [
                    371,
                    420
                ],
                [
                    372,
                    420
                ],
                [
                    373,
                    421
                ],
                [
                    377,
                    421
                ],
                [
                    378,
                    420
                ],
                [
                    379,
                    420
                ],
                [
                    380,
                    419
                ],
                [
                    387,
                    419
                ],
                [
                    388,
                    420
                ],
                [
                    389,
                    420
                ],
                [
                    391,
                    422
                ],
                [
                    391,
                    423
                ],
                [
                    392,
                    424
                ],
                [
                    392,
                    425
                ],
                [
                    393,
                    426
                ],
                [
                    393,
                    427
                ],
                [
                    394,
                    428
                ],
                [
                    394,
                    430
                ],
                [
                    395,
                    431
                ],
                [
                    395,
                    433
                ],
                [
                    398,
                    436
                ],
                [
                    401,
                    436
                ],
                [
                    402,
                    437
                ],
                [
                    405,
                    437
                ],
                [
                    406,
                    438
                ],
                [
                    414,
                    438
                ],
                [
                    415,
                    437
                ],
                [
                    416,
                    437
                ],
                [
                    418,
                    439
                ],
                [
                    418,
                    442
                ],
                [
                    420,
                    444
                ],
                [
                    420,
                    445
                ],
                [
                    422,
                    447
                ],
                [
                    422,
                    450
                ],
                [
                    424,
                    450
                ],
                [
                    426,
                    452
                ],
                [
                    427,
                    452
                ],
                [
                    428,
                    453
                ],
                [
                    429,
                    453
                ],
                [
                    430,
                    454
                ],
                [
                    432,
                    454
                ],
                [
                    436,
                    458
                ],
                [
                    437,
                    458
                ],
                [
                    439,
                    460
                ],
                [
                    441,
                    460
                ],
                [
                    443,
                    462
                ],
                [
                    444,
                    462
                ],
                [
                    446,
                    464
                ],
                [
                    446,
                    467
                ],
                [
                    447,
                    468
                ],
                [
                    447,
                    469
                ],
                [
                    450,
                    472
                ],
                [
                    450,
                    473
                ],
                [
                    451,
                    474
                ],
                [
                    452,
                    474
                ],
                [
                    454,
                    476
                ],
                [
                    454,
                    477
                ],
                [
                    458,
                    481
                ],
                [
                    458,
                    482
                ],
                [
                    459,
                    481
                ],
                [
                    461,
                    481
                ],
                [
                    462,
                    480
                ],
                [
                    463,
                    480
                ],
                [
                    464,
                    479
                ],
                [
                    466,
                    479
                ],
                [
                    467,
                    478
                ],
                [
                    469,
                    480
                ],
                [
                    469,
                    482
                ],
                [
                    474,
                    487
                ],
                [
                    475,
                    487
                ],
                [
                    482,
                    494
                ],
                [
                    494,
                    494
                ],
                [
                    495,
                    493
                ],
                [
                    497,
                    493
                ],
                [
                    498,
                    492
                ],
                [
                    500,
                    494
                ],
                [
                    501,
                    494
                ],
                [
                    502,
                    495
                ],
                [
                    502,
                    496
                ],
                [
                    504,
                    498
                ],
                [
                    505,
                    498
                ],
                [
                    506,
                    499
                ],
                [
                    506,
                    500
                ],
                [
                    507,
                    501
                ],
                [
                    507,
                    502
                ],
                [
                    508,
                    503
                ],
                [
                    508,
                    506
                ],
                [
                    510,
                    508
                ],
                [
                    510,
                    510
                ],
                [
                    511,
                    510
                ],
                [
                    512,
                    511
                ],
                [
                    517,
                    511
                ],
                [
                    517,
                    342
                ],
                [
                    506,
                    342
                ],
                [
                    505,
                    341
                ],
                [
                    506,
                    340
                ],
                [
                    506,
                    335
                ],
                [
                    507,
                    334
                ],
                [
                    507,
                    333
                ],
                [
                    506,
                    333
                ],
                [
                    505,
                    332
                ],
                [
                    504,
                    332
                ],
                [
                    503,
                    331
                ],
                [
                    493,
                    331
                ],
                [
                    491,
                    329
                ],
                [
                    490,
                    329
                ],
                [
                    488,
                    327
                ],
                [
                    488,
                    325
                ],
                [
                    487,
                    324
                ],
                [
                    487,
                    322
                ],
                [
                    486,
                    321
                ],
                [
                    486,
                    317
                ],
                [
                    485,
                    317
                ],
                [
                    481,
                    313
                ],
                [
                    480,
                    313
                ],
                [
                    478,
                    311
                ],
                [
                    476,
                    311
                ],
                [
                    475,
                    310
                ],
                [
                    473,
                    310
                ],
                [
                    472,
                    309
                ],
                [
                    471,
                    310
                ],
                [
                    466,
                    310
                ],
                [
                    465,
                    311
                ],
                [
                    463,
                    311
                ],
                [
                    462,
                    310
                ],
                [
                    462,
                    309
                ],
                [
                    460,
                    309
                ],
                [
                    457,
                    306
                ],
                [
                    456,
                    306
                ],
                [
                    455,
                    305
                ],
                [
                    454,
                    305
                ],
                [
                    453,
                    304
                ],
                [
                    452,
                    304
                ],
                [
                    449,
                    301
                ],
                [
                    449,
                    291
                ],
                [
                    448,
                    291
                ],
                [
                    446,
                    289
                ],
                [
                    435,
                    289
                ],
                [
                    434,
                    290
                ],
                [
                    433,
                    290
                ],
                [
                    432,
                    289
                ],
                [
                    431,
                    289
                ],
                [
                    428,
                    286
                ],
                [
                    427,
                    286
                ],
                [
                    425,
                    284
                ],
                [
                    424,
                    284
                ],
                [
                    421,
                    281
                ],
                [
                    418,
                    281
                ],
                [
                    417,
                    280
                ],
                [
                    416,
                    280
                ],
                [
                    414,
                    278
                ],
                [
                    414,
                    276
                ],
                [
                    413,
                    275
                ],
                [
                    413,
                    270
                ],
                [
                    412,
                    269
                ],
                [
                    412,
                    264
                ],
                [
                    411,
                    264
                ],
                [
                    409,
                    262
                ],
                [
                    408,
                    262
                ],
                [
                    407,
                    261
                ],
                [
                    397,
                    261
                ],
                [
                    394,
                    258
                ],
                [
                    394,
                    257
                ],
                [
                    393,
                    257
                ],
                [
                    390,
                    254
                ],
                [
                    390,
                    253
                ],
                [
                    387,
                    253
                ],
                [
                    386,
                    252
                ],
                [
                    385,
                    252
                ],
                [
                    384,
                    251
                ],
                [
                    381,
                    251
                ],
                [
                    380,
                    250
                ],
                [
                    378,
                    250
                ],
                [
                    377,
                    249
                ],
                [
                    376,
                    249
                ],
                [
                    373,
                    246
                ],
                [
                    373,
                    245
                ],
                [
                    372,
                    245
                ],
                [
                    368,
                    241
                ],
                [
                    366,
                    241
                ],
                [
                    364,
                    239
                ],
                [
                    363,
                    239
                ],
                [
                    359,
                    235
                ],
                [
                    359,
                    234
                ],
                [
                    358,
                    233
                ],
                [
                    356,
                    233
                ],
                [
                    355,
                    232
                ],
                [
                    354,
                    232
                ],
                [
                    353,
                    231
                ],
                [
                    349,
                    231
                ],
                [
                    348,
                    232
                ],
                [
                    346,
                    232
                ],
                [
                    345,
                    233
                ],
                [
                    342,
                    233
                ],
                [
                    341,
                    232
                ],
                [
                    341,
                    229
                ],
                [
                    340,
                    229
                ],
                [
                    337,
                    226
                ],
                [
                    337,
                    225
                ],
                [
                    336,
                    224
                ],
                [
                    336,
                    212
                ],
                [
                    329,
                    205
                ],
                [
                    328,
                    205
                ],
                [
                    325,
                    202
                ],
                [
                    325,
                    201
                ],
                [
                    320,
                    201
                ],
                [
                    319,
                    200
                ],
                [
                    315,
                    200
                ],
                [
                    313,
                    198
                ],
                [
                    313,
                    197
                ],
                [
                    311,
                    197
                ],
                [
                    310,
                    196
                ],
                [
                    309,
                    196
                ],
                [
                    308,
                    195
                ],
                [
                    306,
                    195
                ],
                [
                    305,
                    194
                ],
                [
                    303,
                    194
                ],
                [
                    302,
                    193
                ],
                [
                    301,
                    193
                ],
                [
                    300,
                    192
                ],
                [
                    299,
                    192
                ],
                [
                    296,
                    189
                ],
                [
                    294,
                    189
                ],
                [
                    292,
                    187
                ],
                [
                    291,
                    187
                ],
                [
                    289,
                    185
                ],
                [
                    287,
                    185
                ],
                [
                    285,
                    183
                ],
                [
                    285,
                    181
                ],
                [
                    284,
                    180
                ],
                [
                    284,
                    179
                ],
                [
                    283,
                    178
                ],
                [
                    283,
                    177
                ],
                [
                    281,
                    175
                ],
                [
                    281,
                    174
                ],
                [
                    280,
                    173
                ],
                [
                    279,
                    173
                ],
                [
                    277,
                    171
                ],
                [
                    277,
                    170
                ],
                [
                    276,
                    169
                ],
                [
                    275,
                    169
                ],
                [
                    273,
                    167
                ],
                [
                    273,
                    166
                ],
                [
                    272,
                    165
                ],
                [
                    271,
                    165
                ],
                [
                    269,
                    163
                ],
                [
                    269,
                    162
                ],
                [
                    268,
                    161
                ],
                [
                    257,
                    161
                ],
                [
                    255,
                    159
                ],
                [
                    255,
                    158
                ],
                [
                    253,
                    156
                ],
                [
                    250,
                    156
                ],
                [
                    248,
                    154
                ],
                [
                    247,
                    154
                ],
                [
                    245,
                    152
                ],
                [
                    242,
                    152
                ],
                [
                    241,
                    151
                ],
                [
                    238,
                    151
                ],
                [
                    237,
                    150
                ],
                [
                    232,
                    150
                ],
                [
                    231,
                    149
                ],
                [
                    231,
                    147
                ],
                [
                    230,
                    146
                ],
                [
                    230,
                    143
                ],
                [
                    227,
                    140
                ],
                [
                    224,
                    140
                ],
                [
                    223,
                    139
                ],
                [
                    220,
                    139
                ],
                [
                    219,
                    138
                ],
                [
                    216,
                    138
                ],
                [
                    215,
                    137
                ],
                [
                    214,
                    137
                ],
                [
                    212,
                    135
                ],
                [
                    212,
                    132
                ],
                [
                    211,
                    132
                ],
                [
                    210,
                    131
                ],
                [
                    210,
                    130
                ],
                [
                    209,
                    129
                ],
                [
                    209,
                    128
                ],
                [
                    208,
                    127
                ],
                [
                    208,
                    126
                ],
                [
                    206,
                    124
                ],
                [
                    205,
                    124
                ],
                [
                    204,
                    123
                ],
                [
                    204,
                    122
                ],
                [
                    203,
                    121
                ],
                [
                    202,
                    121
                ],
                [
                    201,
                    120
                ],
                [
                    193,
                    120
                ],
                [
                    191,
                    118
                ],
                [
                    190,
                    118
                ],
                [
                    188,
                    116
                ],
                [
                    187,
                    116
                ],
                [
                    183,
                    112
                ],
                [
                    182,
                    112
                ],
                [
                    178,
                    108
                ],
                [
                    177,
                    108
                ],
                [
                    176,
                    107
                ],
                [
                    175,
                    107
                ],
                [
                    172,
                    104
                ],
                [
                    171,
                    104
                ],
                [
                    170,
                    103
                ],
                [
                    169,
                    103
                ],
                [
                    168,
                    102
                ],
                [
                    168,
                    101
                ],
                [
                    167,
                    101
                ],
                [
                    165,
                    99
                ],
                [
                    165,
                    97
                ],
                [
                    164,
                    96
                ],
                [
                    164,
                    94
                ],
                [
                    162,
                    92
                ],
                [
                    161,
                    92
                ],
                [
                    160,
                    91
                ],
                [
                    160,
                    90
                ],
                [
                    159,
                    89
                ],
                [
                    155,
                    89
                ],
                [
                    154,
                    90
                ],
                [
                    152,
                    90
                ],
                [
                    149,
                    87
                ],
                [
                    149,
                    86
                ],
                [
                    148,
                    85
                ],
                [
                    148,
                    84
                ],
                [
                    139,
                    84
                ],
                [
                    138,
                    83
                ],
                [
                    138,
                    82
                ],
                [
                    137,
                    81
                ],
                [
                    137,
                    80
                ],
                [
                    136,
                    79
                ],
                [
                    136,
                    76
                ],
                [
                    135,
                    76
                ],
                [
                    131,
                    72
                ],
                [
                    128,
                    72
                ],
                [
                    127,
                    73
                ],
                [
                    126,
                    73
                ],
                [
                    124,
                    75
                ],
                [
                    121,
                    75
                ],
                [
                    120,
                    76
                ],
                [
                    117,
                    76
                ],
                [
                    116,
                    75
                ],
                [
                    116,
                    59
                ],
                [
                    115,
                    58
                ],
                [
                    115,
                    56
                ],
                [
                    114,
                    55
                ],
                [
                    113,
                    55
                ],
                [
                    110,
                    52
                ],
                [
                    109,
                    52
                ],
                [
                    108,
                    51
                ],
                [
                    107,
                    51
                ],
                [
                    106,
                    52
                ],
                [
                    105,
                    52
                ],
                [
                    103,
                    54
                ],
                [
                    101,
                    54
                ],
                [
                    100,
                    53
                ],
                [
                    98,
                    53
                ],
                [
                    97,
                    52
                ],
                [
                    92,
                    52
                ],
                [
                    91,
                    51
                ],
                [
                    88,
                    51
                ],
                [
                    87,
                    50
                ],
                [
                    87,
                    48
                ],
                [
                    86,
                    48
                ],
                [
                    83,
                    45
                ],
                [
                    83,
                    44
                ],
                [
                    80,
                    41
                ],
                [
                    80,
                    40
                ],
                [
                    77,
                    37
                ],
                [
                    76,
                    37
                ],
                [
                    75,
                    36
                ],
                [
                    72,
                    36
                ],
                [
                    69,
                    33
                ],
                [
                    69,
                    32
                ],
                [
                    68,
                    32
                ],
                [
                    67,
                    31
                ],
                [
                    67,
                    29
                ],
                [
                    66,
                    28
                ],
                [
                    65,
                    28
                ],
                [
                    64,
                    27
                ],
                [
                    64,
                    26
                ],
                [
                    63,
                    25
                ],
                [
                    63,
                    24
                ],
                [
                    62,
                    24
                ],
                [
                    61,
                    23
                ],
                [
                    61,
                    22
                ],
                [
                    60,
                    22
                ],
                [
                    59,
                    21
                ],
                [
                    56,
                    21
                ],
                [
                    55,
                    20
                ],
                [
                    51,
                    20
                ],
                [
                    50,
                    19
                ],
                [
                    48,
                    19
                ],
                [
                    46,
                    17
                ],
                [
                    45,
                    17
                ],
                [
                    44,
                    16
                ],
                [
                    40,
                    16
                ],
                [
                    39,
                    15
                ],
                [
                    36,
                    15
                ],
                [
                    33,
                    12
                ],
                [
                    32,
                    12
                ],
                [
                    31,
                    11
                ],
                [
                    31,
                    10
                ],
                [
                    29,
                    8
                ],
                [
                    29,
                    4
                ],
                [
                    30,
                    3
                ],
                [
                    30,
                    2
                ],
                [
                    29,
                    2
                ],
                [
                    27,
                    0
                ]
            ],
            "group_id": null,
            "shape_type": "polygon",
            "flags": {}
        }
    ],
    "imagePath": "",
    "imageData": null,
    "imageHeight": 512,
    "imageWidth": 518
}