{
    "version": "4.5.6",
    "flags": {},
    "shapes": [
        {
            "label": "particle",
            "points": [
                [
                    143,
                    266
                ],
                [
                    142,
                    267
                ],
                [
                    141,
                    267
                ],
                [
                    140,
                    268
                ],
                [
                    139,
                    268
                ],
                [
                    137,
                    270
                ],
                [
                    136,
                    270
                ],
                [
                    135,
                    271
                ],
                [
                    133,
                    271
                ],
                [
                    132,
                    272
                ],
                [
                    131,
                    272
                ],
                [
                    131,
                    273
                ],
                [
                    129,
                    275
                ],
                [
                    127,
                    275
                ],
                [
                    127,
                    276
                ],
                [
                    126,
                    277
                ],
                [
                    125,
                    277
                ],
                [
                    123,
                    279
                ],
                [
                    122,
                    279
                ],
                [
                    120,
                    281
                ],
                [
                    119,
                    281
                ],
                [
                    119,
                    282
                ],
                [
                    118,
                    283
                ],
                [
                    116,
                    283
                ],
                [
                    115,
                    284
                ],
                [
                    115,
                    285
                ],
                [
                    114,
                    286
                ],
                [
                    113,
                    286
                ],
                [
                    112,
                    287
                ],
                [
                    111,
                    287
                ],
                [
                    111,
                    288
                ],
                [
                    110,
                    289
                ],
                [
                    109,
                    289
                ],
                [
                    106,
                    292
                ],
                [
                    105,
                    292
                ],
                [
                    102,
                    295
                ],
                [
                    101,
                    295
                ],
                [
                    100,
                    296
                ],
                [
                    99,
                    296
                ],
                [
                    99,
                    297
                ],
                [
                    98,
                    298
                ],
                [
                    97,
                    298
                ],
                [
                    96,
                    299
                ],
                [
                    95,
                    299
                ],
                [
                    94,
                    300
                ],
                [
                    94,
                    301
                ],
                [
                    92,
                    303
                ],
                [
                    91,
                    303
                ],
                [
                    91,
                    305
                ],
                [
                    89,
                    307
                ],
                [
                    88,
                    307
                ],
                [
                    89,
                    308
                ],
                [
                    89,
                    316
                ],
                [
                    88,
                    317
                ],
                [
                    88,
                    318
                ],
                [
                    87,
                    319
                ],
                [
                    87,
                    321
                ],
                [
                    86,
                    322
                ],
                [
                    86,
                    323
                ],
                [
                    85,
                    324
                ],
                [
                    85,
                    325
                ],
                [
                    84,
                    326
                ],
                [
                    84,
                    327
                ],
                [
                    83,
                    328
                ],
                [
                    83,
                    330
                ],
                [
                    81,
                    332
                ],
                [
                    81,
                    333
                ],
                [
                    80,
                    334
                ],
                [
                    80,
                    335
                ],
                [
                    79,
                    336
                ],
                [
                    79,
                    337
                ],
                [
                    78,
                    338
                ],
                [
                    78,
                    343
                ],
                [
                    77,
                    344
                ],
                [
                    77,
                    347
                ],
                [
                    76,
                    348
                ],
                [
                    76,
                    351
                ],
                [
                    75,
                    352
                ],
                [
                    75,
                    355
                ],
                [
                    74,
                    356
                ],
                [
                    74,
                    372
                ],
                [
                    75,
                    373
                ],
                [
                    75,
                    377
                ],
                [
                    76,
                    378
                ],
                [
                    76,
                    380
                ],
                [
                    77,
                    381
                ],
                [
                    77,
                    384
                ],
                [
                    78,
                    385
                ],
                [
                    78,
                    390
                ],
                [
                    80,
                    392
                ],
                [
                    80,
                    393
                ],
                [
                    82,
                    395
                ],
                [
                    82,
                    396
                ],
                [
                    83,
                    397
                ],
                [
                    83,
                    398
                ],
                [
                    84,
                    399
                ],
                [
                    84,
                    400
                ],
                [
                    86,
                    402
                ],
                [
                    86,
                    403
                ],
                [
                    87,
                    404
                ],
                [
                    87,
                    405
                ],
                [
                    88,
                    406
                ],
                [
                    88,
                    407
                ],
                [
                    89,
                    408
                ],
                [
                    89,
                    409
                ],
                [
                    90,
                    409
                ],
                [
                    91,
                    410
                ],
                [
                    91,
                    411
                ],
                [
                    93,
                    413
                ],
                [
                    94,
                    413
                ],
                [
                    95,
                    414
                ],
                [
                    95,
                    415
                ],
                [
                    97,
                    417
                ],
                [
                    98,
                    417
                ],
                [
                    99,
                    418
                ],
                [
                    99,
                    419
                ],
                [
                    101,
                    421
                ],
                [
                    102,
                    421
                ],
                [
                    103,
                    422
                ],
                [
                    103,
                    423
                ],
                [
                    105,
                    425
                ],
                [
                    106,
                    425
                ],
                [
                    108,
                    427
                ],
                [
                    109,
                    427
                ],
                [
                    111,
                    429
                ],
                [
                    112,
                    429
                ],
                [
                    113,
                    430
                ],
                [
                    114,
                    430
                ],
                [
                    115,
                    431
                ],
                [
                    115,
                    432
                ],
                [
                    116,
                    432
                ],
                [
                    117,
                    433
                ],
                [
                    118,
                    433
                ],
                [
                    121,
                    436
                ],
                [
                    122,
                    436
                ],
                [
                    123,
                    437
                ],
                [
                    127,
                    437
                ],
                [
                    128,
                    438
                ],
                [
                    130,
                    438
                ],
                [
                    131,
                    439
                ],
                [
                    132,
                    439
                ],
                [
                    133,
                    440
                ],
                [
                    134,
                    440
                ],
                [
                    135,
                    441
                ],
                [
                    138,
                    441
                ],
                [
                    139,
                    442
                ],
                [
                    147,
                    442
                ],
                [
                    148,
                    441
                ],
                [
                    163,
                    441
                ],
                [
                    164,
                    440
                ],
                [
                    170,
                    440
                ],
                [
                    171,
                    439
                ],
                [
                    176,
                    439
                ],
                [
                    177,
                    438
                ],
                [
                    179,
                    438
                ],
                [
                    180,
                    437
                ],
                [
                    183,
                    437
                ],
                [
                    185,
                    435
                ],
                [
                    187,
                    435
                ],
                [
                    189,
                    433
                ],
                [
                    192,
                    433
                ],
                [
                    193,
                    432
                ],
                [
                    195,
                    432
                ],
                [
                    197,
                    430
                ],
                [
                    198,
                    430
                ],
                [
                    199,
                    429
                ],
                [
                    200,
                    429
                ],
                [
                    200,
                    428
                ],
                [
                    203,
                    425
                ],
                [
                    204,
                    425
                ],
                [
                    204,
                    424
                ],
                [
                    206,
                    422
                ],
                [
                    207,
                    422
                ],
                [
                    216,
                    413
                ],
                [
                    216,
                    412
                ],
                [
                    217,
                    411
                ],
                [
                    217,
                    410
                ],
                [
                    219,
                    408
                ],
                [
                    219,
                    407
                ],
                [
                    220,
                    406
                ],
                [
                    220,
                    405
                ],
                [
                    221,
                    404
                ],
                [
                    221,
                    403
                ],
                [
                    224,
                    400
                ],
                [
                    224,
                    398
                ],
                [
                    226,
                    396
                ],
                [
                    226,
                    395
                ],
                [
                    228,
                    393
                ],
                [
                    228,
                    388
                ],
                [
                    229,
                    387
                ],
                [
                    229,
                    385
                ],
                [
                    230,
                    384
                ],
                [
                    230,
                    382
                ],
                [
                    231,
                    381
                ],
                [
                    231,
                    379
                ],
                [
                    232,
                    378
                ],
                [
                    232,
                    369
                ],
                [
                    233,
                    368
                ],
                [
                    233,
                    357
                ],
                [
                    234,
                    356
                ],
                [
                    234,
                    351
                ],
                [
                    233,
                    350
                ],
                [
                    233,
                    347
                ],
                [
                    232,
                    346
                ],
                [
                    232,
                    340
                ],
                [
                    231,
                    339
                ],
                [
                    231,
                    336
                ],
                [
                    230,
                    335
                ],
                [
                    230,
                    332
                ],
                [
                    228,
                    330
                ],
                [
                    228,
                    328
                ],
                [
                    227,
                    327
                ],
                [
                    227,
                    325
                ],
                [
                    225,
                    323
                ],
                [
                    225,
                    322
                ],
                [
                    224,
                    321
                ],
                [
                    224,
                    320
                ],
                [
                    223,
                    319
                ],
                [
                    223,
                    318
                ],
                [
                    210,
                    305
                ],
                [
                    210,
                    304
                ],
                [
                    208,
                    302
                ],
                [
                    208,
                    301
                ],
                [
                    205,
                    298
                ],
                [
                    205,
                    296
                ],
                [
                    202,
                    293
                ],
                [
                    202,
                    292
                ],
                [
                    201,
                    291
                ],
                [
                    201,
                    290
                ],
                [
                    200,
                    289
                ],
                [
                    200,
                    288
                ],
                [
                    199,
                    288
                ],
                [
                    198,
                    287
                ],
                [
                    198,
                    286
                ],
                [
                    196,
                    284
                ],
                [
                    196,
                    283
                ],
                [
                    194,
                    281
                ],
                [
                    194,
                    280
                ],
                [
                    193,
                    279
                ],
                [
                    192,
                    279
                ],
                [
                    190,
                    277
                ],
                [
                    189,
                    277
                ],
                [
                    187,
                    275
                ],
                [
                    185,
                    275
                ],
                [
                    183,
                    273
                ],
                [
                    182,
                    273
                ],
                [
                    180,
                    271
                ],
                [
                    177,
                    271
                ],
                [
                    176,
                    270
                ],
                [
                    174,
                    270
                ],
                [
                    172,
                    268
                ],
                [
                    170,
                    268
                ],
                [
                    169,
                    267
                ],
                [
                    157,
                    267
                ],
                [
                    156,
                    268
                ],
                [
                    155,
                    268
                ],
                [
                    154,
                    269
                ],
                [
                    153,
                    269
                ],
                [
                    152,
                    270
                ],
                [
                    151,
                    270
                ],
                [
                    150,
                    271
                ],
                [
                    146,
                    267
                ],
                [
                    145,
                    267
                ],
                [
                    144,
                    266
                ]
            ],
            "group_id": null,
            "shape_type": "polygon",
            "flags": {}
        },
        {
            "label": "particle",
            "points": [
                [
                    290,
                    59
                ],
                [
                    289,
                    60
                ],
                [
                    287,
                    60
                ],
                [
                    286,
                    61
                ],
                [
                    280,
                    61
                ],
                [
                    279,
                    62
                ],
                [
                    277,
                    62
                ],
                [
                    276,
                    63
                ],
                [
                    275,
                    63
                ],
                [
                    274,
                    64
                ],
                [
                    272,
                    64
                ],
                [
                    271,
                    65
                ],
                [
                    267,
                    65
                ],
                [
                    266,
                    66
                ],
                [
                    265,
                    66
                ],
                [
                    264,
                    67
                ],
                [
                    262,
                    67
                ],
                [
                    261,
                    68
                ],
                [
                    260,
                    68
                ],
                [
                    259,
                    69
                ],
                [
                    255,
                    69
                ],
                [
                    253,
                    71
                ],
                [
                    252,
                    71
                ],
                [
                    251,
                    72
                ],
                [
                    250,
                    72
                ],
                [
                    249,
                    73
                ],
                [
                    248,
                    73
                ],
                [
                    247,
                    74
                ],
                [
                    246,
                    74
                ],
                [
                    243,
                    77
                ],
                [
                    241,
                    77
                ],
                [
                    240,
                    78
                ],
                [
                    239,
                    78
                ],
                [
                    236,
                    81
                ],
                [
                    234,
                    81
                ],
                [
                    234,
                    82
                ],
                [
                    233,
                    83
                ],
                [
                    232,
                    83
                ],
                [
                    230,
                    85
                ],
                [
                    229,
                    85
                ],
                [
                    227,
                    87
                ],
                [
                    226,
                    87
                ],
                [
                    226,
                    88
                ],
                [
                    225,
                    89
                ],
                [
                    223,
                    89
                ],
                [
                    219,
                    93
                ],
                [
                    218,
                    93
                ],
                [
                    218,
                    94
                ],
                [
                    215,
                    97
                ],
                [
                    214,
                    97
                ],
                [
                    214,
                    98
                ],
                [
                    211,
                    101
                ],
                [
                    210,
                    101
                ],
                [
                    210,
                    102
                ],
                [
                    206,
                    106
                ],
                [
                    206,
                    108
                ],
                [
                    205,
                    109
                ],
                [
                    204,
                    109
                ],
                [
                    204,
                    110
                ],
                [
                    202,
                    112
                ],
                [
                    202,
                    113
                ],
                [
                    198,
                    117
                ],
                [
                    198,
                    119
                ],
                [
                    197,
                    120
                ],
                [
                    197,
                    121
                ],
                [
                    196,
                    122
                ],
                [
                    195,
                    122
                ],
                [
                    195,
                    123
                ],
                [
                    193,
                    125
                ],
                [
                    193,
                    127
                ],
                [
                    189,
                    131
                ],
                [
                    189,
                    134
                ],
                [
                    188,
                    135
                ],
                [
                    188,
                    137
                ],
                [
                    186,
                    139
                ],
                [
                    186,
                    141
                ],
                [
                    185,
                    142
                ],
                [
                    185,
                    144
                ],
                [
                    183,
                    146
                ],
                [
                    183,
                    147
                ],
                [
                    182,
                    148
                ],
                [
                    182,
                    149
                ],
                [
                    181,
                    150
                ],
                [
                    181,
                    151
                ],
                [
                    180,
                    152
                ],
                [
                    180,
                    153
                ],
                [
                    179,
                    154
                ],
                [
                    179,
                    155
                ],
                [
                    178,
                    156
                ],
                [
                    178,
                    158
                ],
                [
                    177,
                    159
                ],
                [
                    177,
                    163
                ],
                [
                    176,
                    164
                ],
                [
                    176,
                    166
                ],
                [
                    175,
                    167
                ],
                [
                    175,
                    169
                ],
                [
                    174,
                    170
                ],
                [
                    174,
                    172
                ],
                [
                    173,
                    173
                ],
                [
                    173,
                    177
                ],
                [
                    172,
                    178
                ],
                [
                    172,
                    181
                ],
                [
                    171,
                    182
                ],
                [
                    171,
                    184
                ],
                [
                    170,
                    185
                ],
                [
                    170,
                    188
                ],
                [
                    169,
                    189
                ],
                [
                    169,
                    205
                ],
                [
                    170,
                    206
                ],
                [
                    170,
                    210
                ],
                [
                    171,
                    211
                ],
                [
                    171,
                    215
                ],
                [
                    172,
                    216
                ],
                [
                    172,
                    218
                ],
                [
                    173,
                    219
                ],
                [
                    173,
                    224
                ],
                [
                    174,
                    225
                ],
                [
                    174,
                    227
                ],
                [
                    175,
                    228
                ],
                [
                    175,
                    230
                ],
                [
                    176,
                    231
                ],
                [
                    176,
                    232
                ],
                [
                    177,
                    233
                ],
                [
                    177,
                    238
                ],
                [
                    178,
                    239
                ],
                [
                    178,
                    240
                ],
                [
                    179,
                    241
                ],
                [
                    179,
                    243
                ],
                [
                    180,
                    244
                ],
                [
                    180,
                    245
                ],
                [
                    181,
                    246
                ],
                [
                    181,
                    250
                ],
                [
                    182,
                    251
                ],
                [
                    182,
                    252
                ],
                [
                    183,
                    253
                ],
                [
                    183,
                    255
                ],
                [
                    184,
                    256
                ],
                [
                    184,
                    257
                ],
                [
                    185,
                    258
                ],
                [
                    185,
                    262
                ],
                [
                    187,
                    264
                ],
                [
                    187,
                    265
                ],
                [
                    188,
                    266
                ],
                [
                    188,
                    267
                ],
                [
                    189,
                    268
                ],
                [
                    189,
                    270
                ],
                [
                    190,
                    271
                ],
                [
                    190,
                    272
                ],
                [
                    191,
                    273
                ],
                [
                    191,
                    274
                ],
                [
                    193,
                    276
                ],
                [
                    193,
                    278
                ],
                [
                    196,
                    281
                ],
                [
                    196,
                    282
                ],
                [
                    198,
                    284
                ],
                [
                    198,
                    285
                ],
                [
                    199,
                    286
                ],
                [
                    199,
                    287
                ],
                [
                    200,
                    287
                ],
                [
                    201,
                    288
                ],
                [
                    201,
                    289
                ],
                [
                    202,
                    290
                ],
                [
                    202,
                    291
                ],
                [
                    203,
                    292
                ],
                [
                    203,
                    293
                ],
                [
                    206,
                    296
                ],
                [
                    206,
                    298
                ],
                [
                    210,
                    302
                ],
                [
                    210,
                    303
                ],
                [
                    214,
                    307
                ],
                [
                    214,
                    308
                ],
                [
                    224,
                    318
                ],
                [
                    224,
                    319
                ],
                [
                    225,
                    319
                ],
                [
                    226,
                    320
                ],
                [
                    226,
                    323
                ],
                [
                    228,
                    325
                ],
                [
                    228,
                    326
                ],
                [
                    230,
                    328
                ],
                [
                    231,
                    328
                ],
                [
                    232,
                    329
                ],
                [
                    233,
                    329
                ],
                [
                    234,
                    330
                ],
                [
                    234,
                    331
                ],
                [
                    237,
                    331
                ],
                [
                    239,
                    333
                ],
                [
                    240,
                    333
                ],
                [
                    242,
                    335
                ],
                [
                    244,
                    335
                ],
                [
                    245,
                    336
                ],
                [
                    247,
                    336
                ],
                [
                    248,
                    337
                ],
                [
                    249,
                    337
                ],
                [
                    251,
                    339
                ],
                [
                    252,
                    339
                ],
                [
                    253,
                    340
                ],
                [
                    257,
                    340
                ],
                [
                    258,
                    341
                ],
                [
                    261,
                    341
                ],
                [
                    262,
                    342
                ],
                [
                    265,
                    342
                ],
                [
                    266,
                    343
                ],
                [
                    269,
                    343
                ],
                [
                    270,
                    344
                ],
                [
                    279,
                    344
                ],
                [
                    280,
                    345
                ],
                [
                    285,
                    345
                ],
                [
                    286,
                    346
                ],
                [
                    291,
                    346
                ],
                [
                    292,
                    347
                ],
                [
                    298,
                    347
                ],
                [
                    299,
                    346
                ],
                [
                    301,
                    346
                ],
                [
                    302,
                    345
                ],
                [
                    304,
                    345
                ],
                [
                    305,
                    344
                ],
                [
                    311,
                    344
                ],
                [
                    312,
                    343
                ],
                [
                    315,
                    343
                ],
                [
                    316,
                    342
                ],
                [
                    331,
                    342
                ],
                [
                    333,
                    340
                ],
                [
                    336,
                    340
                ],
                [
                    337,
                    339
                ],
                [
                    339,
                    339
                ],
                [
                    341,
                    337
                ],
                [
                    343,
                    337
                ],
                [
                    344,
                    336
                ],
                [
                    348,
                    336
                ],
                [
                    349,
                    335
                ],
                [
                    350,
                    335
                ],
                [
                    351,
                    334
                ],
                [
                    352,
                    334
                ],
                [
                    353,
                    333
                ],
                [
                    355,
                    333
                ],
                [
                    356,
                    332
                ],
                [
                    357,
                    332
                ],
                [
                    358,
                    331
                ],
                [
                    362,
                    331
                ],
                [
                    363,
                    330
                ],
                [
                    364,
                    330
                ],
                [
                    366,
                    328
                ],
                [
                    367,
                    328
                ],
                [
                    368,
                    327
                ],
                [
                    370,
                    327
                ],
                [
                    371,
                    326
                ],
                [
                    372,
                    326
                ],
                [
                    372,
                    325
                ],
                [
                    374,
                    323
                ],
                [
                    375,
                    323
                ],
                [
                    376,
                    322
                ],
                [
                    376,
                    320
                ],
                [
                    377,
                    319
                ],
                [
                    378,
                    319
                ],
                [
                    378,
                    318
                ],
                [
                    380,
                    316
                ],
                [
                    380,
                    315
                ],
                [
                    385,
                    310
                ],
                [
                    385,
                    309
                ],
                [
                    387,
                    307
                ],
                [
                    388,
                    307
                ],
                [
                    388,
                    306
                ],
                [
                    391,
                    303
                ],
                [
                    392,
                    303
                ],
                [
                    392,
                    302
                ],
                [
                    395,
                    299
                ],
                [
                    396,
                    299
                ],
                [
                    396,
                    298
                ],
                [
                    399,
                    295
                ],
                [
                    400,
                    295
                ],
                [
                    400,
                    294
                ],
                [
                    403,
                    291
                ],
                [
                    404,
                    291
                ],
                [
                    404,
                    289
                ],
                [
                    409,
                    284
                ],
                [
                    409,
                    283
                ],
                [
                    410,
                    282
                ],
                [
                    410,
                    281
                ],
                [
                    412,
                    279
                ],
                [
                    413,
                    279
                ],
                [
                    413,
                    277
                ],
                [
                    417,
                    273
                ],
                [
                    417,
                    272
                ],
                [
                    420,
                    269
                ],
                [
                    420,
                    268
                ],
                [
                    421,
                    267
                ],
                [
                    421,
                    266
                ],
                [
                    422,
                    265
                ],
                [
                    422,
                    264
                ],
                [
                    424,
                    262
                ],
                [
                    424,
                    261
                ],
                [
                    425,
                    260
                ],
                [
                    425,
                    258
                ],
                [
                    426,
                    257
                ],
                [
                    426,
                    256
                ],
                [
                    428,
                    254
                ],
                [
                    428,
                    253
                ],
                [
                    429,
                    252
                ],
                [
                    429,
                    250
                ],
                [
                    430,
                    249
                ],
                [
                    430,
                    248
                ],
                [
                    432,
                    246
                ],
                [
                    432,
                    244
                ],
                [
                    433,
                    243
                ],
                [
                    433,
                    239
                ],
                [
                    434,
                    238
                ],
                [
                    434,
                    236
                ],
                [
                    435,
                    235
                ],
                [
                    435,
                    234
                ],
                [
                    436,
                    233
                ],
                [
                    436,
                    232
                ],
                [
                    437,
                    231
                ],
                [
                    437,
                    226
                ],
                [
                    438,
                    225
                ],
                [
                    438,
                    222
                ],
                [
                    439,
                    221
                ],
                [
                    439,
                    215
                ],
                [
                    440,
                    214
                ],
                [
                    440,
                    210
                ],
                [
                    441,
                    209
                ],
                [
                    441,
                    187
                ],
                [
                    442,
                    186
                ],
                [
                    442,
                    181
                ],
                [
                    443,
                    180
                ],
                [
                    443,
                    179
                ],
                [
                    444,
                    178
                ],
                [
                    444,
                    172
                ],
                [
                    443,
                    171
                ],
                [
                    443,
                    169
                ],
                [
                    442,
                    168
                ],
                [
                    442,
                    167
                ],
                [
                    439,
                    164
                ],
                [
                    439,
                    163
                ],
                [
                    437,
                    161
                ],
                [
                    437,
                    156
                ],
                [
                    436,
                    155
                ],
                [
                    436,
                    153
                ],
                [
                    435,
                    152
                ],
                [
                    435,
                    150
                ],
                [
                    434,
                    149
                ],
                [
                    434,
                    147
                ],
                [
                    433,
                    146
                ],
                [
                    433,
                    143
                ],
                [
                    432,
                    142
                ],
                [
                    432,
                    141
                ],
                [
                    431,
                    140
                ],
                [
                    431,
                    139
                ],
                [
                    430,
                    138
                ],
                [
                    430,
                    137
                ],
                [
                    429,
                    136
                ],
                [
                    429,
                    133
                ],
                [
                    428,
                    132
                ],
                [
                    428,
                    131
                ],
                [
                    425,
                    128
                ],
                [
                    425,
                    126
                ],
                [
                    422,
                    123
                ],
                [
                    422,
                    122
                ],
                [
                    421,
                    121
                ],
                [
                    421,
                    120
                ],
                [
                    419,
                    118
                ],
                [
                    419,
                    117
                ],
                [
                    418,
                    117
                ],
                [
                    417,
                    116
                ],
                [
                    417,
                    113
                ],
                [
                    416,
                    113
                ],
                [
                    415,
                    112
                ],
                [
                    415,
                    111
                ],
                [
                    413,
                    109
                ],
                [
                    413,
                    108
                ],
                [
                    409,
                    104
                ],
                [
                    409,
                    103
                ],
                [
                    407,
                    101
                ],
                [
                    406,
                    101
                ],
                [
                    405,
                    100
                ],
                [
                    405,
                    99
                ],
                [
                    404,
                    98
                ],
                [
                    404,
                    97
                ],
                [
                    403,
                    97
                ],
                [
                    400,
                    94
                ],
                [
                    400,
                    93
                ],
                [
                    396,
                    89
                ],
                [
                    395,
                    89
                ],
                [
                    394,
                    88
                ],
                [
                    393,
                    88
                ],
                [
                    392,
                    87
                ],
                [
                    392,
                    86
                ],
                [
                    391,
                    86
                ],
                [
                    390,
                    85
                ],
                [
                    389,
                    85
                ],
                [
                    385,
                    81
                ],
                [
                    384,
                    81
                ],
                [
                    382,
                    79
                ],
                [
                    381,
                    79
                ],
                [
                    379,
                    77
                ],
                [
                    377,
                    77
                ],
                [
                    374,
                    74
                ],
                [
                    373,
                    74
                ],
                [
                    372,
                    73
                ],
                [
                    371,
                    73
                ],
                [
                    370,
                    72
                ],
                [
                    369,
                    72
                ],
                [
                    366,
                    69
                ],
                [
                    364,
                    69
                ],
                [
                    363,
                    68
                ],
                [
                    362,
                    68
                ],
                [
                    360,
                    66
                ],
                [
                    359,
                    66
                ],
                [
                    358,
                    65
                ],
                [
                    355,
                    65
                ],
                [
                    354,
                    64
                ],
                [
                    353,
                    64
                ],
                [
                    352,
                    63
                ],
                [
                    351,
                    63
                ],
                [
                    350,
                    62
                ],
                [
                    349,
                    62
                ],
                [
                    348,
                    61
                ],
                [
                    345,
                    61
                ],
                [
                    344,
                    60
                ],
                [
                    332,
                    60
                ],
                [
                    331,
                    59
                ]
            ],
            "group_id": null,
            "shape_type": "polygon",
            "flags": {}
        }
    ],
    "imagePath": "",
    "imageData": null,
    "imageHeight": 512,
    "imageWidth": 517
}