{
    "version": "4.5.6",
    "flags": {},
    "shapes": [
        {
            "label": "particle",
            "points": [
                [
                    463,
                    20
                ],
                [
                    462,
                    21
                ],
                [
                    459,
                    21
                ],
                [
                    458,
                    22
                ],
                [
                    451,
                    22
                ],
                [
                    447,
                    26
                ],
                [
                    445,
                    26
                ],
                [
                    441,
                    30
                ],
                [
                    440,
                    30
                ],
                [
                    439,
                    31
                ],
                [
                    438,
                    31
                ],
                [
                    437,
                    32
                ],
                [
                    436,
                    32
                ],
                [
                    434,
                    34
                ],
                [
                    432,
                    34
                ],
                [
                    431,
                    35
                ],
                [
                    431,
                    37
                ],
                [
                    430,
                    38
                ],
                [
                    430,
                    39
                ],
                [
                    426,
                    43
                ],
                [
                    425,
                    43
                ],
                [
                    424,
                    44
                ],
                [
                    424,
                    45
                ],
                [
                    421,
                    48
                ],
                [
                    421,
                    50
                ],
                [
                    419,
                    52
                ],
                [
                    419,
                    54
                ],
                [
                    418,
                    55
                ],
                [
                    418,
                    62
                ],
                [
                    417,
                    63
                ],
                [
                    417,
                    74
                ],
                [
                    418,
                    75
                ],
                [
                    418,
                    80
                ],
                [
                    419,
                    81
                ],
                [
                    419,
                    84
                ],
                [
                    420,
                    85
                ],
                [
                    420,
                    86
                ],
                [
                    421,
                    87
                ],
                [
                    421,
                    88
                ],
                [
                    422,
                    89
                ],
                [
                    422,
                    90
                ],
                [
                    423,
                    91
                ],
                [
                    423,
                    92
                ],
                [
                    424,
                    93
                ],
                [
                    424,
                    95
                ],
                [
                    427,
                    98
                ],
                [
                    427,
                    99
                ],
                [
                    432,
                    104
                ],
                [
                    432,
                    105
                ],
                [
                    433,
                    106
                ],
                [
                    433,
                    107
                ],
                [
                    434,
                    108
                ],
                [
                    434,
                    109
                ],
                [
                    436,
                    111
                ],
                [
                    436,
                    112
                ],
                [
                    437,
                    112
                ],
                [
                    438,
                    113
                ],
                [
                    439,
                    113
                ],
                [
                    440,
                    114
                ],
                [
                    441,
                    114
                ],
                [
                    442,
                    115
                ],
                [
                    443,
                    115
                ],
                [
                    445,
                    117
                ],
                [
                    448,
                    117
                ],
                [
                    449,
                    118
                ],
                [
                    453,
                    118
                ],
                [
                    454,
                    119
                ],
                [
                    459,
                    119
                ],
                [
                    460,
                    120
                ],
                [
                    464,
                    120
                ],
                [
                    465,
                    121
                ],
                [
                    476,
                    121
                ],
                [
                    477,
                    120
                ],
                [
                    480,
                    120
                ],
                [
                    481,
                    119
                ],
                [
                    484,
                    119
                ],
                [
                    485,
                    118
                ],
                [
                    488,
                    118
                ],
                [
                    489,
                    117
                ],
                [
                    491,
                    117
                ],
                [
                    492,
                    116
                ],
                [
                    493,
                    116
                ],
                [
                    494,
                    115
                ],
                [
                    494,
                    114
                ],
                [
                    495,
                    113
                ],
                [
                    497,
                    113
                ],
                [
                    501,
                    109
                ],
                [
                    502,
                    109
                ],
                [
                    504,
                    107
                ],
                [
                    504,
                    106
                ],
                [
                    505,
                    105
                ],
                [
                    506,
                    105
                ],
                [
                    506,
                    104
                ],
                [
                    507,
                    103
                ],
                [
                    507,
                    102
                ],
                [
                    509,
                    100
                ],
                [
                    510,
                    100
                ],
                [
                    510,
                    98
                ],
                [
                    513,
                    95
                ],
                [
                    513,
                    94
                ],
                [
                    515,
                    92
                ],
                [
                    515,
                    90
                ],
                [
                    518,
                    87
                ],
                [
                    518,
                    86
                ],
                [
                    519,
                    85
                ],
                [
                    519,
                    81
                ],
                [
                    520,
                    80
                ],
                [
                    520,
                    67
                ],
                [
                    519,
                    66
                ],
                [
                    519,
                    59
                ],
                [
                    517,
                    57
                ],
                [
                    517,
                    55
                ],
                [
                    515,
                    53
                ],
                [
                    515,
                    49
                ],
                [
                    514,
                    48
                ],
                [
                    514,
                    47
                ],
                [
                    513,
                    47
                ],
                [
                    512,
                    46
                ],
                [
                    512,
                    45
                ],
                [
                    511,
                    44
                ],
                [
                    511,
                    43
                ],
                [
                    510,
                    42
                ],
                [
                    510,
                    41
                ],
                [
                    509,
                    40
                ],
                [
                    509,
                    39
                ],
                [
                    507,
                    37
                ],
                [
                    507,
                    36
                ],
                [
                    506,
                    35
                ],
                [
                    506,
                    34
                ],
                [
                    504,
                    34
                ],
                [
                    502,
                    32
                ],
                [
                    502,
                    31
                ],
                [
                    501,
                    31
                ],
                [
                    500,
                    30
                ],
                [
                    499,
                    30
                ],
                [
                    495,
                    26
                ],
                [
                    492,
                    26
                ],
                [
                    490,
                    24
                ],
                [
                    488,
                    24
                ],
                [
                    487,
                    23
                ],
                [
                    486,
                    23
                ],
                [
                    485,
                    22
                ],
                [
                    482,
                    22
                ],
                [
                    481,
                    21
                ],
                [
                    478,
                    21
                ],
                [
                    477,
                    20
                ]
            ],
            "group_id": null,
            "shape_type": "polygon",
            "flags": {}
        },
        {
            "label": "particle",
            "points": [
                [
                    364,
                    169
                ],
                [
                    363,
                    170
                ],
                [
                    359,
                    170
                ],
                [
                    358,
                    171
                ],
                [
                    355,
                    171
                ],
                [
                    354,
                    172
                ],
                [
                    352,
                    172
                ],
                [
                    350,
                    174
                ],
                [
                    349,
                    174
                ],
                [
                    348,
                    175
                ],
                [
                    347,
                    175
                ],
                [
                    346,
                    176
                ],
                [
                    345,
                    176
                ],
                [
                    342,
                    179
                ],
                [
                    340,
                    179
                ],
                [
                    338,
                    181
                ],
                [
                    337,
                    181
                ],
                [
                    336,
                    182
                ],
                [
                    335,
                    182
                ],
                [
                    334,
                    183
                ],
                [
                    333,
                    183
                ],
                [
                    331,
                    185
                ],
                [
                    331,
                    186
                ],
                [
                    330,
                    187
                ],
                [
                    330,
                    188
                ],
                [
                    326,
                    192
                ],
                [
                    326,
                    194
                ],
                [
                    325,
                    195
                ],
                [
                    325,
                    196
                ],
                [
                    324,
                    197
                ],
                [
                    324,
                    198
                ],
                [
                    322,
                    200
                ],
                [
                    322,
                    205
                ],
                [
                    321,
                    206
                ],
                [
                    321,
                    208
                ],
                [
                    320,
                    209
                ],
                [
                    320,
                    217
                ],
                [
                    319,
                    218
                ],
                [
                    319,
                    225
                ],
                [
                    320,
                    226
                ],
                [
                    320,
                    233
                ],
                [
                    321,
                    234
                ],
                [
                    321,
                    237
                ],
                [
                    322,
                    238
                ],
                [
                    322,
                    241
                ],
                [
                    326,
                    245
                ],
                [
                    326,
                    246
                ],
                [
                    329,
                    249
                ],
                [
                    330,
                    249
                ],
                [
                    331,
                    250
                ],
                [
                    331,
                    251
                ],
                [
                    332,
                    252
                ],
                [
                    333,
                    252
                ],
                [
                    334,
                    253
                ],
                [
                    335,
                    253
                ],
                [
                    338,
                    256
                ],
                [
                    339,
                    256
                ],
                [
                    342,
                    259
                ],
                [
                    343,
                    259
                ],
                [
                    344,
                    260
                ],
                [
                    345,
                    260
                ],
                [
                    346,
                    261
                ],
                [
                    347,
                    261
                ],
                [
                    350,
                    264
                ],
                [
                    351,
                    264
                ],
                [
                    352,
                    265
                ],
                [
                    353,
                    265
                ],
                [
                    354,
                    266
                ],
                [
                    355,
                    266
                ],
                [
                    358,
                    269
                ],
                [
                    360,
                    269
                ],
                [
                    361,
                    270
                ],
                [
                    366,
                    270
                ],
                [
                    367,
                    271
                ],
                [
                    369,
                    271
                ],
                [
                    370,
                    272
                ],
                [
                    372,
                    272
                ],
                [
                    373,
                    273
                ],
                [
                    375,
                    273
                ],
                [
                    376,
                    272
                ],
                [
                    384,
                    272
                ],
                [
                    385,
                    271
                ],
                [
                    386,
                    271
                ],
                [
                    387,
                    270
                ],
                [
                    389,
                    270
                ],
                [
                    390,
                    269
                ],
                [
                    391,
                    269
                ],
                [
                    393,
                    267
                ],
                [
                    394,
                    267
                ],
                [
                    395,
                    266
                ],
                [
                    396,
                    266
                ],
                [
                    397,
                    265
                ],
                [
                    399,
                    265
                ],
                [
                    403,
                    261
                ],
                [
                    404,
                    261
                ],
                [
                    404,
                    260
                ],
                [
                    407,
                    257
                ],
                [
                    408,
                    257
                ],
                [
                    409,
                    256
                ],
                [
                    409,
                    255
                ],
                [
                    411,
                    253
                ],
                [
                    412,
                    253
                ],
                [
                    413,
                    252
                ],
                [
                    413,
                    250
                ],
                [
                    416,
                    247
                ],
                [
                    416,
                    246
                ],
                [
                    417,
                    245
                ],
                [
                    417,
                    244
                ],
                [
                    419,
                    242
                ],
                [
                    419,
                    241
                ],
                [
                    420,
                    240
                ],
                [
                    420,
                    236
                ],
                [
                    421,
                    235
                ],
                [
                    421,
                    226
                ],
                [
                    422,
                    225
                ],
                [
                    422,
                    204
                ],
                [
                    421,
                    203
                ],
                [
                    421,
                    202
                ],
                [
                    420,
                    201
                ],
                [
                    420,
                    200
                ],
                [
                    417,
                    197
                ],
                [
                    417,
                    195
                ],
                [
                    413,
                    191
                ],
                [
                    413,
                    190
                ],
                [
                    412,
                    189
                ],
                [
                    412,
                    187
                ],
                [
                    410,
                    185
                ],
                [
                    410,
                    183
                ],
                [
                    409,
                    182
                ],
                [
                    409,
                    181
                ],
                [
                    407,
                    179
                ],
                [
                    406,
                    179
                ],
                [
                    404,
                    177
                ],
                [
                    404,
                    176
                ],
                [
                    403,
                    176
                ],
                [
                    402,
                    177
                ],
                [
                    402,
                    178
                ],
                [
                    401,
                    179
                ],
                [
                    400,
                    178
                ],
                [
                    400,
                    177
                ],
                [
                    399,
                    177
                ],
                [
                    397,
                    175
                ],
                [
                    395,
                    175
                ],
                [
                    394,
                    174
                ],
                [
                    393,
                    174
                ],
                [
                    392,
                    173
                ],
                [
                    390,
                    173
                ],
                [
                    389,
                    172
                ],
                [
                    388,
                    172
                ],
                [
                    387,
                    171
                ],
                [
                    385,
                    171
                ],
                [
                    384,
                    170
                ],
                [
                    370,
                    170
                ],
                [
                    369,
                    169
                ]
            ],
            "group_id": null,
            "shape_type": "polygon",
            "flags": {}
        },
        {
            "label": "particle",
            "points": [
                [
                    307,
                    250
                ],
                [
                    306,
                    251
                ],
                [
                    304,
                    251
                ],
                [
                    302,
                    253
                ],
                [
                    301,
                    253
                ],
                [
                    297,
                    257
                ],
                [
                    296,
                    257
                ],
                [
                    295,
                    258
                ],
                [
                    294,
                    258
                ],
                [
                    291,
                    261
                ],
                [
                    290,
                    261
                ],
                [
                    289,
                    262
                ],
                [
                    288,
                    262
                ],
                [
                    287,
                    263
                ],
                [
                    286,
                    263
                ],
                [
                    286,
                    264
                ],
                [
                    285,
                    265
                ],
                [
                    284,
                    265
                ],
                [
                    282,
                    267
                ],
                [
                    282,
                    269
                ],
                [
                    281,
                    270
                ],
                [
                    280,
                    270
                ],
                [
                    280,
                    271
                ],
                [
                    278,
                    273
                ],
                [
                    278,
                    274
                ],
                [
                    276,
                    276
                ],
                [
                    276,
                    277
                ],
                [
                    274,
                    279
                ],
                [
                    274,
                    282
                ],
                [
                    273,
                    283
                ],
                [
                    273,
                    285
                ],
                [
                    271,
                    287
                ],
                [
                    271,
                    289
                ],
                [
                    270,
                    290
                ],
                [
                    270,
                    315
                ],
                [
                    272,
                    317
                ],
                [
                    272,
                    318
                ],
                [
                    274,
                    320
                ],
                [
                    274,
                    323
                ],
                [
                    276,
                    323
                ],
                [
                    278,
                    325
                ],
                [
                    278,
                    326
                ],
                [
                    279,
                    326
                ],
                [
                    281,
                    328
                ],
                [
                    282,
                    328
                ],
                [
                    287,
                    333
                ],
                [
                    287,
                    334
                ],
                [
                    290,
                    337
                ],
                [
                    290,
                    338
                ],
                [
                    294,
                    342
                ],
                [
                    295,
                    342
                ],
                [
                    296,
                    343
                ],
                [
                    297,
                    343
                ],
                [
                    298,
                    344
                ],
                [
                    300,
                    344
                ],
                [
                    301,
                    345
                ],
                [
                    302,
                    345
                ],
                [
                    303,
                    346
                ],
                [
                    304,
                    346
                ],
                [
                    305,
                    347
                ],
                [
                    306,
                    347
                ],
                [
                    307,
                    348
                ],
                [
                    312,
                    348
                ],
                [
                    313,
                    349
                ],
                [
                    316,
                    349
                ],
                [
                    317,
                    350
                ],
                [
                    332,
                    350
                ],
                [
                    333,
                    349
                ],
                [
                    336,
                    349
                ],
                [
                    337,
                    348
                ],
                [
                    340,
                    348
                ],
                [
                    341,
                    347
                ],
                [
                    342,
                    347
                ],
                [
                    343,
                    346
                ],
                [
                    344,
                    346
                ],
                [
                    345,
                    345
                ],
                [
                    347,
                    345
                ],
                [
                    348,
                    344
                ],
                [
                    349,
                    344
                ],
                [
                    351,
                    342
                ],
                [
                    352,
                    342
                ],
                [
                    353,
                    341
                ],
                [
                    355,
                    341
                ],
                [
                    358,
                    338
                ],
                [
                    359,
                    338
                ],
                [
                    361,
                    336
                ],
                [
                    362,
                    336
                ],
                [
                    365,
                    333
                ],
                [
                    366,
                    333
                ],
                [
                    367,
                    332
                ],
                [
                    368,
                    332
                ],
                [
                    368,
                    330
                ],
                [
                    372,
                    326
                ],
                [
                    372,
                    324
                ],
                [
                    375,
                    321
                ],
                [
                    375,
                    319
                ],
                [
                    376,
                    318
                ],
                [
                    376,
                    311
                ],
                [
                    377,
                    310
                ],
                [
                    377,
                    303
                ],
                [
                    376,
                    302
                ],
                [
                    376,
                    294
                ],
                [
                    375,
                    293
                ],
                [
                    375,
                    291
                ],
                [
                    373,
                    289
                ],
                [
                    373,
                    287
                ],
                [
                    372,
                    286
                ],
                [
                    372,
                    284
                ],
                [
                    371,
                    283
                ],
                [
                    371,
                    282
                ],
                [
                    370,
                    281
                ],
                [
                    370,
                    280
                ],
                [
                    369,
                    279
                ],
                [
                    369,
                    278
                ],
                [
                    368,
                    278
                ],
                [
                    364,
                    274
                ],
                [
                    363,
                    274
                ],
                [
                    360,
                    271
                ],
                [
                    360,
                    270
                ],
                [
                    358,
                    270
                ],
                [
                    355,
                    267
                ],
                [
                    354,
                    267
                ],
                [
                    353,
                    266
                ],
                [
                    352,
                    266
                ],
                [
                    351,
                    265
                ],
                [
                    350,
                    265
                ],
                [
                    347,
                    262
                ],
                [
                    346,
                    262
                ],
                [
                    345,
                    261
                ],
                [
                    344,
                    261
                ],
                [
                    343,
                    260
                ],
                [
                    342,
                    260
                ],
                [
                    339,
                    257
                ],
                [
                    338,
                    257
                ],
                [
                    337,
                    256
                ],
                [
                    336,
                    256
                ],
                [
                    335,
                    255
                ],
                [
                    335,
                    254
                ],
                [
                    334,
                    254
                ],
                [
                    333,
                    253
                ],
                [
                    332,
                    253
                ],
                [
                    330,
                    251
                ],
                [
                    327,
                    251
                ],
                [
                    326,
                    252
                ],
                [
                    324,
                    252
                ],
                [
                    323,
                    251
                ],
                [
                    320,
                    251
                ],
                [
                    319,
                    250
                ]
            ],
            "group_id": null,
            "shape_type": "polygon",
            "flags": {}
        },
        {
            "label": "particle",
            "points": [
                [
                    376,
                    332
                ],
                [
                    375,
                    333
                ],
                [
                    372,
                    333
                ],
                [
                    371,
                    334
                ],
                [
                    368,
                    334
                ],
                [
                    367,
                    335
                ],
                [
                    364,
                    335
                ],
                [
                    361,
                    338
                ],
                [
                    360,
                    338
                ],
                [
                    359,
                    339
                ],
                [
                    358,
                    339
                ],
                [
                    355,
                    342
                ],
                [
                    353,
                    342
                ],
                [
                    352,
                    343
                ],
                [
                    351,
                    343
                ],
                [
                    349,
                    345
                ],
                [
                    348,
                    345
                ],
                [
                    347,
                    346
                ],
                [
                    345,
                    346
                ],
                [
                    344,
                    347
                ],
                [
                    343,
                    347
                ],
                [
                    341,
                    349
                ],
                [
                    340,
                    349
                ],
                [
                    339,
                    350
                ],
                [
                    337,
                    350
                ],
                [
                    336,
                    351
                ],
                [
                    336,
                    352
                ],
                [
                    335,
                    353
                ],
                [
                    335,
                    355
                ],
                [
                    334,
                    356
                ],
                [
                    334,
                    357
                ],
                [
                    333,
                    358
                ],
                [
                    332,
                    358
                ],
                [
                    332,
                    359
                ],
                [
                    331,
                    360
                ],
                [
                    331,
                    362
                ],
                [
                    329,
                    364
                ],
                [
                    329,
                    366
                ],
                [
                    328,
                    367
                ],
                [
                    328,
                    368
                ],
                [
                    327,
                    369
                ],
                [
                    327,
                    395
                ],
                [
                    329,
                    397
                ],
                [
                    329,
                    398
                ],
                [
                    330,
                    399
                ],
                [
                    330,
                    400
                ],
                [
                    331,
                    401
                ],
                [
                    331,
                    403
                ],
                [
                    334,
                    406
                ],
                [
                    334,
                    407
                ],
                [
                    335,
                    408
                ],
                [
                    335,
                    409
                ],
                [
                    337,
                    411
                ],
                [
                    337,
                    412
                ],
                [
                    338,
                    412
                ],
                [
                    339,
                    413
                ],
                [
                    339,
                    415
                ],
                [
                    341,
                    417
                ],
                [
                    342,
                    417
                ],
                [
                    343,
                    418
                ],
                [
                    344,
                    418
                ],
                [
                    347,
                    421
                ],
                [
                    348,
                    421
                ],
                [
                    349,
                    422
                ],
                [
                    350,
                    422
                ],
                [
                    351,
                    423
                ],
                [
                    351,
                    424
                ],
                [
                    352,
                    424
                ],
                [
                    353,
                    425
                ],
                [
                    355,
                    425
                ],
                [
                    357,
                    427
                ],
                [
                    358,
                    427
                ],
                [
                    360,
                    429
                ],
                [
                    363,
                    429
                ],
                [
                    364,
                    430
                ],
                [
                    378,
                    430
                ],
                [
                    379,
                    429
                ],
                [
                    385,
                    429
                ],
                [
                    386,
                    428
                ],
                [
                    387,
                    428
                ],
                [
                    388,
                    427
                ],
                [
                    390,
                    427
                ],
                [
                    391,
                    426
                ],
                [
                    393,
                    426
                ],
                [
                    394,
                    425
                ],
                [
                    398,
                    425
                ],
                [
                    402,
                    421
                ],
                [
                    404,
                    421
                ],
                [
                    408,
                    417
                ],
                [
                    409,
                    417
                ],
                [
                    414,
                    412
                ],
                [
                    414,
                    411
                ],
                [
                    418,
                    407
                ],
                [
                    418,
                    405
                ],
                [
                    419,
                    404
                ],
                [
                    420,
                    404
                ],
                [
                    421,
                    403
                ],
                [
                    421,
                    402
                ],
                [
                    422,
                    401
                ],
                [
                    422,
                    400
                ],
                [
                    423,
                    399
                ],
                [
                    423,
                    398
                ],
                [
                    426,
                    395
                ],
                [
                    426,
                    393
                ],
                [
                    427,
                    392
                ],
                [
                    427,
                    389
                ],
                [
                    428,
                    388
                ],
                [
                    428,
                    375
                ],
                [
                    427,
                    374
                ],
                [
                    427,
                    371
                ],
                [
                    426,
                    370
                ],
                [
                    426,
                    362
                ],
                [
                    424,
                    360
                ],
                [
                    424,
                    359
                ],
                [
                    422,
                    357
                ],
                [
                    422,
                    355
                ],
                [
                    419,
                    352
                ],
                [
                    419,
                    351
                ],
                [
                    418,
                    350
                ],
                [
                    418,
                    349
                ],
                [
                    417,
                    348
                ],
                [
                    417,
                    347
                ],
                [
                    416,
                    346
                ],
                [
                    415,
                    346
                ],
                [
                    414,
                    345
                ],
                [
                    414,
                    343
                ],
                [
                    412,
                    341
                ],
                [
                    411,
                    341
                ],
                [
                    408,
                    338
                ],
                [
                    406,
                    338
                ],
                [
                    405,
                    337
                ],
                [
                    404,
                    337
                ],
                [
                    403,
                    336
                ],
                [
                    397,
                    336
                ],
                [
                    396,
                    335
                ],
                [
                    395,
                    335
                ],
                [
                    393,
                    333
                ],
                [
                    388,
                    333
                ],
                [
                    387,
                    332
                ]
            ],
            "group_id": null,
            "shape_type": "polygon",
            "flags": {}
        }
    ],
    "imagePath": "",
    "imageData": null,
    "imageHeight": 512,
    "imageWidth": 750
}