{
    "version": "4.5.6",
    "flags": {},
    "shapes": [
        {
            "label": "particle",
            "points": [
                [
                    67,
                    378
                ],
                [
                    66,
                    379
                ],
                [
                    63,
                    379
                ],
                [
                    59,
                    383
                ],
                [
                    58,
                    383
                ],
                [
                    58,
                    386
                ],
                [
                    57,
                    387
                ],
                [
                    57,
                    388
                ],
                [
                    56,
                    389
                ],
                [
                    56,
                    391
                ],
                [
                    57,
                    392
                ],
                [
                    57,
                    395
                ],
                [
                    58,
                    396
                ],
                [
                    58,
                    397
                ],
                [
                    63,
                    402
                ],
                [
                    63,
                    403
                ],
                [
                    64,
                    404
                ],
                [
                    65,
                    404
                ],
                [
                    66,
                    405
                ],
                [
                    68,
                    405
                ],
                [
                    69,
                    406
                ],
                [
                    80,
                    406
                ],
                [
                    81,
                    405
                ],
                [
                    83,
                    405
                ],
                [
                    85,
                    403
                ],
                [
                    85,
                    402
                ],
                [
                    86,
                    401
                ],
                [
                    87,
                    401
                ],
                [
                    87,
                    400
                ],
                [
                    89,
                    398
                ],
                [
                    89,
                    392
                ],
                [
                    88,
                    391
                ],
                [
                    88,
                    390
                ],
                [
                    87,
                    389
                ],
                [
                    87,
                    387
                ],
                [
                    84,
                    384
                ],
                [
                    84,
                    383
                ],
                [
                    83,
                    383
                ],
                [
                    80,
                    380
                ],
                [
                    80,
                    379
                ],
                [
                    76,
                    379
                ],
                [
                    75,
                    378
                ]
            ],
            "group_id": null,
            "shape_type": "polygon",
            "flags": {}
        },
        {
            "label": "particle",
            "points": [
                [
                    174,
                    27
                ],
                [
                    173,
                    28
                ],
                [
                    172,
                    28
                ],
                [
                    170,
                    30
                ],
                [
                    169,
                    30
                ],
                [
                    168,
                    31
                ],
                [
                    168,
                    33
                ],
                [
                    167,
                    34
                ],
                [
                    167,
                    35
                ],
                [
                    166,
                    36
                ],
                [
                    166,
                    39
                ],
                [
                    165,
                    40
                ],
                [
                    165,
                    41
                ],
                [
                    164,
                    42
                ],
                [
                    164,
                    51
                ],
                [
                    165,
                    52
                ],
                [
                    165,
                    53
                ],
                [
                    166,
                    54
                ],
                [
                    167,
                    54
                ],
                [
                    169,
                    56
                ],
                [
                    170,
                    56
                ],
                [
                    171,
                    57
                ],
                [
                    172,
                    57
                ],
                [
                    173,
                    58
                ],
                [
                    180,
                    58
                ],
                [
                    182,
                    56
                ],
                [
                    183,
                    56
                ],
                [
                    184,
                    55
                ],
                [
                    185,
                    55
                ],
                [
                    186,
                    54
                ],
                [
                    188,
                    54
                ],
                [
                    188,
                    53
                ],
                [
                    189,
                    52
                ],
                [
                    189,
                    51
                ],
                [
                    190,
                    50
                ],
                [
                    190,
                    49
                ],
                [
                    194,
                    45
                ],
                [
                    195,
                    45
                ],
                [
                    195,
                    44
                ],
                [
                    196,
                    43
                ],
                [
                    196,
                    42
                ],
                [
                    197,
                    41
                ],
                [
                    197,
                    39
                ],
                [
                    198,
                    38
                ],
                [
                    197,
                    37
                ],
                [
                    197,
                    34
                ],
                [
                    195,
                    32
                ],
                [
                    195,
                    31
                ],
                [
                    193,
                    31
                ],
                [
                    192,
                    30
                ],
                [
                    191,
                    30
                ],
                [
                    190,
                    29
                ],
                [
                    187,
                    29
                ],
                [
                    186,
                    28
                ],
                [
                    182,
                    28
                ],
                [
                    181,
                    27
                ]
            ],
            "group_id": null,
            "shape_type": "polygon",
            "flags": {}
        },
        {
            "label": "particle",
            "points": [
                [
                    347,
                    70
                ],
                [
                    346,
                    71
                ],
                [
                    340,
                    71
                ],
                [
                    337,
                    74
                ],
                [
                    337,
                    75
                ],
                [
                    336,
                    76
                ],
                [
                    336,
                    78
                ],
                [
                    335,
                    79
                ],
                [
                    335,
                    84
                ],
                [
                    336,
                    85
                ],
                [
                    336,
                    86
                ],
                [
                    337,
                    87
                ],
                [
                    337,
                    88
                ],
                [
                    338,
                    89
                ],
                [
                    338,
                    90
                ],
                [
                    340,
                    90
                ],
                [
                    342,
                    92
                ],
                [
                    353,
                    92
                ],
                [
                    354,
                    91
                ],
                [
                    355,
                    91
                ],
                [
                    356,
                    90
                ],
                [
                    357,
                    90
                ],
                [
                    358,
                    89
                ],
                [
                    358,
                    88
                ],
                [
                    360,
                    86
                ],
                [
                    360,
                    82
                ],
                [
                    361,
                    81
                ],
                [
                    361,
                    80
                ],
                [
                    360,
                    79
                ],
                [
                    360,
                    77
                ],
                [
                    359,
                    76
                ],
                [
                    359,
                    75
                ],
                [
                    358,
                    75
                ],
                [
                    357,
                    74
                ],
                [
                    356,
                    74
                ],
                [
                    355,
                    73
                ],
                [
                    355,
                    72
                ],
                [
                    354,
                    72
                ],
                [
                    353,
                    71
                ],
                [
                    349,
                    71
                ],
                [
                    348,
                    70
                ]
            ],
            "group_id": null,
            "shape_type": "polygon",
            "flags": {}
        },
        {
            "label": "particle",
            "points": [
                [
                    423,
                    31
                ],
                [
                    422,
                    32
                ],
                [
                    421,
                    32
                ],
                [
                    420,
                    33
                ],
                [
                    418,
                    33
                ],
                [
                    416,
                    35
                ],
                [
                    414,
                    35
                ],
                [
                    414,
                    38
                ],
                [
                    410,
                    42
                ],
                [
                    410,
                    43
                ],
                [
                    409,
                    44
                ],
                [
                    408,
                    44
                ],
                [
                    405,
                    47
                ],
                [
                    405,
                    48
                ],
                [
                    402,
                    51
                ],
                [
                    402,
                    57
                ],
                [
                    403,
                    58
                ],
                [
                    403,
                    59
                ],
                [
                    404,
                    60
                ],
                [
                    404,
                    61
                ],
                [
                    405,
                    62
                ],
                [
                    405,
                    63
                ],
                [
                    406,
                    63
                ],
                [
                    407,
                    64
                ],
                [
                    409,
                    64
                ],
                [
                    410,
                    65
                ],
                [
                    411,
                    65
                ],
                [
                    412,
                    66
                ],
                [
                    427,
                    66
                ],
                [
                    436,
                    57
                ],
                [
                    436,
                    56
                ],
                [
                    437,
                    55
                ],
                [
                    437,
                    53
                ],
                [
                    438,
                    52
                ],
                [
                    438,
                    45
                ],
                [
                    436,
                    43
                ],
                [
                    436,
                    40
                ],
                [
                    432,
                    36
                ],
                [
                    432,
                    35
                ],
                [
                    431,
                    35
                ],
                [
                    430,
                    34
                ],
                [
                    429,
                    34
                ],
                [
                    427,
                    32
                ],
                [
                    425,
                    32
                ],
                [
                    424,
                    31
                ]
            ],
            "group_id": null,
            "shape_type": "polygon",
            "flags": {}
        },
        {
            "label": "particle",
            "points": [
                [
                    513,
                    153
                ],
                [
                    512,
                    154
                ],
                [
                    511,
                    154
                ],
                [
                    511,
                    155
                ],
                [
                    509,
                    157
                ],
                [
                    508,
                    157
                ],
                [
                    503,
                    162
                ],
                [
                    503,
                    163
                ],
                [
                    502,
                    164
                ],
                [
                    502,
                    166
                ],
                [
                    503,
                    167
                ],
                [
                    503,
                    168
                ],
                [
                    504,
                    169
                ],
                [
                    504,
                    170
                ],
                [
                    506,
                    172
                ],
                [
                    506,
                    173
                ],
                [
                    507,
                    174
                ],
                [
                    507,
                    175
                ],
                [
                    508,
                    175
                ],
                [
                    509,
                    176
                ],
                [
                    510,
                    176
                ],
                [
                    511,
                    177
                ],
                [
                    512,
                    177
                ],
                [
                    513,
                    178
                ],
                [
                    517,
                    178
                ],
                [
                    518,
                    177
                ],
                [
                    519,
                    177
                ],
                [
                    521,
                    175
                ],
                [
                    522,
                    175
                ],
                [
                    524,
                    173
                ],
                [
                    524,
                    172
                ],
                [
                    526,
                    170
                ],
                [
                    526,
                    169
                ],
                [
                    528,
                    167
                ],
                [
                    528,
                    166
                ],
                [
                    529,
                    165
                ],
                [
                    529,
                    157
                ],
                [
                    528,
                    156
                ],
                [
                    528,
                    155
                ],
                [
                    527,
                    155
                ],
                [
                    526,
                    154
                ],
                [
                    522,
                    154
                ],
                [
                    521,
                    153
                ]
            ],
            "group_id": null,
            "shape_type": "polygon",
            "flags": {}
        },
        {
            "label": "particle",
            "points": [
                [
                    410,
                    215
                ],
                [
                    409,
                    216
                ],
                [
                    402,
                    216
                ],
                [
                    401,
                    217
                ],
                [
                    396,
                    217
                ],
                [
                    395,
                    218
                ],
                [
                    394,
                    218
                ],
                [
                    393,
                    219
                ],
                [
                    392,
                    219
                ],
                [
                    390,
                    221
                ],
                [
                    390,
                    222
                ],
                [
                    388,
                    224
                ],
                [
                    388,
                    234
                ],
                [
                    390,
                    236
                ],
                [
                    390,
                    237
                ],
                [
                    391,
                    237
                ],
                [
                    392,
                    238
                ],
                [
                    392,
                    240
                ],
                [
                    393,
                    241
                ],
                [
                    395,
                    241
                ],
                [
                    396,
                    242
                ],
                [
                    406,
                    242
                ],
                [
                    407,
                    241
                ],
                [
                    411,
                    241
                ],
                [
                    412,
                    240
                ],
                [
                    413,
                    240
                ],
                [
                    416,
                    237
                ],
                [
                    417,
                    237
                ],
                [
                    418,
                    236
                ],
                [
                    418,
                    235
                ],
                [
                    419,
                    234
                ],
                [
                    419,
                    233
                ],
                [
                    420,
                    232
                ],
                [
                    421,
                    232
                ],
                [
                    423,
                    230
                ],
                [
                    423,
                    225
                ],
                [
                    424,
                    224
                ],
                [
                    424,
                    221
                ],
                [
                    423,
                    220
                ],
                [
                    423,
                    219
                ],
                [
                    420,
                    216
                ],
                [
                    419,
                    216
                ],
                [
                    418,
                    215
                ]
            ],
            "group_id": null,
            "shape_type": "polygon",
            "flags": {}
        },
        {
            "label": "particle",
            "points": [
                [
                    436,
                    411
                ],
                [
                    435,
                    412
                ],
                [
                    434,
                    412
                ],
                [
                    432,
                    414
                ],
                [
                    431,
                    414
                ],
                [
                    430,
                    415
                ],
                [
                    429,
                    415
                ],
                [
                    429,
                    417
                ],
                [
                    428,
                    418
                ],
                [
                    428,
                    422
                ],
                [
                    427,
                    423
                ],
                [
                    427,
                    428
                ],
                [
                    428,
                    429
                ],
                [
                    428,
                    430
                ],
                [
                    429,
                    431
                ],
                [
                    429,
                    433
                ],
                [
                    431,
                    433
                ],
                [
                    435,
                    437
                ],
                [
                    442,
                    437
                ],
                [
                    444,
                    435
                ],
                [
                    445,
                    435
                ],
                [
                    446,
                    434
                ],
                [
                    451,
                    434
                ],
                [
                    452,
                    433
                ],
                [
                    454,
                    433
                ],
                [
                    455,
                    432
                ],
                [
                    455,
                    431
                ],
                [
                    458,
                    428
                ],
                [
                    458,
                    427
                ],
                [
                    459,
                    426
                ],
                [
                    459,
                    423
                ],
                [
                    458,
                    422
                ],
                [
                    458,
                    421
                ],
                [
                    457,
                    420
                ],
                [
                    456,
                    420
                ],
                [
                    455,
                    419
                ],
                [
                    455,
                    417
                ],
                [
                    454,
                    416
                ],
                [
                    453,
                    416
                ],
                [
                    452,
                    415
                ],
                [
                    451,
                    415
                ],
                [
                    450,
                    414
                ],
                [
                    449,
                    414
                ],
                [
                    448,
                    413
                ],
                [
                    447,
                    413
                ],
                [
                    445,
                    411
                ]
            ],
            "group_id": null,
            "shape_type": "polygon",
            "flags": {}
        }
    ],
    "imagePath": "",
    "imageData": null,
    "imageHeight": 512,
    "imageWidth": 547
}