{
    "version": "4.5.6",
    "flags": {},
    "shapes": [
        {
            "label": "particle",
            "points": [
                [
                    255,
                    43
                ],
                [
                    254,
                    44
                ],
                [
                    247,
                    44
                ],
                [
                    246,
                    45
                ],
                [
                    239,
                    45
                ],
                [
                    238,
                    46
                ],
                [
                    232,
                    46
                ],
                [
                    231,
                    47
                ],
                [
                    216,
                    47
                ],
                [
                    215,
                    48
                ],
                [
                    211,
                    48
                ],
                [
                    210,
                    49
                ],
                [
                    208,
                    49
                ],
                [
                    207,
                    50
                ],
                [
                    204,
                    50
                ],
                [
                    203,
                    51
                ],
                [
                    197,
                    51
                ],
                [
                    196,
                    52
                ],
                [
                    193,
                    52
                ],
                [
                    192,
                    53
                ],
                [
                    189,
                    53
                ],
                [
                    188,
                    54
                ],
                [
                    186,
                    54
                ],
                [
                    185,
                    55
                ],
                [
                    178,
                    55
                ],
                [
                    177,
                    56
                ],
                [
                    176,
                    56
                ],
                [
                    173,
                    59
                ],
                [
                    171,
                    59
                ],
                [
                    169,
                    61
                ],
                [
                    168,
                    61
                ],
                [
                    166,
                    63
                ],
                [
                    164,
                    63
                ],
                [
                    161,
                    66
                ],
                [
                    160,
                    66
                ],
                [
                    159,
                    67
                ],
                [
                    158,
                    67
                ],
                [
                    157,
                    68
                ],
                [
                    156,
                    68
                ],
                [
                    153,
                    71
                ],
                [
                    151,
                    71
                ],
                [
                    140,
                    82
                ],
                [
                    139,
                    82
                ],
                [
                    122,
                    99
                ],
                [
                    121,
                    99
                ],
                [
                    107,
                    113
                ],
                [
                    107,
                    114
                ],
                [
                    105,
                    116
                ],
                [
                    105,
                    117
                ],
                [
                    102,
                    120
                ],
                [
                    102,
                    121
                ],
                [
                    98,
                    125
                ],
                [
                    98,
                    126
                ],
                [
                    94,
                    130
                ],
                [
                    94,
                    131
                ],
                [
                    90,
                    135
                ],
                [
                    90,
                    136
                ],
                [
                    88,
                    138
                ],
                [
                    88,
                    139
                ],
                [
                    87,
                    140
                ],
                [
                    86,
                    140
                ],
                [
                    86,
                    141
                ],
                [
                    85,
                    142
                ],
                [
                    85,
                    143
                ],
                [
                    83,
                    145
                ],
                [
                    83,
                    146
                ],
                [
                    82,
                    147
                ],
                [
                    82,
                    148
                ],
                [
                    81,
                    149
                ],
                [
                    81,
                    150
                ],
                [
                    79,
                    152
                ],
                [
                    79,
                    153
                ],
                [
                    78,
                    154
                ],
                [
                    78,
                    156
                ],
                [
                    77,
                    157
                ],
                [
                    77,
                    158
                ],
                [
                    75,
                    160
                ],
                [
                    75,
                    161
                ],
                [
                    74,
                    162
                ],
                [
                    74,
                    163
                ],
                [
                    73,
                    164
                ],
                [
                    73,
                    165
                ],
                [
                    72,
                    166
                ],
                [
                    72,
                    167
                ],
                [
                    70,
                    169
                ],
                [
                    70,
                    171
                ],
                [
                    69,
                    172
                ],
                [
                    69,
                    173
                ],
                [
                    68,
                    174
                ],
                [
                    68,
                    175
                ],
                [
                    66,
                    177
                ],
                [
                    66,
                    179
                ],
                [
                    65,
                    180
                ],
                [
                    65,
                    182
                ],
                [
                    63,
                    184
                ],
                [
                    63,
                    186
                ],
                [
                    62,
                    187
                ],
                [
                    62,
                    189
                ],
                [
                    61,
                    190
                ],
                [
                    61,
                    191
                ],
                [
                    60,
                    192
                ],
                [
                    60,
                    193
                ],
                [
                    59,
                    194
                ],
                [
                    59,
                    195
                ],
                [
                    58,
                    196
                ],
                [
                    58,
                    199
                ],
                [
                    57,
                    200
                ],
                [
                    57,
                    201
                ],
                [
                    54,
                    204
                ],
                [
                    52,
                    204
                ],
                [
                    51,
                    205
                ],
                [
                    50,
                    205
                ],
                [
                    48,
                    207
                ],
                [
                    47,
                    207
                ],
                [
                    46,
                    208
                ],
                [
                    46,
                    213
                ],
                [
                    45,
                    214
                ],
                [
                    45,
                    215
                ],
                [
                    44,
                    216
                ],
                [
                    44,
                    218
                ],
                [
                    43,
                    219
                ],
                [
                    43,
                    221
                ],
                [
                    42,
                    222
                ],
                [
                    42,
                    224
                ],
                [
                    38,
                    228
                ],
                [
                    37,
                    228
                ],
                [
                    36,
                    229
                ],
                [
                    35,
                    229
                ],
                [
                    34,
                    230
                ],
                [
                    34,
                    231
                ],
                [
                    33,
                    232
                ],
                [
                    31,
                    232
                ],
                [
                    30,
                    233
                ],
                [
                    30,
                    234
                ],
                [
                    28,
                    236
                ],
                [
                    28,
                    238
                ],
                [
                    27,
                    239
                ],
                [
                    27,
                    240
                ],
                [
                    26,
                    241
                ],
                [
                    26,
                    244
                ],
                [
                    27,
                    244
                ],
                [
                    31,
                    248
                ],
                [
                    32,
                    248
                ],
                [
                    36,
                    252
                ],
                [
                    37,
                    252
                ],
                [
                    38,
                    253
                ],
                [
                    38,
                    256
                ],
                [
                    37,
                    257
                ],
                [
                    37,
                    259
                ],
                [
                    36,
                    260
                ],
                [
                    36,
                    263
                ],
                [
                    35,
                    264
                ],
                [
                    35,
                    266
                ],
                [
                    34,
                    267
                ],
                [
                    34,
                    270
                ],
                [
                    35,
                    271
                ],
                [
                    35,
                    294
                ],
                [
                    36,
                    295
                ],
                [
                    36,
                    317
                ],
                [
                    37,
                    318
                ],
                [
                    37,
                    321
                ],
                [
                    38,
                    322
                ],
                [
                    38,
                    324
                ],
                [
                    39,
                    325
                ],
                [
                    39,
                    326
                ],
                [
                    40,
                    327
                ],
                [
                    40,
                    328
                ],
                [
                    42,
                    330
                ],
                [
                    42,
                    333
                ],
                [
                    43,
                    334
                ],
                [
                    43,
                    335
                ],
                [
                    44,
                    336
                ],
                [
                    44,
                    337
                ],
                [
                    46,
                    339
                ],
                [
                    46,
                    342
                ],
                [
                    47,
                    343
                ],
                [
                    47,
                    344
                ],
                [
                    49,
                    346
                ],
                [
                    49,
                    348
                ],
                [
                    50,
                    349
                ],
                [
                    50,
                    351
                ],
                [
                    51,
                    352
                ],
                [
                    51,
                    353
                ],
                [
                    52,
                    354
                ],
                [
                    52,
                    355
                ],
                [
                    53,
                    356
                ],
                [
                    53,
                    357
                ],
                [
                    54,
                    358
                ],
                [
                    54,
                    360
                ],
                [
                    55,
                    361
                ],
                [
                    55,
                    362
                ],
                [
                    56,
                    363
                ],
                [
                    56,
                    364
                ],
                [
                    58,
                    366
                ],
                [
                    58,
                    369
                ],
                [
                    59,
                    369
                ],
                [
                    60,
                    370
                ],
                [
                    60,
                    371
                ],
                [
                    62,
                    373
                ],
                [
                    62,
                    374
                ],
                [
                    64,
                    376
                ],
                [
                    64,
                    377
                ],
                [
                    65,
                    377
                ],
                [
                    66,
                    378
                ],
                [
                    66,
                    380
                ],
                [
                    69,
                    383
                ],
                [
                    69,
                    384
                ],
                [
                    71,
                    386
                ],
                [
                    71,
                    387
                ],
                [
                    74,
                    390
                ],
                [
                    74,
                    392
                ],
                [
                    78,
                    396
                ],
                [
                    78,
                    397
                ],
                [
                    79,
                    397
                ],
                [
                    81,
                    399
                ],
                [
                    81,
                    400
                ],
                [
                    91,
                    410
                ],
                [
                    91,
                    411
                ],
                [
                    108,
                    428
                ],
                [
                    109,
                    428
                ],
                [
                    118,
                    437
                ],
                [
                    119,
                    437
                ],
                [
                    122,
                    440
                ],
                [
                    122,
                    441
                ],
                [
                    123,
                    441
                ],
                [
                    126,
                    444
                ],
                [
                    126,
                    445
                ],
                [
                    127,
                    446
                ],
                [
                    129,
                    446
                ],
                [
                    130,
                    447
                ],
                [
                    130,
                    448
                ],
                [
                    131,
                    449
                ],
                [
                    132,
                    449
                ],
                [
                    133,
                    450
                ],
                [
                    137,
                    450
                ],
                [
                    138,
                    451
                ],
                [
                    139,
                    451
                ],
                [
                    140,
                    452
                ],
                [
                    142,
                    452
                ],
                [
                    143,
                    453
                ],
                [
                    144,
                    453
                ],
                [
                    145,
                    454
                ],
                [
                    149,
                    454
                ],
                [
                    150,
                    455
                ],
                [
                    151,
                    455
                ],
                [
                    152,
                    456
                ],
                [
                    154,
                    456
                ],
                [
                    155,
                    457
                ],
                [
                    156,
                    457
                ],
                [
                    157,
                    458
                ],
                [
                    161,
                    458
                ],
                [
                    162,
                    459
                ],
                [
                    163,
                    459
                ],
                [
                    164,
                    460
                ],
                [
                    166,
                    460
                ],
                [
                    167,
                    461
                ],
                [
                    169,
                    461
                ],
                [
                    170,
                    462
                ],
                [
                    174,
                    462
                ],
                [
                    175,
                    463
                ],
                [
                    176,
                    463
                ],
                [
                    177,
                    464
                ],
                [
                    178,
                    464
                ],
                [
                    179,
                    465
                ],
                [
                    181,
                    465
                ],
                [
                    182,
                    466
                ],
                [
                    185,
                    466
                ],
                [
                    186,
                    467
                ],
                [
                    187,
                    467
                ],
                [
                    188,
                    468
                ],
                [
                    190,
                    468
                ],
                [
                    191,
                    469
                ],
                [
                    192,
                    469
                ],
                [
                    193,
                    470
                ],
                [
                    196,
                    470
                ],
                [
                    197,
                    471
                ],
                [
                    198,
                    471
                ],
                [
                    199,
                    472
                ],
                [
                    201,
                    472
                ],
                [
                    203,
                    474
                ],
                [
                    207,
                    474
                ],
                [
                    208,
                    475
                ],
                [
                    210,
                    475
                ],
                [
                    211,
                    476
                ],
                [
                    212,
                    476
                ],
                [
                    213,
                    477
                ],
                [
                    215,
                    477
                ],
                [
                    216,
                    478
                ],
                [
                    222,
                    478
                ],
                [
                    223,
                    479
                ],
                [
                    225,
                    479
                ],
                [
                    226,
                    480
                ],
                [
                    228,
                    480
                ],
                [
                    229,
                    481
                ],
                [
                    232,
                    481
                ],
                [
                    233,
                    482
                ],
                [
                    238,
                    482
                ],
                [
                    239,
                    483
                ],
                [
                    242,
                    483
                ],
                [
                    243,
                    484
                ],
                [
                    245,
                    484
                ],
                [
                    246,
                    485
                ],
                [
                    249,
                    485
                ],
                [
                    250,
                    486
                ],
                [
                    252,
                    486
                ],
                [
                    253,
                    485
                ],
                [
                    270,
                    485
                ],
                [
                    271,
                    484
                ],
                [
                    288,
                    484
                ],
                [
                    289,
                    483
                ],
                [
                    292,
                    483
                ],
                [
                    293,
                    482
                ],
                [
                    300,
                    482
                ],
                [
                    301,
                    481
                ],
                [
                    304,
                    481
                ],
                [
                    305,
                    480
                ],
                [
                    308,
                    480
                ],
                [
                    309,
                    479
                ],
                [
                    311,
                    479
                ],
                [
                    312,
                    478
                ],
                [
                    319,
                    478
                ],
                [
                    320,
                    477
                ],
                [
                    323,
                    477
                ],
                [
                    326,
                    474
                ],
                [
                    328,
                    474
                ],
                [
                    329,
                    473
                ],
                [
                    330,
                    473
                ],
                [
                    333,
                    470
                ],
                [
                    336,
                    470
                ],
                [
                    339,
                    467
                ],
                [
                    340,
                    467
                ],
                [
                    341,
                    466
                ],
                [
                    343,
                    466
                ],
                [
                    346,
                    463
                ],
                [
                    347,
                    463
                ],
                [
                    348,
                    462
                ],
                [
                    350,
                    462
                ],
                [
                    351,
                    461
                ],
                [
                    352,
                    461
                ],
                [
                    352,
                    460
                ],
                [
                    353,
                    459
                ],
                [
                    354,
                    459
                ],
                [
                    355,
                    458
                ],
                [
                    356,
                    458
                ],
                [
                    357,
                    457
                ],
                [
                    358,
                    457
                ],
                [
                    359,
                    456
                ],
                [
                    360,
                    456
                ],
                [
                    360,
                    455
                ],
                [
                    361,
                    454
                ],
                [
                    363,
                    454
                ],
                [
                    365,
                    452
                ],
                [
                    366,
                    452
                ],
                [
                    368,
                    450
                ],
                [
                    370,
                    450
                ],
                [
                    374,
                    446
                ],
                [
                    376,
                    446
                ],
                [
                    378,
                    444
                ],
                [
                    379,
                    444
                ],
                [
                    382,
                    441
                ],
                [
                    384,
                    441
                ],
                [
                    392,
                    433
                ],
                [
                    392,
                    432
                ],
                [
                    395,
                    429
                ],
                [
                    396,
                    429
                ],
                [
                    396,
                    428
                ],
                [
                    399,
                    425
                ],
                [
                    400,
                    425
                ],
                [
                    400,
                    424
                ],
                [
                    403,
                    421
                ],
                [
                    404,
                    421
                ],
                [
                    404,
                    420
                ],
                [
                    407,
                    417
                ],
                [
                    408,
                    417
                ],
                [
                    408,
                    416
                ],
                [
                    411,
                    413
                ],
                [
                    412,
                    413
                ],
                [
                    413,
                    412
                ],
                [
                    413,
                    411
                ],
                [
                    415,
                    409
                ],
                [
                    416,
                    409
                ],
                [
                    417,
                    408
                ],
                [
                    417,
                    407
                ],
                [
                    419,
                    405
                ],
                [
                    420,
                    405
                ],
                [
                    420,
                    404
                ],
                [
                    421,
                    403
                ],
                [
                    421,
                    402
                ],
                [
                    422,
                    401
                ],
                [
                    423,
                    401
                ],
                [
                    424,
                    400
                ],
                [
                    424,
                    399
                ],
                [
                    427,
                    396
                ],
                [
                    427,
                    395
                ],
                [
                    431,
                    391
                ],
                [
                    431,
                    390
                ],
                [
                    432,
                    389
                ],
                [
                    433,
                    389
                ],
                [
                    433,
                    388
                ],
                [
                    437,
                    384
                ],
                [
                    437,
                    383
                ],
                [
                    441,
                    379
                ],
                [
                    441,
                    378
                ],
                [
                    445,
                    374
                ],
                [
                    445,
                    373
                ],
                [
                    447,
                    371
                ],
                [
                    447,
                    370
                ],
                [
                    448,
                    369
                ],
                [
                    449,
                    369
                ],
                [
                    449,
                    367
                ],
                [
                    452,
                    364
                ],
                [
                    452,
                    363
                ],
                [
                    453,
                    362
                ],
                [
                    453,
                    361
                ],
                [
                    455,
                    359
                ],
                [
                    455,
                    358
                ],
                [
                    456,
                    357
                ],
                [
                    457,
                    357
                ],
                [
                    457,
                    355
                ],
                [
                    460,
                    352
                ],
                [
                    460,
                    351
                ],
                [
                    462,
                    349
                ],
                [
                    462,
                    348
                ],
                [
                    463,
                    347
                ],
                [
                    463,
                    346
                ],
                [
                    464,
                    345
                ],
                [
                    464,
                    344
                ],
                [
                    465,
                    343
                ],
                [
                    465,
                    340
                ],
                [
                    466,
                    339
                ],
                [
                    466,
                    338
                ],
                [
                    467,
                    337
                ],
                [
                    467,
                    336
                ],
                [
                    468,
                    335
                ],
                [
                    468,
                    334
                ],
                [
                    469,
                    333
                ],
                [
                    469,
                    330
                ],
                [
                    470,
                    329
                ],
                [
                    470,
                    327
                ],
                [
                    472,
                    325
                ],
                [
                    472,
                    323
                ],
                [
                    473,
                    322
                ],
                [
                    473,
                    319
                ],
                [
                    474,
                    318
                ],
                [
                    474,
                    317
                ],
                [
                    475,
                    316
                ],
                [
                    475,
                    314
                ],
                [
                    476,
                    313
                ],
                [
                    476,
                    310
                ],
                [
                    477,
                    309
                ],
                [
                    477,
                    302
                ],
                [
                    478,
                    301
                ],
                [
                    478,
                    298
                ],
                [
                    479,
                    297
                ],
                [
                    479,
                    294
                ],
                [
                    480,
                    293
                ],
                [
                    480,
                    290
                ],
                [
                    481,
                    289
                ],
                [
                    481,
                    280
                ],
                [
                    482,
                    279
                ],
                [
                    482,
                    267
                ],
                [
                    483,
                    266
                ],
                [
                    483,
                    253
                ],
                [
                    484,
                    252
                ],
                [
                    484,
                    241
                ],
                [
                    485,
                    240
                ],
                [
                    485,
                    236
                ],
                [
                    484,
                    235
                ],
                [
                    484,
                    231
                ],
                [
                    483,
                    230
                ],
                [
                    483,
                    224
                ],
                [
                    482,
                    223
                ],
                [
                    482,
                    219
                ],
                [
                    481,
                    218
                ],
                [
                    481,
                    207
                ],
                [
                    480,
                    206
                ],
                [
                    480,
                    201
                ],
                [
                    479,
                    200
                ],
                [
                    479,
                    196
                ],
                [
                    478,
                    195
                ],
                [
                    478,
                    193
                ],
                [
                    477,
                    192
                ],
                [
                    477,
                    187
                ],
                [
                    476,
                    186
                ],
                [
                    476,
                    184
                ],
                [
                    475,
                    183
                ],
                [
                    475,
                    180
                ],
                [
                    474,
                    179
                ],
                [
                    474,
                    176
                ],
                [
                    473,
                    175
                ],
                [
                    473,
                    170
                ],
                [
                    472,
                    169
                ],
                [
                    472,
                    167
                ],
                [
                    471,
                    166
                ],
                [
                    471,
                    164
                ],
                [
                    470,
                    163
                ],
                [
                    470,
                    160
                ],
                [
                    469,
                    159
                ],
                [
                    469,
                    153
                ],
                [
                    468,
                    152
                ],
                [
                    468,
                    150
                ],
                [
                    467,
                    149
                ],
                [
                    467,
                    147
                ],
                [
                    465,
                    145
                ],
                [
                    465,
                    144
                ],
                [
                    464,
                    143
                ],
                [
                    464,
                    142
                ],
                [
                    461,
                    139
                ],
                [
                    461,
                    137
                ],
                [
                    457,
                    133
                ],
                [
                    457,
                    132
                ],
                [
                    455,
                    130
                ],
                [
                    455,
                    129
                ],
                [
                    453,
                    127
                ],
                [
                    453,
                    126
                ],
                [
                    452,
                    125
                ],
                [
                    452,
                    124
                ],
                [
                    451,
                    124
                ],
                [
                    450,
                    123
                ],
                [
                    450,
                    122
                ],
                [
                    449,
                    121
                ],
                [
                    449,
                    120
                ],
                [
                    446,
                    117
                ],
                [
                    446,
                    116
                ],
                [
                    445,
                    115
                ],
                [
                    445,
                    114
                ],
                [
                    411,
                    80
                ],
                [
                    410,
                    80
                ],
                [
                    409,
                    79
                ],
                [
                    406,
                    79
                ],
                [
                    404,
                    77
                ],
                [
                    403,
                    77
                ],
                [
                    402,
                    76
                ],
                [
                    401,
                    76
                ],
                [
                    400,
                    75
                ],
                [
                    397,
                    75
                ],
                [
                    395,
                    73
                ],
                [
                    394,
                    73
                ],
                [
                    393,
                    72
                ],
                [
                    392,
                    72
                ],
                [
                    391,
                    71
                ],
                [
                    389,
                    71
                ],
                [
                    388,
                    70
                ],
                [
                    387,
                    70
                ],
                [
                    386,
                    69
                ],
                [
                    385,
                    69
                ],
                [
                    384,
                    68
                ],
                [
                    383,
                    68
                ],
                [
                    382,
                    67
                ],
                [
                    380,
                    67
                ],
                [
                    379,
                    66
                ],
                [
                    378,
                    66
                ],
                [
                    377,
                    65
                ],
                [
                    376,
                    65
                ],
                [
                    375,
                    64
                ],
                [
                    374,
                    64
                ],
                [
                    373,
                    63
                ],
                [
                    371,
                    63
                ],
                [
                    370,
                    62
                ],
                [
                    369,
                    62
                ],
                [
                    368,
                    61
                ],
                [
                    367,
                    61
                ],
                [
                    366,
                    60
                ],
                [
                    362,
                    60
                ],
                [
                    361,
                    59
                ],
                [
                    351,
                    59
                ],
                [
                    350,
                    58
                ],
                [
                    345,
                    58
                ],
                [
                    344,
                    57
                ],
                [
                    340,
                    57
                ],
                [
                    339,
                    56
                ],
                [
                    334,
                    56
                ],
                [
                    333,
                    55
                ],
                [
                    323,
                    55
                ],
                [
                    322,
                    54
                ],
                [
                    317,
                    54
                ],
                [
                    316,
                    53
                ],
                [
                    311,
                    53
                ],
                [
                    310,
                    52
                ],
                [
                    307,
                    52
                ],
                [
                    306,
                    51
                ],
                [
                    300,
                    51
                ],
                [
                    299,
                    50
                ],
                [
                    296,
                    50
                ],
                [
                    295,
                    49
                ],
                [
                    293,
                    49
                ],
                [
                    292,
                    48
                ],
                [
                    289,
                    48
                ],
                [
                    288,
                    47
                ],
                [
                    277,
                    47
                ],
                [
                    276,
                    46
                ],
                [
                    272,
                    46
                ],
                [
                    271,
                    45
                ],
                [
                    266,
                    45
                ],
                [
                    265,
                    44
                ],
                [
                    260,
                    44
                ],
                [
                    259,
                    43
                ]
            ],
            "group_id": null,
            "shape_type": "polygon",
            "flags": {}
        }
    ],
    "imagePath": "",
    "imageData": null,
    "imageHeight": 514,
    "imageWidth": 512
}