{
    "version": "4.5.6",
    "flags": {},
    "shapes": [
        {
            "label": "particle",
            "points": [
                [
                    1,
                    109
                ],
                [
                    1,
                    201
                ],
                [
                    6,
                    201
                ],
                [
                    7,
                    200
                ],
                [
                    8,
                    201
                ],
                [
                    10,
                    201
                ],
                [
                    11,
                    202
                ],
                [
                    12,
                    202
                ],
                [
                    14,
                    204
                ],
                [
                    17,
                    204
                ],
                [
                    18,
                    203
                ],
                [
                    20,
                    203
                ],
                [
                    22,
                    205
                ],
                [
                    30,
                    205
                ],
                [
                    30,
                    204
                ],
                [
                    31,
                    203
                ],
                [
                    33,
                    203
                ],
                [
                    35,
                    205
                ],
                [
                    37,
                    205
                ],
                [
                    38,
                    206
                ],
                [
                    39,
                    206
                ],
                [
                    40,
                    207
                ],
                [
                    42,
                    205
                ],
                [
                    43,
                    206
                ],
                [
                    47,
                    206
                ],
                [
                    48,
                    205
                ],
                [
                    56,
                    205
                ],
                [
                    60,
                    209
                ],
                [
                    74,
                    209
                ],
                [
                    75,
                    210
                ],
                [
                    78,
                    210
                ],
                [
                    79,
                    209
                ],
                [
                    82,
                    209
                ],
                [
                    82,
                    208
                ],
                [
                    83,
                    207
                ],
                [
                    84,
                    207
                ],
                [
                    85,
                    206
                ],
                [
                    92,
                    206
                ],
                [
                    94,
                    208
                ],
                [
                    94,
                    209
                ],
                [
                    95,
                    209
                ],
                [
                    96,
                    210
                ],
                [
                    98,
                    210
                ],
                [
                    99,
                    211
                ],
                [
                    103,
                    211
                ],
                [
                    105,
                    209
                ],
                [
                    106,
                    209
                ],
                [
                    107,
                    208
                ],
                [
                    109,
                    208
                ],
                [
                    110,
                    209
                ],
                [
                    114,
                    209
                ],
                [
                    115,
                    210
                ],
                [
                    115,
                    211
                ],
                [
                    117,
                    213
                ],
                [
                    125,
                    213
                ],
                [
                    125,
                    211
                ],
                [
                    127,
                    209
                ],
                [
                    131,
                    209
                ],
                [
                    132,
                    210
                ],
                [
                    132,
                    211
                ],
                [
                    134,
                    213
                ],
                [
                    137,
                    213
                ],
                [
                    138,
                    214
                ],
                [
                    139,
                    214
                ],
                [
                    140,
                    215
                ],
                [
                    141,
                    215
                ],
                [
                    142,
                    216
                ],
                [
                    142,
                    214
                ],
                [
                    144,
                    212
                ],
                [
                    145,
                    213
                ],
                [
                    146,
                    213
                ],
                [
                    147,
                    214
                ],
                [
                    147,
                    215
                ],
                [
                    149,
                    217
                ],
                [
                    150,
                    217
                ],
                [
                    151,
                    218
                ],
                [
                    152,
                    218
                ],
                [
                    153,
                    219
                ],
                [
                    154,
                    219
                ],
                [
                    155,
                    220
                ],
                [
                    155,
                    221
                ],
                [
                    156,
                    221
                ],
                [
                    157,
                    222
                ],
                [
                    158,
                    222
                ],
                [
                    159,
                    223
                ],
                [
                    161,
                    223
                ],
                [
                    162,
                    222
                ],
                [
                    163,
                    222
                ],
                [
                    163,
                    213
                ],
                [
                    164,
                    212
                ],
                [
                    165,
                    212
                ],
                [
                    166,
                    211
                ],
                [
                    167,
                    211
                ],
                [
                    168,
                    210
                ],
                [
                    169,
                    210
                ],
                [
                    171,
                    212
                ],
                [
                    176,
                    212
                ],
                [
                    178,
                    214
                ],
                [
                    178,
                    215
                ],
                [
                    179,
                    216
                ],
                [
                    180,
                    216
                ],
                [
                    181,
                    217
                ],
                [
                    184,
                    217
                ],
                [
                    186,
                    215
                ],
                [
                    187,
                    215
                ],
                [
                    188,
                    214
                ],
                [
                    190,
                    214
                ],
                [
                    191,
                    213
                ],
                [
                    196,
                    213
                ],
                [
                    197,
                    214
                ],
                [
                    199,
                    214
                ],
                [
                    200,
                    215
                ],
                [
                    202,
                    215
                ],
                [
                    203,
                    216
                ],
                [
                    205,
                    216
                ],
                [
                    206,
                    217
                ],
                [
                    213,
                    217
                ],
                [
                    215,
                    219
                ],
                [
                    215,
                    220
                ],
                [
                    216,
                    221
                ],
                [
                    219,
                    221
                ],
                [
                    220,
                    220
                ],
                [
                    221,
                    220
                ],
                [
                    223,
                    218
                ],
                [
                    227,
                    218
                ],
                [
                    228,
                    217
                ],
                [
                    234,
                    217
                ],
                [
                    235,
                    216
                ],
                [
                    236,
                    216
                ],
                [
                    238,
                    218
                ],
                [
                    243,
                    218
                ],
                [
                    244,
                    217
                ],
                [
                    245,
                    217
                ],
                [
                    246,
                    216
                ],
                [
                    250,
                    216
                ],
                [
                    251,
                    217
                ],
                [
                    253,
                    217
                ],
                [
                    254,
                    218
                ],
                [
                    254,
                    219
                ],
                [
                    255,
                    220
                ],
                [
                    255,
                    221
                ],
                [
                    263,
                    221
                ],
                [
                    264,
                    220
                ],
                [
                    265,
                    220
                ],
                [
                    266,
                    221
                ],
                [
                    267,
                    221
                ],
                [
                    272,
                    226
                ],
                [
                    273,
                    226
                ],
                [
                    274,
                    227
                ],
                [
                    274,
                    228
                ],
                [
                    275,
                    229
                ],
                [
                    275,
                    230
                ],
                [
                    276,
                    231
                ],
                [
                    283,
                    231
                ],
                [
                    284,
                    230
                ],
                [
                    288,
                    230
                ],
                [
                    289,
                    231
                ],
                [
                    289,
                    232
                ],
                [
                    291,
                    234
                ],
                [
                    297,
                    234
                ],
                [
                    298,
                    233
                ],
                [
                    298,
                    232
                ],
                [
                    299,
                    231
                ],
                [
                    299,
                    229
                ],
                [
                    300,
                    228
                ],
                [
                    302,
                    228
                ],
                [
                    303,
                    227
                ],
                [
                    305,
                    227
                ],
                [
                    306,
                    226
                ],
                [
                    307,
                    226
                ],
                [
                    307,
                    225
                ],
                [
                    310,
                    222
                ],
                [
                    314,
                    222
                ],
                [
                    315,
                    221
                ],
                [
                    317,
                    223
                ],
                [
                    317,
                    225
                ],
                [
                    318,
                    226
                ],
                [
                    321,
                    226
                ],
                [
                    324,
                    223
                ],
                [
                    325,
                    223
                ],
                [
                    326,
                    224
                ],
                [
                    326,
                    225
                ],
                [
                    328,
                    227
                ],
                [
                    328,
                    228
                ],
                [
                    329,
                    227
                ],
                [
                    332,
                    227
                ],
                [
                    336,
                    231
                ],
                [
                    336,
                    233
                ],
                [
                    337,
                    234
                ],
                [
                    340,
                    234
                ],
                [
                    340,
                    233
                ],
                [
                    342,
                    231
                ],
                [
                    345,
                    234
                ],
                [
                    346,
                    234
                ],
                [
                    348,
                    236
                ],
                [
                    350,
                    236
                ],
                [
                    351,
                    237
                ],
                [
                    354,
                    237
                ],
                [
                    355,
                    236
                ],
                [
                    355,
                    235
                ],
                [
                    357,
                    233
                ],
                [
                    357,
                    232
                ],
                [
                    360,
                    229
                ],
                [
                    360,
                    227
                ],
                [
                    361,
                    226
                ],
                [
                    363,
                    226
                ],
                [
                    364,
                    227
                ],
                [
                    364,
                    228
                ],
                [
                    365,
                    229
                ],
                [
                    365,
                    230
                ],
                [
                    367,
                    230
                ],
                [
                    368,
                    231
                ],
                [
                    371,
                    231
                ],
                [
                    372,
                    230
                ],
                [
                    374,
                    230
                ],
                [
                    375,
                    231
                ],
                [
                    375,
                    232
                ],
                [
                    376,
                    233
                ],
                [
                    376,
                    234
                ],
                [
                    383,
                    234
                ],
                [
                    384,
                    235
                ],
                [
                    386,
                    235
                ],
                [
                    387,
                    234
                ],
                [
                    390,
                    234
                ],
                [
                    391,
                    233
                ],
                [
                    392,
                    233
                ],
                [
                    393,
                    232
                ],
                [
                    396,
                    232
                ],
                [
                    397,
                    231
                ],
                [
                    399,
                    231
                ],
                [
                    400,
                    230
                ],
                [
                    406,
                    230
                ],
                [
                    408,
                    232
                ],
                [
                    408,
                    234
                ],
                [
                    409,
                    234
                ],
                [
                    410,
                    235
                ],
                [
                    411,
                    235
                ],
                [
                    413,
                    237
                ],
                [
                    414,
                    237
                ],
                [
                    415,
                    238
                ],
                [
                    419,
                    238
                ],
                [
                    420,
                    237
                ],
                [
                    420,
                    232
                ],
                [
                    422,
                    230
                ],
                [
                    423,
                    231
                ],
                [
                    423,
                    233
                ],
                [
                    424,
                    234
                ],
                [
                    424,
                    236
                ],
                [
                    425,
                    237
                ],
                [
                    428,
                    237
                ],
                [
                    430,
                    235
                ],
                [
                    432,
                    235
                ],
                [
                    433,
                    234
                ],
                [
                    435,
                    234
                ],
                [
                    436,
                    235
                ],
                [
                    437,
                    235
                ],
                [
                    438,
                    236
                ],
                [
                    439,
                    236
                ],
                [
                    440,
                    237
                ],
                [
                    440,
                    236
                ],
                [
                    443,
                    233
                ],
                [
                    452,
                    233
                ],
                [
                    453,
                    234
                ],
                [
                    456,
                    234
                ],
                [
                    459,
                    237
                ],
                [
                    460,
                    237
                ],
                [
                    462,
                    235
                ],
                [
                    463,
                    235
                ],
                [
                    464,
                    234
                ],
                [
                    469,
                    234
                ],
                [
                    470,
                    235
                ],
                [
                    477,
                    235
                ],
                [
                    479,
                    237
                ],
                [
                    479,
                    238
                ],
                [
                    480,
                    239
                ],
                [
                    480,
                    240
                ],
                [
                    484,
                    244
                ],
                [
                    487,
                    244
                ],
                [
                    491,
                    240
                ],
                [
                    492,
                    240
                ],
                [
                    493,
                    239
                ],
                [
                    494,
                    240
                ],
                [
                    494,
                    241
                ],
                [
                    497,
                    244
                ],
                [
                    497,
                    246
                ],
                [
                    499,
                    248
                ],
                [
                    499,
                    249
                ],
                [
                    501,
                    251
                ],
                [
                    503,
                    251
                ],
                [
                    504,
                    252
                ],
                [
                    516,
                    252
                ],
                [
                    517,
                    251
                ],
                [
                    522,
                    251
                ],
                [
                    523,
                    250
                ],
                [
                    525,
                    252
                ],
                [
                    530,
                    252
                ],
                [
                    532,
                    250
                ],
                [
                    533,
                    250
                ],
                [
                    534,
                    249
                ],
                [
                    537,
                    249
                ],
                [
                    538,
                    248
                ],
                [
                    540,
                    248
                ],
                [
                    540,
                    247
                ],
                [
                    544,
                    243
                ],
                [
                    547,
                    246
                ],
                [
                    550,
                    246
                ],
                [
                    551,
                    245
                ],
                [
                    551,
                    244
                ],
                [
                    552,
                    243
                ],
                [
                    552,
                    233
                ],
                [
                    553,
                    232
                ],
                [
                    557,
                    232
                ],
                [
                    558,
                    231
                ],
                [
                    563,
                    231
                ],
                [
                    564,
                    230
                ],
                [
                    566,
                    230
                ],
                [
                    567,
                    229
                ],
                [
                    568,
                    230
                ],
                [
                    569,
                    230
                ],
                [
                    573,
                    234
                ],
                [
                    578,
                    234
                ],
                [
                    578,
                    233
                ],
                [
                    579,
                    232
                ],
                [
                    579,
                    231
                ],
                [
                    580,
                    230
                ],
                [
                    582,
                    230
                ],
                [
                    583,
                    229
                ],
                [
                    596,
                    229
                ],
                [
                    597,
                    230
                ],
                [
                    599,
                    230
                ],
                [
                    602,
                    233
                ],
                [
                    605,
                    233
                ],
                [
                    605,
                    232
                ],
                [
                    606,
                    231
                ],
                [
                    610,
                    231
                ],
                [
                    611,
                    230
                ],
                [
                    614,
                    230
                ],
                [
                    616,
                    232
                ],
                [
                    618,
                    232
                ],
                [
                    619,
                    233
                ],
                [
                    623,
                    233
                ],
                [
                    624,
                    232
                ],
                [
                    624,
                    231
                ],
                [
                    625,
                    230
                ],
                [
                    630,
                    230
                ],
                [
                    631,
                    229
                ],
                [
                    631,
                    228
                ],
                [
                    632,
                    227
                ],
                [
                    632,
                    216
                ],
                [
                    629,
                    213
                ],
                [
                    628,
                    213
                ],
                [
                    627,
                    212
                ],
                [
                    627,
                    211
                ],
                [
                    629,
                    209
                ],
                [
                    629,
                    207
                ],
                [
                    631,
                    205
                ],
                [
                    631,
                    199
                ],
                [
                    630,
                    199
                ],
                [
                    629,
                    198
                ],
                [
                    629,
                    197
                ],
                [
                    628,
                    197
                ],
                [
                    627,
                    196
                ],
                [
                    626,
                    196
                ],
                [
                    625,
                    195
                ],
                [
                    621,
                    195
                ],
                [
                    620,
                    194
                ],
                [
                    615,
                    194
                ],
                [
                    614,
                    193
                ],
                [
                    606,
                    193
                ],
                [
                    605,
                    192
                ],
                [
                    603,
                    192
                ],
                [
                    601,
                    190
                ],
                [
                    601,
                    189
                ],
                [
                    597,
                    189
                ],
                [
                    597,
                    190
                ],
                [
                    596,
                    191
                ],
                [
                    592,
                    191
                ],
                [
                    591,
                    190
                ],
                [
                    590,
                    190
                ],
                [
                    589,
                    189
                ],
                [
                    581,
                    189
                ],
                [
                    580,
                    190
                ],
                [
                    571,
                    190
                ],
                [
                    570,
                    189
                ],
                [
                    566,
                    189
                ],
                [
                    565,
                    188
                ],
                [
                    565,
                    184
                ],
                [
                    564,
                    183
                ],
                [
                    564,
                    182
                ],
                [
                    563,
                    182
                ],
                [
                    562,
                    181
                ],
                [
                    559,
                    181
                ],
                [
                    558,
                    182
                ],
                [
                    557,
                    182
                ],
                [
                    557,
                    183
                ],
                [
                    556,
                    184
                ],
                [
                    555,
                    184
                ],
                [
                    554,
                    185
                ],
                [
                    553,
                    185
                ],
                [
                    552,
                    186
                ],
                [
                    551,
                    185
                ],
                [
                    549,
                    185
                ],
                [
                    548,
                    184
                ],
                [
                    548,
                    183
                ],
                [
                    547,
                    182
                ],
                [
                    547,
                    181
                ],
                [
                    545,
                    181
                ],
                [
                    544,
                    180
                ],
                [
                    542,
                    180
                ],
                [
                    541,
                    181
                ],
                [
                    541,
                    183
                ],
                [
                    539,
                    185
                ],
                [
                    537,
                    183
                ],
                [
                    537,
                    182
                ],
                [
                    536,
                    182
                ],
                [
                    535,
                    181
                ],
                [
                    533,
                    181
                ],
                [
                    533,
                    182
                ],
                [
                    532,
                    183
                ],
                [
                    531,
                    183
                ],
                [
                    530,
                    184
                ],
                [
                    529,
                    183
                ],
                [
                    529,
                    182
                ],
                [
                    528,
                    182
                ],
                [
                    527,
                    181
                ],
                [
                    525,
                    181
                ],
                [
                    524,
                    180
                ],
                [
                    523,
                    180
                ],
                [
                    522,
                    179
                ],
                [
                    520,
                    179
                ],
                [
                    519,
                    178
                ],
                [
                    517,
                    178
                ],
                [
                    516,
                    177
                ],
                [
                    506,
                    177
                ],
                [
                    505,
                    176
                ],
                [
                    468,
                    176
                ],
                [
                    467,
                    177
                ],
                [
                    464,
                    177
                ],
                [
                    463,
                    176
                ],
                [
                    463,
                    175
                ],
                [
                    462,
                    174
                ],
                [
                    457,
                    174
                ],
                [
                    456,
                    173
                ],
                [
                    456,
                    168
                ],
                [
                    454,
                    166
                ],
                [
                    453,
                    166
                ],
                [
                    452,
                    165
                ],
                [
                    451,
                    165
                ],
                [
                    447,
                    161
                ],
                [
                    445,
                    161
                ],
                [
                    444,
                    160
                ],
                [
                    443,
                    160
                ],
                [
                    442,
                    159
                ],
                [
                    440,
                    159
                ],
                [
                    439,
                    158
                ],
                [
                    435,
                    158
                ],
                [
                    434,
                    157
                ],
                [
                    429,
                    157
                ],
                [
                    428,
                    156
                ],
                [
                    428,
                    155
                ],
                [
                    425,
                    155
                ],
                [
                    424,
                    154
                ],
                [
                    420,
                    154
                ],
                [
                    417,
                    157
                ],
                [
                    414,
                    154
                ],
                [
                    414,
                    153
                ],
                [
                    413,
                    153
                ],
                [
                    412,
                    152
                ],
                [
                    412,
                    151
                ],
                [
                    409,
                    148
                ],
                [
                    408,
                    148
                ],
                [
                    406,
                    146
                ],
                [
                    405,
                    146
                ],
                [
                    404,
                    145
                ],
                [
                    403,
                    145
                ],
                [
                    402,
                    146
                ],
                [
                    401,
                    146
                ],
                [
                    399,
                    148
                ],
                [
                    398,
                    148
                ],
                [
                    397,
                    149
                ],
                [
                    396,
                    149
                ],
                [
                    396,
                    150
                ],
                [
                    395,
                    151
                ],
                [
                    394,
                    151
                ],
                [
                    393,
                    152
                ],
                [
                    391,
                    152
                ],
                [
                    387,
                    148
                ],
                [
                    386,
                    148
                ],
                [
                    384,
                    146
                ],
                [
                    384,
                    148
                ],
                [
                    383,
                    149
                ],
                [
                    383,
                    151
                ],
                [
                    381,
                    153
                ],
                [
                    380,
                    153
                ],
                [
                    379,
                    152
                ],
                [
                    376,
                    152
                ],
                [
                    375,
                    151
                ],
                [
                    373,
                    151
                ],
                [
                    371,
                    153
                ],
                [
                    369,
                    153
                ],
                [
                    368,
                    152
                ],
                [
                    365,
                    152
                ],
                [
                    363,
                    150
                ],
                [
                    362,
                    150
                ],
                [
                    361,
                    149
                ],
                [
                    359,
                    149
                ],
                [
                    357,
                    151
                ],
                [
                    357,
                    152
                ],
                [
                    356,
                    153
                ],
                [
                    355,
                    153
                ],
                [
                    352,
                    150
                ],
                [
                    352,
                    149
                ],
                [
                    351,
                    148
                ],
                [
                    350,
                    148
                ],
                [
                    348,
                    146
                ],
                [
                    348,
                    145
                ],
                [
                    347,
                    144
                ],
                [
                    345,
                    144
                ],
                [
                    344,
                    143
                ],
                [
                    337,
                    143
                ],
                [
                    336,
                    144
                ],
                [
                    334,
                    144
                ],
                [
                    333,
                    143
                ],
                [
                    333,
                    142
                ],
                [
                    332,
                    141
                ],
                [
                    332,
                    140
                ],
                [
                    331,
                    139
                ],
                [
                    326,
                    139
                ],
                [
                    325,
                    140
                ],
                [
                    324,
                    140
                ],
                [
                    323,
                    141
                ],
                [
                    323,
                    144
                ],
                [
                    322,
                    145
                ],
                [
                    320,
                    145
                ],
                [
                    319,
                    146
                ],
                [
                    310,
                    146
                ],
                [
                    308,
                    144
                ],
                [
                    307,
                    144
                ],
                [
                    303,
                    140
                ],
                [
                    296,
                    140
                ],
                [
                    295,
                    141
                ],
                [
                    295,
                    142
                ],
                [
                    294,
                    143
                ],
                [
                    289,
                    143
                ],
                [
                    287,
                    141
                ],
                [
                    285,
                    141
                ],
                [
                    284,
                    142
                ],
                [
                    283,
                    142
                ],
                [
                    282,
                    143
                ],
                [
                    272,
                    143
                ],
                [
                    271,
                    142
                ],
                [
                    268,
                    142
                ],
                [
                    267,
                    141
                ],
                [
                    265,
                    141
                ],
                [
                    264,
                    140
                ],
                [
                    263,
                    140
                ],
                [
                    261,
                    138
                ],
                [
                    259,
                    138
                ],
                [
                    258,
                    139
                ],
                [
                    254,
                    139
                ],
                [
                    253,
                    138
                ],
                [
                    252,
                    138
                ],
                [
                    251,
                    137
                ],
                [
                    251,
                    136
                ],
                [
                    247,
                    136
                ],
                [
                    246,
                    137
                ],
                [
                    240,
                    137
                ],
                [
                    239,
                    136
                ],
                [
                    239,
                    137
                ],
                [
                    237,
                    139
                ],
                [
                    235,
                    139
                ],
                [
                    234,
                    140
                ],
                [
                    233,
                    139
                ],
                [
                    233,
                    136
                ],
                [
                    222,
                    136
                ],
                [
                    221,
                    135
                ],
                [
                    219,
                    135
                ],
                [
                    218,
                    136
                ],
                [
                    215,
                    136
                ],
                [
                    214,
                    137
                ],
                [
                    213,
                    136
                ],
                [
                    210,
                    136
                ],
                [
                    209,
                    135
                ],
                [
                    207,
                    135
                ],
                [
                    206,
                    136
                ],
                [
                    205,
                    136
                ],
                [
                    204,
                    137
                ],
                [
                    199,
                    137
                ],
                [
                    198,
                    136
                ],
                [
                    196,
                    136
                ],
                [
                    195,
                    135
                ],
                [
                    191,
                    135
                ],
                [
                    188,
                    132
                ],
                [
                    182,
                    132
                ],
                [
                    181,
                    131
                ],
                [
                    180,
                    131
                ],
                [
                    179,
                    130
                ],
                [
                    178,
                    130
                ],
                [
                    177,
                    129
                ],
                [
                    175,
                    129
                ],
                [
                    174,
                    130
                ],
                [
                    172,
                    130
                ],
                [
                    171,
                    129
                ],
                [
                    171,
                    128
                ],
                [
                    169,
                    126
                ],
                [
                    168,
                    126
                ],
                [
                    167,
                    125
                ],
                [
                    164,
                    125
                ],
                [
                    162,
                    127
                ],
                [
                    161,
                    127
                ],
                [
                    160,
                    128
                ],
                [
                    148,
                    128
                ],
                [
                    147,
                    127
                ],
                [
                    147,
                    126
                ],
                [
                    146,
                    127
                ],
                [
                    143,
                    127
                ],
                [
                    143,
                    131
                ],
                [
                    142,
                    132
                ],
                [
                    141,
                    131
                ],
                [
                    141,
                    130
                ],
                [
                    140,
                    129
                ],
                [
                    140,
                    128
                ],
                [
                    124,
                    128
                ],
                [
                    123,
                    127
                ],
                [
                    123,
                    126
                ],
                [
                    122,
                    125
                ],
                [
                    122,
                    124
                ],
                [
                    117,
                    124
                ],
                [
                    115,
                    122
                ],
                [
                    115,
                    121
                ],
                [
                    113,
                    119
                ],
                [
                    108,
                    119
                ],
                [
                    106,
                    121
                ],
                [
                    106,
                    124
                ],
                [
                    107,
                    125
                ],
                [
                    106,
                    126
                ],
                [
                    94,
                    126
                ],
                [
                    93,
                    127
                ],
                [
                    89,
                    127
                ],
                [
                    88,
                    126
                ],
                [
                    83,
                    126
                ],
                [
                    82,
                    125
                ],
                [
                    78,
                    125
                ],
                [
                    77,
                    124
                ],
                [
                    76,
                    124
                ],
                [
                    74,
                    122
                ],
                [
                    70,
                    122
                ],
                [
                    70,
                    123
                ],
                [
                    69,
                    124
                ],
                [
                    68,
                    124
                ],
                [
                    67,
                    125
                ],
                [
                    66,
                    125
                ],
                [
                    66,
                    126
                ],
                [
                    65,
                    127
                ],
                [
                    63,
                    127
                ],
                [
                    62,
                    126
                ],
                [
                    62,
                    123
                ],
                [
                    58,
                    123
                ],
                [
                    56,
                    125
                ],
                [
                    56,
                    126
                ],
                [
                    55,
                    127
                ],
                [
                    54,
                    126
                ],
                [
                    54,
                    125
                ],
                [
                    50,
                    121
                ],
                [
                    50,
                    120
                ],
                [
                    43,
                    120
                ],
                [
                    43,
                    121
                ],
                [
                    42,
                    122
                ],
                [
                    41,
                    121
                ],
                [
                    41,
                    120
                ],
                [
                    38,
                    120
                ],
                [
                    32,
                    114
                ],
                [
                    29,
                    114
                ],
                [
                    29,
                    115
                ],
                [
                    27,
                    117
                ],
                [
                    23,
                    117
                ],
                [
                    22,
                    116
                ],
                [
                    22,
                    111
                ],
                [
                    21,
                    110
                ],
                [
                    14,
                    110
                ],
                [
                    14,
                    111
                ],
                [
                    13,
                    112
                ],
                [
                    11,
                    112
                ],
                [
                    9,
                    114
                ],
                [
                    7,
                    114
                ],
                [
                    6,
                    113
                ],
                [
                    3,
                    113
                ],
                [
                    2,
                    112
                ],
                [
                    2,
                    110
                ]
            ],
            "group_id": null,
            "shape_type": "polygon",
            "flags": {}
        },
        {
            "label": "particle",
            "points": [
                [
                    538,
                    298
                ],
                [
                    537,
                    299
                ],
                [
                    537,
                    300
                ],
                [
                    536,
                    301
                ],
                [
                    535,
                    301
                ],
                [
                    533,
                    299
                ],
                [
                    530,
                    299
                ],
                [
                    529,
                    300
                ],
                [
                    526,
                    300
                ],
                [
                    523,
                    303
                ],
                [
                    522,
                    303
                ],
                [
                    520,
                    305
                ],
                [
                    518,
                    305
                ],
                [
                    516,
                    307
                ],
                [
                    515,
                    306
                ],
                [
                    514,
                    306
                ],
                [
                    513,
                    305
                ],
                [
                    511,
                    305
                ],
                [
                    510,
                    306
                ],
                [
                    509,
                    306
                ],
                [
                    508,
                    307
                ],
                [
                    508,
                    309
                ],
                [
                    507,
                    310
                ],
                [
                    507,
                    311
                ],
                [
                    506,
                    312
                ],
                [
                    505,
                    312
                ],
                [
                    504,
                    313
                ],
                [
                    498,
                    313
                ],
                [
                    497,
                    314
                ],
                [
                    495,
                    314
                ],
                [
                    492,
                    317
                ],
                [
                    487,
                    317
                ],
                [
                    486,
                    318
                ],
                [
                    483,
                    318
                ],
                [
                    480,
                    321
                ],
                [
                    474,
                    321
                ],
                [
                    473,
                    320
                ],
                [
                    472,
                    320
                ],
                [
                    471,
                    321
                ],
                [
                    469,
                    321
                ],
                [
                    469,
                    322
                ],
                [
                    468,
                    323
                ],
                [
                    467,
                    323
                ],
                [
                    466,
                    324
                ],
                [
                    465,
                    324
                ],
                [
                    464,
                    325
                ],
                [
                    463,
                    325
                ],
                [
                    462,
                    326
                ],
                [
                    461,
                    326
                ],
                [
                    460,
                    327
                ],
                [
                    459,
                    327
                ],
                [
                    458,
                    328
                ],
                [
                    456,
                    328
                ],
                [
                    455,
                    329
                ],
                [
                    451,
                    329
                ],
                [
                    450,
                    330
                ],
                [
                    447,
                    330
                ],
                [
                    446,
                    329
                ],
                [
                    444,
                    329
                ],
                [
                    443,
                    330
                ],
                [
                    442,
                    330
                ],
                [
                    439,
                    333
                ],
                [
                    436,
                    333
                ],
                [
                    435,
                    334
                ],
                [
                    434,
                    334
                ],
                [
                    433,
                    333
                ],
                [
                    431,
                    333
                ],
                [
                    428,
                    330
                ],
                [
                    426,
                    332
                ],
                [
                    425,
                    332
                ],
                [
                    422,
                    335
                ],
                [
                    421,
                    335
                ],
                [
                    420,
                    334
                ],
                [
                    419,
                    334
                ],
                [
                    418,
                    333
                ],
                [
                    417,
                    333
                ],
                [
                    416,
                    332
                ],
                [
                    416,
                    331
                ],
                [
                    412,
                    327
                ],
                [
                    412,
                    326
                ],
                [
                    411,
                    325
                ],
                [
                    395,
                    325
                ],
                [
                    394,
                    326
                ],
                [
                    392,
                    326
                ],
                [
                    390,
                    328
                ],
                [
                    388,
                    328
                ],
                [
                    387,
                    329
                ],
                [
                    386,
                    329
                ],
                [
                    384,
                    331
                ],
                [
                    378,
                    331
                ],
                [
                    377,
                    332
                ],
                [
                    355,
                    332
                ],
                [
                    354,
                    333
                ],
                [
                    349,
                    333
                ],
                [
                    346,
                    330
                ],
                [
                    344,
                    330
                ],
                [
                    341,
                    333
                ],
                [
                    340,
                    333
                ],
                [
                    340,
                    336
                ],
                [
                    339,
                    337
                ],
                [
                    330,
                    337
                ],
                [
                    329,
                    338
                ],
                [
                    328,
                    338
                ],
                [
                    327,
                    339
                ],
                [
                    326,
                    339
                ],
                [
                    325,
                    338
                ],
                [
                    322,
                    338
                ],
                [
                    321,
                    339
                ],
                [
                    320,
                    339
                ],
                [
                    318,
                    341
                ],
                [
                    317,
                    341
                ],
                [
                    315,
                    343
                ],
                [
                    315,
                    344
                ],
                [
                    314,
                    345
                ],
                [
                    313,
                    345
                ],
                [
                    311,
                    347
                ],
                [
                    311,
                    348
                ],
                [
                    310,
                    349
                ],
                [
                    309,
                    349
                ],
                [
                    307,
                    351
                ],
                [
                    307,
                    352
                ],
                [
                    303,
                    356
                ],
                [
                    303,
                    357
                ],
                [
                    301,
                    359
                ],
                [
                    300,
                    359
                ],
                [
                    299,
                    358
                ],
                [
                    299,
                    357
                ],
                [
                    295,
                    357
                ],
                [
                    294,
                    358
                ],
                [
                    293,
                    358
                ],
                [
                    292,
                    359
                ],
                [
                    291,
                    359
                ],
                [
                    291,
                    360
                ],
                [
                    290,
                    361
                ],
                [
                    290,
                    364
                ],
                [
                    289,
                    365
                ],
                [
                    289,
                    366
                ],
                [
                    286,
                    369
                ],
                [
                    285,
                    369
                ],
                [
                    284,
                    370
                ],
                [
                    281,
                    370
                ],
                [
                    280,
                    371
                ],
                [
                    279,
                    371
                ],
                [
                    278,
                    372
                ],
                [
                    276,
                    372
                ],
                [
                    274,
                    374
                ],
                [
                    271,
                    374
                ],
                [
                    270,
                    375
                ],
                [
                    269,
                    375
                ],
                [
                    268,
                    376
                ],
                [
                    261,
                    376
                ],
                [
                    259,
                    374
                ],
                [
                    258,
                    375
                ],
                [
                    257,
                    375
                ],
                [
                    256,
                    376
                ],
                [
                    254,
                    376
                ],
                [
                    253,
                    377
                ],
                [
                    250,
                    377
                ],
                [
                    249,
                    378
                ],
                [
                    247,
                    378
                ],
                [
                    247,
                    381
                ],
                [
                    246,
                    382
                ],
                [
                    242,
                    382
                ],
                [
                    239,
                    385
                ],
                [
                    238,
                    385
                ],
                [
                    237,
                    386
                ],
                [
                    233,
                    386
                ],
                [
                    230,
                    389
                ],
                [
                    230,
                    397
                ],
                [
                    232,
                    399
                ],
                [
                    232,
                    400
                ],
                [
                    233,
                    401
                ],
                [
                    233,
                    402
                ],
                [
                    234,
                    403
                ],
                [
                    234,
                    409
                ],
                [
                    232,
                    411
                ],
                [
                    232,
                    415
                ],
                [
                    234,
                    417
                ],
                [
                    234,
                    418
                ],
                [
                    236,
                    418
                ],
                [
                    237,
                    417
                ],
                [
                    238,
                    418
                ],
                [
                    238,
                    419
                ],
                [
                    237,
                    420
                ],
                [
                    236,
                    420
                ],
                [
                    235,
                    421
                ],
                [
                    234,
                    421
                ],
                [
                    234,
                    422
                ],
                [
                    235,
                    423
                ],
                [
                    235,
                    425
                ],
                [
                    238,
                    428
                ],
                [
                    238,
                    430
                ],
                [
                    239,
                    431
                ],
                [
                    239,
                    433
                ],
                [
                    240,
                    434
                ],
                [
                    238,
                    436
                ],
                [
                    238,
                    438
                ],
                [
                    239,
                    439
                ],
                [
                    239,
                    441
                ],
                [
                    240,
                    442
                ],
                [
                    240,
                    444
                ],
                [
                    241,
                    445
                ],
                [
                    241,
                    448
                ],
                [
                    242,
                    449
                ],
                [
                    242,
                    457
                ],
                [
                    243,
                    458
                ],
                [
                    243,
                    459
                ],
                [
                    244,
                    459
                ],
                [
                    246,
                    461
                ],
                [
                    249,
                    461
                ],
                [
                    250,
                    462
                ],
                [
                    250,
                    472
                ],
                [
                    251,
                    473
                ],
                [
                    251,
                    474
                ],
                [
                    254,
                    477
                ],
                [
                    254,
                    478
                ],
                [
                    255,
                    479
                ],
                [
                    256,
                    479
                ],
                [
                    257,
                    480
                ],
                [
                    257,
                    481
                ],
                [
                    262,
                    481
                ],
                [
                    263,
                    480
                ],
                [
                    264,
                    480
                ],
                [
                    264,
                    479
                ],
                [
                    265,
                    478
                ],
                [
                    268,
                    478
                ],
                [
                    269,
                    477
                ],
                [
                    271,
                    477
                ],
                [
                    272,
                    476
                ],
                [
                    277,
                    476
                ],
                [
                    279,
                    474
                ],
                [
                    279,
                    472
                ],
                [
                    280,
                    471
                ],
                [
                    280,
                    468
                ],
                [
                    281,
                    467
                ],
                [
                    288,
                    467
                ],
                [
                    288,
                    466
                ],
                [
                    291,
                    463
                ],
                [
                    291,
                    461
                ],
                [
                    293,
                    459
                ],
                [
                    296,
                    459
                ],
                [
                    297,
                    460
                ],
                [
                    299,
                    460
                ],
                [
                    300,
                    459
                ],
                [
                    301,
                    459
                ],
                [
                    301,
                    456
                ],
                [
                    304,
                    453
                ],
                [
                    306,
                    453
                ],
                [
                    308,
                    451
                ],
                [
                    313,
                    451
                ],
                [
                    314,
                    452
                ],
                [
                    317,
                    452
                ],
                [
                    318,
                    451
                ],
                [
                    323,
                    451
                ],
                [
                    328,
                    446
                ],
                [
                    329,
                    446
                ],
                [
                    330,
                    445
                ],
                [
                    331,
                    445
                ],
                [
                    332,
                    444
                ],
                [
                    334,
                    444
                ],
                [
                    335,
                    443
                ],
                [
                    338,
                    443
                ],
                [
                    339,
                    442
                ],
                [
                    340,
                    442
                ],
                [
                    341,
                    443
                ],
                [
                    342,
                    443
                ],
                [
                    343,
                    444
                ],
                [
                    349,
                    444
                ],
                [
                    350,
                    443
                ],
                [
                    355,
                    443
                ],
                [
                    355,
                    437
                ],
                [
                    356,
                    436
                ],
                [
                    358,
                    436
                ],
                [
                    359,
                    435
                ],
                [
                    362,
                    435
                ],
                [
                    363,
                    436
                ],
                [
                    365,
                    436
                ],
                [
                    366,
                    435
                ],
                [
                    367,
                    436
                ],
                [
                    367,
                    437
                ],
                [
                    368,
                    438
                ],
                [
                    369,
                    438
                ],
                [
                    370,
                    437
                ],
                [
                    372,
                    437
                ],
                [
                    372,
                    436
                ],
                [
                    373,
                    435
                ],
                [
                    374,
                    435
                ],
                [
                    374,
                    434
                ],
                [
                    377,
                    431
                ],
                [
                    377,
                    430
                ],
                [
                    378,
                    429
                ],
                [
                    380,
                    429
                ],
                [
                    381,
                    428
                ],
                [
                    383,
                    428
                ],
                [
                    384,
                    427
                ],
                [
                    386,
                    427
                ],
                [
                    387,
                    426
                ],
                [
                    393,
                    426
                ],
                [
                    394,
                    425
                ],
                [
                    395,
                    425
                ],
                [
                    398,
                    422
                ],
                [
                    403,
                    422
                ],
                [
                    404,
                    423
                ],
                [
                    408,
                    423
                ],
                [
                    408,
                    422
                ],
                [
                    409,
                    421
                ],
                [
                    416,
                    421
                ],
                [
                    416,
                    420
                ],
                [
                    418,
                    418
                ],
                [
                    422,
                    418
                ],
                [
                    425,
                    415
                ],
                [
                    426,
                    415
                ],
                [
                    427,
                    414
                ],
                [
                    430,
                    414
                ],
                [
                    434,
                    410
                ],
                [
                    436,
                    410
                ],
                [
                    437,
                    409
                ],
                [
                    439,
                    409
                ],
                [
                    440,
                    408
                ],
                [
                    442,
                    408
                ],
                [
                    443,
                    407
                ],
                [
                    455,
                    407
                ],
                [
                    456,
                    408
                ],
                [
                    462,
                    408
                ],
                [
                    462,
                    407
                ],
                [
                    464,
                    405
                ],
                [
                    466,
                    405
                ],
                [
                    467,
                    404
                ],
                [
                    468,
                    404
                ],
                [
                    472,
                    400
                ],
                [
                    477,
                    400
                ],
                [
                    478,
                    399
                ],
                [
                    479,
                    400
                ],
                [
                    479,
                    401
                ],
                [
                    481,
                    403
                ],
                [
                    483,
                    403
                ],
                [
                    484,
                    404
                ],
                [
                    485,
                    404
                ],
                [
                    485,
                    403
                ],
                [
                    487,
                    401
                ],
                [
                    488,
                    401
                ],
                [
                    489,
                    400
                ],
                [
                    489,
                    399
                ],
                [
                    491,
                    397
                ],
                [
                    491,
                    395
                ],
                [
                    492,
                    394
                ],
                [
                    493,
                    395
                ],
                [
                    493,
                    396
                ],
                [
                    494,
                    396
                ],
                [
                    495,
                    397
                ],
                [
                    499,
                    397
                ],
                [
                    499,
                    395
                ],
                [
                    500,
                    394
                ],
                [
                    500,
                    393
                ],
                [
                    502,
                    391
                ],
                [
                    504,
                    391
                ],
                [
                    505,
                    390
                ],
                [
                    507,
                    390
                ],
                [
                    508,
                    389
                ],
                [
                    520,
                    389
                ],
                [
                    520,
                    388
                ],
                [
                    523,
                    385
                ],
                [
                    525,
                    385
                ],
                [
                    526,
                    384
                ],
                [
                    527,
                    384
                ],
                [
                    528,
                    383
                ],
                [
                    529,
                    383
                ],
                [
                    530,
                    382
                ],
                [
                    534,
                    382
                ],
                [
                    535,
                    383
                ],
                [
                    535,
                    384
                ],
                [
                    540,
                    384
                ],
                [
                    540,
                    383
                ],
                [
                    541,
                    382
                ],
                [
                    549,
                    382
                ],
                [
                    549,
                    380
                ],
                [
                    551,
                    378
                ],
                [
                    554,
                    378
                ],
                [
                    557,
                    375
                ],
                [
                    557,
                    374
                ],
                [
                    558,
                    373
                ],
                [
                    558,
                    365
                ],
                [
                    557,
                    364
                ],
                [
                    557,
                    354
                ],
                [
                    556,
                    353
                ],
                [
                    555,
                    353
                ],
                [
                    553,
                    351
                ],
                [
                    552,
                    352
                ],
                [
                    550,
                    350
                ],
                [
                    550,
                    349
                ],
                [
                    549,
                    348
                ],
                [
                    549,
                    345
                ],
                [
                    548,
                    344
                ],
                [
                    548,
                    343
                ],
                [
                    547,
                    342
                ],
                [
                    547,
                    341
                ],
                [
                    546,
                    340
                ],
                [
                    546,
                    338
                ],
                [
                    547,
                    337
                ],
                [
                    547,
                    336
                ],
                [
                    548,
                    335
                ],
                [
                    548,
                    333
                ],
                [
                    547,
                    332
                ],
                [
                    547,
                    331
                ],
                [
                    545,
                    329
                ],
                [
                    545,
                    327
                ],
                [
                    544,
                    326
                ],
                [
                    544,
                    325
                ],
                [
                    543,
                    325
                ],
                [
                    542,
                    324
                ],
                [
                    542,
                    323
                ],
                [
                    541,
                    322
                ],
                [
                    541,
                    319
                ],
                [
                    540,
                    318
                ],
                [
                    540,
                    317
                ],
                [
                    539,
                    316
                ],
                [
                    539,
                    315
                ],
                [
                    538,
                    314
                ],
                [
                    539,
                    313
                ],
                [
                    539,
                    311
                ],
                [
                    540,
                    310
                ],
                [
                    540,
                    309
                ],
                [
                    541,
                    308
                ],
                [
                    541,
                    298
                ]
            ],
            "group_id": null,
            "shape_type": "polygon",
            "flags": {}
        }
    ],
    "imagePath": "",
    "imageData": null,
    "imageHeight": 512,
    "imageWidth": 684
}