{
    "version": "4.5.6",
    "flags": {},
    "shapes": [
        {
            "label": "particle",
            "points": [
                [
                    151,
                    44
                ],
                [
                    150,
                    45
                ],
                [
                    148,
                    45
                ],
                [
                    147,
                    46
                ],
                [
                    147,
                    47
                ],
                [
                    146,
                    48
                ],
                [
                    146,
                    49
                ],
                [
                    145,
                    50
                ],
                [
                    145,
                    53
                ],
                [
                    146,
                    54
                ],
                [
                    146,
                    55
                ],
                [
                    147,
                    56
                ],
                [
                    147,
                    57
                ],
                [
                    148,
                    57
                ],
                [
                    149,
                    58
                ],
                [
                    156,
                    58
                ],
                [
                    157,
                    57
                ],
                [
                    158,
                    57
                ],
                [
                    158,
                    56
                ],
                [
                    159,
                    55
                ],
                [
                    159,
                    48
                ],
                [
                    158,
                    47
                ],
                [
                    158,
                    46
                ],
                [
                    157,
                    45
                ],
                [
                    155,
                    45
                ],
                [
                    154,
                    44
                ]
            ],
            "group_id": null,
            "shape_type": "polygon",
            "flags": {}
        },
        {
            "label": "particle",
            "points": [
                [
                    139,
                    72
                ],
                [
                    137,
                    74
                ],
                [
                    137,
                    75
                ],
                [
                    136,
                    76
                ],
                [
                    136,
                    77
                ],
                [
                    135,
                    78
                ],
                [
                    136,
                    79
                ],
                [
                    136,
                    80
                ],
                [
                    140,
                    84
                ],
                [
                    144,
                    84
                ],
                [
                    147,
                    81
                ],
                [
                    147,
                    76
                ],
                [
                    144,
                    73
                ],
                [
                    142,
                    73
                ],
                [
                    141,
                    72
                ]
            ],
            "group_id": null,
            "shape_type": "polygon",
            "flags": {}
        },
        {
            "label": "particle",
            "points": [
                [
                    69,
                    88
                ],
                [
                    66,
                    91
                ],
                [
                    65,
                    91
                ],
                [
                    63,
                    93
                ],
                [
                    63,
                    99
                ],
                [
                    67,
                    103
                ],
                [
                    69,
                    103
                ],
                [
                    70,
                    104
                ],
                [
                    75,
                    104
                ],
                [
                    77,
                    102
                ],
                [
                    78,
                    102
                ],
                [
                    78,
                    101
                ],
                [
                    80,
                    99
                ],
                [
                    80,
                    96
                ],
                [
                    79,
                    95
                ],
                [
                    79,
                    93
                ],
                [
                    78,
                    92
                ],
                [
                    78,
                    91
                ],
                [
                    76,
                    89
                ],
                [
                    75,
                    89
                ],
                [
                    74,
                    88
                ]
            ],
            "group_id": null,
            "shape_type": "polygon",
            "flags": {}
        },
        {
            "label": "particle",
            "points": [
                [
                    20,
                    127
                ],
                [
                    19,
                    128
                ],
                [
                    19,
                    130
                ],
                [
                    17,
                    132
                ],
                [
                    17,
                    135
                ],
                [
                    18,
                    136
                ],
                [
                    18,
                    137
                ],
                [
                    19,
                    138
                ],
                [
                    19,
                    139
                ],
                [
                    20,
                    140
                ],
                [
                    27,
                    140
                ],
                [
                    28,
                    139
                ],
                [
                    29,
                    139
                ],
                [
                    30,
                    138
                ],
                [
                    30,
                    130
                ],
                [
                    28,
                    128
                ],
                [
                    27,
                    128
                ],
                [
                    26,
                    127
                ]
            ],
            "group_id": null,
            "shape_type": "polygon",
            "flags": {}
        },
        {
            "label": "particle",
            "points": [
                [
                    92,
                    111
                ],
                [
                    91,
                    112
                ],
                [
                    90,
                    112
                ],
                [
                    89,
                    113
                ],
                [
                    89,
                    114
                ],
                [
                    88,
                    115
                ],
                [
                    88,
                    118
                ],
                [
                    89,
                    119
                ],
                [
                    89,
                    121
                ],
                [
                    90,
                    121
                ],
                [
                    93,
                    124
                ],
                [
                    94,
                    124
                ],
                [
                    95,
                    125
                ],
                [
                    99,
                    125
                ],
                [
                    101,
                    123
                ],
                [
                    102,
                    123
                ],
                [
                    102,
                    122
                ],
                [
                    103,
                    121
                ],
                [
                    103,
                    120
                ],
                [
                    102,
                    119
                ],
                [
                    102,
                    117
                ],
                [
                    99,
                    114
                ],
                [
                    99,
                    113
                ],
                [
                    98,
                    112
                ],
                [
                    97,
                    112
                ],
                [
                    96,
                    111
                ]
            ],
            "group_id": null,
            "shape_type": "polygon",
            "flags": {}
        },
        {
            "label": "particle",
            "points": [
                [
                    68,
                    136
                ],
                [
                    66,
                    138
                ],
                [
                    66,
                    139
                ],
                [
                    65,
                    140
                ],
                [
                    65,
                    141
                ],
                [
                    64,
                    142
                ],
                [
                    64,
                    144
                ],
                [
                    65,
                    145
                ],
                [
                    65,
                    146
                ],
                [
                    66,
                    147
                ],
                [
                    66,
                    148
                ],
                [
                    67,
                    148
                ],
                [
                    69,
                    150
                ],
                [
                    75,
                    150
                ],
                [
                    76,
                    149
                ],
                [
                    78,
                    149
                ],
                [
                    78,
                    148
                ],
                [
                    79,
                    147
                ],
                [
                    79,
                    145
                ],
                [
                    80,
                    144
                ],
                [
                    80,
                    142
                ],
                [
                    79,
                    141
                ],
                [
                    79,
                    139
                ],
                [
                    78,
                    138
                ],
                [
                    78,
                    137
                ],
                [
                    77,
                    137
                ],
                [
                    76,
                    136
                ]
            ],
            "group_id": null,
            "shape_type": "polygon",
            "flags": {}
        },
        {
            "label": "particle",
            "points": [
                [
                    76,
                    150
                ],
                [
                    75,
                    151
                ],
                [
                    74,
                    151
                ],
                [
                    72,
                    153
                ],
                [
                    72,
                    162
                ],
                [
                    73,
                    162
                ],
                [
                    74,
                    163
                ],
                [
                    76,
                    163
                ],
                [
                    77,
                    164
                ],
                [
                    79,
                    164
                ],
                [
                    80,
                    165
                ],
                [
                    82,
                    165
                ],
                [
                    83,
                    164
                ],
                [
                    85,
                    164
                ],
                [
                    87,
                    162
                ],
                [
                    87,
                    161
                ],
                [
                    88,
                    160
                ],
                [
                    88,
                    156
                ],
                [
                    87,
                    155
                ],
                [
                    87,
                    154
                ],
                [
                    84,
                    151
                ],
                [
                    83,
                    151
                ],
                [
                    82,
                    150
                ]
            ],
            "group_id": null,
            "shape_type": "polygon",
            "flags": {}
        },
        {
            "label": "particle",
            "points": [
                [
                    148,
                    145
                ],
                [
                    148,
                    146
                ],
                [
                    147,
                    147
                ],
                [
                    146,
                    147
                ],
                [
                    145,
                    148
                ],
                [
                    145,
                    150
                ],
                [
                    144,
                    151
                ],
                [
                    145,
                    152
                ],
                [
                    145,
                    156
                ],
                [
                    149,
                    160
                ],
                [
                    153,
                    160
                ],
                [
                    157,
                    156
                ],
                [
                    157,
                    149
                ],
                [
                    153,
                    145
                ]
            ],
            "group_id": null,
            "shape_type": "polygon",
            "flags": {}
        },
        {
            "label": "particle",
            "points": [
                [
                    141,
                    186
                ],
                [
                    140,
                    187
                ],
                [
                    138,
                    187
                ],
                [
                    138,
                    188
                ],
                [
                    137,
                    189
                ],
                [
                    137,
                    190
                ],
                [
                    136,
                    191
                ],
                [
                    136,
                    195
                ],
                [
                    139,
                    198
                ],
                [
                    141,
                    198
                ],
                [
                    142,
                    199
                ],
                [
                    143,
                    198
                ],
                [
                    147,
                    198
                ],
                [
                    149,
                    196
                ],
                [
                    149,
                    194
                ],
                [
                    150,
                    193
                ],
                [
                    150,
                    189
                ],
                [
                    149,
                    188
                ],
                [
                    149,
                    187
                ],
                [
                    148,
                    187
                ],
                [
                    147,
                    186
                ]
            ],
            "group_id": null,
            "shape_type": "polygon",
            "flags": {}
        },
        {
            "label": "particle",
            "points": [
                [
                    139,
                    203
                ],
                [
                    138,
                    204
                ],
                [
                    137,
                    204
                ],
                [
                    137,
                    205
                ],
                [
                    136,
                    206
                ],
                [
                    136,
                    212
                ],
                [
                    137,
                    213
                ],
                [
                    137,
                    214
                ],
                [
                    140,
                    214
                ],
                [
                    141,
                    215
                ],
                [
                    143,
                    215
                ],
                [
                    144,
                    214
                ],
                [
                    148,
                    214
                ],
                [
                    149,
                    213
                ],
                [
                    149,
                    212
                ],
                [
                    150,
                    211
                ],
                [
                    150,
                    206
                ],
                [
                    149,
                    206
                ],
                [
                    146,
                    203
                ]
            ],
            "group_id": null,
            "shape_type": "polygon",
            "flags": {}
        },
        {
            "label": "particle",
            "points": [
                [
                    19,
                    280
                ],
                [
                    18,
                    281
                ],
                [
                    15,
                    281
                ],
                [
                    15,
                    284
                ],
                [
                    14,
                    285
                ],
                [
                    14,
                    289
                ],
                [
                    15,
                    290
                ],
                [
                    15,
                    291
                ],
                [
                    18,
                    294
                ],
                [
                    24,
                    294
                ],
                [
                    26,
                    292
                ],
                [
                    27,
                    292
                ],
                [
                    27,
                    291
                ],
                [
                    28,
                    290
                ],
                [
                    28,
                    288
                ],
                [
                    29,
                    287
                ],
                [
                    29,
                    286
                ],
                [
                    28,
                    285
                ],
                [
                    28,
                    284
                ],
                [
                    25,
                    281
                ],
                [
                    23,
                    281
                ],
                [
                    22,
                    280
                ]
            ],
            "group_id": null,
            "shape_type": "polygon",
            "flags": {}
        },
        {
            "label": "particle",
            "points": [
                [
                    116,
                    287
                ],
                [
                    115,
                    288
                ],
                [
                    113,
                    288
                ],
                [
                    113,
                    289
                ],
                [
                    111,
                    291
                ],
                [
                    111,
                    299
                ],
                [
                    113,
                    301
                ],
                [
                    121,
                    301
                ],
                [
                    125,
                    297
                ],
                [
                    125,
                    295
                ],
                [
                    124,
                    294
                ],
                [
                    124,
                    292
                ],
                [
                    123,
                    292
                ],
                [
                    122,
                    291
                ],
                [
                    122,
                    290
                ],
                [
                    120,
                    288
                ],
                [
                    118,
                    288
                ],
                [
                    117,
                    287
                ]
            ],
            "group_id": null,
            "shape_type": "polygon",
            "flags": {}
        },
        {
            "label": "particle",
            "points": [
                [
                    114,
                    306
                ],
                [
                    111,
                    309
                ],
                [
                    111,
                    311
                ],
                [
                    110,
                    312
                ],
                [
                    110,
                    314
                ],
                [
                    111,
                    315
                ],
                [
                    111,
                    317
                ],
                [
                    113,
                    319
                ],
                [
                    114,
                    319
                ],
                [
                    115,
                    320
                ],
                [
                    118,
                    320
                ],
                [
                    119,
                    319
                ],
                [
                    121,
                    319
                ],
                [
                    122,
                    318
                ],
                [
                    122,
                    317
                ],
                [
                    123,
                    316
                ],
                [
                    123,
                    310
                ],
                [
                    122,
                    309
                ],
                [
                    122,
                    308
                ],
                [
                    121,
                    307
                ],
                [
                    120,
                    307
                ],
                [
                    119,
                    306
                ]
            ],
            "group_id": null,
            "shape_type": "polygon",
            "flags": {}
        },
        {
            "label": "particle",
            "points": [
                [
                    154,
                    281
                ],
                [
                    153,
                    282
                ],
                [
                    149,
                    282
                ],
                [
                    148,
                    283
                ],
                [
                    147,
                    283
                ],
                [
                    147,
                    284
                ],
                [
                    146,
                    285
                ],
                [
                    146,
                    289
                ],
                [
                    147,
                    290
                ],
                [
                    147,
                    291
                ],
                [
                    149,
                    293
                ],
                [
                    149,
                    295
                ],
                [
                    150,
                    295
                ],
                [
                    151,
                    296
                ],
                [
                    155,
                    296
                ],
                [
                    156,
                    295
                ],
                [
                    158,
                    295
                ],
                [
                    159,
                    294
                ],
                [
                    159,
                    293
                ],
                [
                    160,
                    292
                ],
                [
                    160,
                    287
                ],
                [
                    159,
                    286
                ],
                [
                    159,
                    285
                ],
                [
                    157,
                    283
                ],
                [
                    157,
                    282
                ],
                [
                    155,
                    282
                ]
            ],
            "group_id": null,
            "shape_type": "polygon",
            "flags": {}
        },
        {
            "label": "particle",
            "points": [
                [
                    190,
                    290
                ],
                [
                    187,
                    293
                ],
                [
                    187,
                    294
                ],
                [
                    186,
                    295
                ],
                [
                    186,
                    300
                ],
                [
                    187,
                    301
                ],
                [
                    187,
                    305
                ],
                [
                    189,
                    305
                ],
                [
                    190,
                    306
                ],
                [
                    191,
                    306
                ],
                [
                    192,
                    307
                ],
                [
                    196,
                    307
                ],
                [
                    197,
                    306
                ],
                [
                    198,
                    306
                ],
                [
                    200,
                    304
                ],
                [
                    200,
                    303
                ],
                [
                    201,
                    302
                ],
                [
                    201,
                    299
                ],
                [
                    202,
                    298
                ],
                [
                    201,
                    297
                ],
                [
                    201,
                    294
                ],
                [
                    198,
                    291
                ],
                [
                    197,
                    291
                ],
                [
                    196,
                    290
                ]
            ],
            "group_id": null,
            "shape_type": "polygon",
            "flags": {}
        },
        {
            "label": "particle",
            "points": [
                [
                    221,
                    324
                ],
                [
                    221,
                    325
                ],
                [
                    219,
                    327
                ],
                [
                    219,
                    331
                ],
                [
                    220,
                    332
                ],
                [
                    220,
                    334
                ],
                [
                    221,
                    335
                ],
                [
                    223,
                    335
                ],
                [
                    224,
                    336
                ],
                [
                    226,
                    336
                ],
                [
                    227,
                    337
                ],
                [
                    228,
                    336
                ],
                [
                    229,
                    336
                ],
                [
                    229,
                    335
                ],
                [
                    230,
                    334
                ],
                [
                    231,
                    334
                ],
                [
                    231,
                    329
                ],
                [
                    229,
                    327
                ],
                [
                    229,
                    326
                ],
                [
                    227,
                    324
                ]
            ],
            "group_id": null,
            "shape_type": "polygon",
            "flags": {}
        },
        {
            "label": "particle",
            "points": [
                [
                    127,
                    396
                ],
                [
                    124,
                    399
                ],
                [
                    124,
                    405
                ],
                [
                    125,
                    406
                ],
                [
                    125,
                    412
                ],
                [
                    126,
                    413
                ],
                [
                    127,
                    413
                ],
                [
                    128,
                    414
                ],
                [
                    129,
                    414
                ],
                [
                    130,
                    415
                ],
                [
                    134,
                    415
                ],
                [
                    134,
                    414
                ],
                [
                    135,
                    413
                ],
                [
                    136,
                    413
                ],
                [
                    136,
                    412
                ],
                [
                    138,
                    410
                ],
                [
                    138,
                    409
                ],
                [
                    139,
                    408
                ],
                [
                    139,
                    402
                ],
                [
                    138,
                    401
                ],
                [
                    138,
                    399
                ],
                [
                    136,
                    399
                ],
                [
                    134,
                    397
                ],
                [
                    132,
                    397
                ],
                [
                    131,
                    396
                ]
            ],
            "group_id": null,
            "shape_type": "polygon",
            "flags": {}
        },
        {
            "label": "particle",
            "points": [
                [
                    137,
                    440
                ],
                [
                    136,
                    441
                ],
                [
                    133,
                    441
                ],
                [
                    133,
                    442
                ],
                [
                    131,
                    444
                ],
                [
                    130,
                    444
                ],
                [
                    129,
                    445
                ],
                [
                    129,
                    446
                ],
                [
                    128,
                    447
                ],
                [
                    128,
                    449
                ],
                [
                    129,
                    450
                ],
                [
                    129,
                    451
                ],
                [
                    132,
                    454
                ],
                [
                    135,
                    454
                ],
                [
                    136,
                    455
                ],
                [
                    138,
                    455
                ],
                [
                    139,
                    454
                ],
                [
                    143,
                    454
                ],
                [
                    143,
                    452
                ],
                [
                    144,
                    451
                ],
                [
                    144,
                    450
                ],
                [
                    145,
                    449
                ],
                [
                    145,
                    448
                ],
                [
                    144,
                    447
                ],
                [
                    144,
                    444
                ],
                [
                    142,
                    442
                ],
                [
                    141,
                    442
                ],
                [
                    140,
                    441
                ],
                [
                    139,
                    441
                ],
                [
                    138,
                    440
                ]
            ],
            "group_id": null,
            "shape_type": "polygon",
            "flags": {}
        },
        {
            "label": "particle",
            "points": [
                [
                    63,
                    470
                ],
                [
                    62,
                    471
                ],
                [
                    61,
                    471
                ],
                [
                    60,
                    472
                ],
                [
                    59,
                    472
                ],
                [
                    58,
                    473
                ],
                [
                    58,
                    476
                ],
                [
                    57,
                    477
                ],
                [
                    57,
                    478
                ],
                [
                    58,
                    479
                ],
                [
                    58,
                    481
                ],
                [
                    59,
                    481
                ],
                [
                    60,
                    482
                ],
                [
                    62,
                    482
                ],
                [
                    63,
                    483
                ],
                [
                    67,
                    483
                ],
                [
                    68,
                    482
                ],
                [
                    70,
                    482
                ],
                [
                    71,
                    481
                ],
                [
                    71,
                    480
                ],
                [
                    72,
                    479
                ],
                [
                    72,
                    474
                ],
                [
                    71,
                    473
                ],
                [
                    71,
                    472
                ],
                [
                    69,
                    472
                ],
                [
                    67,
                    470
                ]
            ],
            "group_id": null,
            "shape_type": "polygon",
            "flags": {}
        },
        {
            "label": "particle",
            "points": [
                [
                    77,
                    502
                ],
                [
                    76,
                    503
                ],
                [
                    75,
                    503
                ],
                [
                    73,
                    505
                ],
                [
                    72,
                    505
                ],
                [
                    71,
                    506
                ],
                [
                    71,
                    510
                ],
                [
                    72,
                    511
                ],
                [
                    72,
                    513
                ],
                [
                    83,
                    513
                ],
                [
                    84,
                    512
                ],
                [
                    84,
                    505
                ],
                [
                    83,
                    504
                ],
                [
                    82,
                    504
                ],
                [
                    81,
                    503
                ],
                [
                    79,
                    503
                ],
                [
                    78,
                    502
                ]
            ],
            "group_id": null,
            "shape_type": "polygon",
            "flags": {}
        },
        {
            "label": "particle",
            "points": [
                [
                    106,
                    480
                ],
                [
                    104,
                    482
                ],
                [
                    104,
                    483
                ],
                [
                    102,
                    485
                ],
                [
                    101,
                    485
                ],
                [
                    101,
                    493
                ],
                [
                    103,
                    495
                ],
                [
                    108,
                    495
                ],
                [
                    109,
                    494
                ],
                [
                    110,
                    494
                ],
                [
                    111,
                    493
                ],
                [
                    112,
                    493
                ],
                [
                    112,
                    492
                ],
                [
                    114,
                    490
                ],
                [
                    114,
                    489
                ],
                [
                    115,
                    488
                ],
                [
                    115,
                    486
                ],
                [
                    112,
                    483
                ],
                [
                    112,
                    482
                ],
                [
                    111,
                    482
                ],
                [
                    109,
                    480
                ]
            ],
            "group_id": null,
            "shape_type": "polygon",
            "flags": {}
        },
        {
            "label": "particle",
            "points": [
                [
                    157,
                    476
                ],
                [
                    156,
                    477
                ],
                [
                    155,
                    477
                ],
                [
                    153,
                    479
                ],
                [
                    153,
                    487
                ],
                [
                    156,
                    490
                ],
                [
                    157,
                    490
                ],
                [
                    158,
                    491
                ],
                [
                    162,
                    491
                ],
                [
                    163,
                    490
                ],
                [
                    164,
                    490
                ],
                [
                    164,
                    489
                ],
                [
                    166,
                    487
                ],
                [
                    166,
                    481
                ],
                [
                    162,
                    477
                ],
                [
                    160,
                    477
                ],
                [
                    159,
                    476
                ]
            ],
            "group_id": null,
            "shape_type": "polygon",
            "flags": {}
        },
        {
            "label": "particle",
            "points": [
                [
                    204,
                    465
                ],
                [
                    202,
                    467
                ],
                [
                    201,
                    467
                ],
                [
                    200,
                    468
                ],
                [
                    200,
                    476
                ],
                [
                    201,
                    477
                ],
                [
                    202,
                    477
                ],
                [
                    204,
                    479
                ],
                [
                    209,
                    479
                ],
                [
                    210,
                    478
                ],
                [
                    213,
                    478
                ],
                [
                    216,
                    475
                ],
                [
                    216,
                    471
                ],
                [
                    212,
                    467
                ],
                [
                    210,
                    467
                ],
                [
                    208,
                    465
                ]
            ],
            "group_id": null,
            "shape_type": "polygon",
            "flags": {}
        },
        {
            "label": "particle",
            "points": [
                [
                    223,
                    453
                ],
                [
                    222,
                    454
                ],
                [
                    220,
                    454
                ],
                [
                    217,
                    457
                ],
                [
                    217,
                    466
                ],
                [
                    218,
                    467
                ],
                [
                    218,
                    468
                ],
                [
                    219,
                    468
                ],
                [
                    220,
                    469
                ],
                [
                    227,
                    469
                ],
                [
                    228,
                    468
                ],
                [
                    229,
                    468
                ],
                [
                    231,
                    466
                ],
                [
                    231,
                    465
                ],
                [
                    232,
                    464
                ],
                [
                    232,
                    458
                ],
                [
                    231,
                    457
                ],
                [
                    231,
                    456
                ],
                [
                    230,
                    456
                ],
                [
                    229,
                    455
                ],
                [
                    228,
                    455
                ],
                [
                    227,
                    454
                ],
                [
                    227,
                    453
                ]
            ],
            "group_id": null,
            "shape_type": "polygon",
            "flags": {}
        },
        {
            "label": "particle",
            "points": [
                [
                    230,
                    438
                ],
                [
                    230,
                    439
                ],
                [
                    229,
                    440
                ],
                [
                    229,
                    446
                ],
                [
                    230,
                    447
                ],
                [
                    230,
                    448
                ],
                [
                    232,
                    450
                ],
                [
                    233,
                    450
                ],
                [
                    234,
                    451
                ],
                [
                    238,
                    451
                ],
                [
                    240,
                    449
                ],
                [
                    241,
                    449
                ],
                [
                    243,
                    447
                ],
                [
                    243,
                    444
                ],
                [
                    244,
                    443
                ],
                [
                    243,
                    442
                ],
                [
                    243,
                    440
                ],
                [
                    242,
                    439
                ],
                [
                    241,
                    439
                ],
                [
                    240,
                    438
                ]
            ],
            "group_id": null,
            "shape_type": "polygon",
            "flags": {}
        },
        {
            "label": "particle",
            "points": [
                [
                    288,
                    473
                ],
                [
                    287,
                    474
                ],
                [
                    286,
                    474
                ],
                [
                    285,
                    475
                ],
                [
                    285,
                    476
                ],
                [
                    284,
                    477
                ],
                [
                    284,
                    479
                ],
                [
                    283,
                    480
                ],
                [
                    285,
                    482
                ],
                [
                    285,
                    484
                ],
                [
                    286,
                    484
                ],
                [
                    288,
                    486
                ],
                [
                    294,
                    486
                ],
                [
                    296,
                    484
                ],
                [
                    296,
                    483
                ],
                [
                    298,
                    481
                ],
                [
                    298,
                    478
                ],
                [
                    297,
                    477
                ],
                [
                    297,
                    476
                ],
                [
                    296,
                    476
                ],
                [
                    294,
                    474
                ],
                [
                    290,
                    474
                ],
                [
                    289,
                    473
                ]
            ],
            "group_id": null,
            "shape_type": "polygon",
            "flags": {}
        },
        {
            "label": "particle",
            "points": [
                [
                    291,
                    497
                ],
                [
                    287,
                    501
                ],
                [
                    287,
                    505
                ],
                [
                    288,
                    506
                ],
                [
                    288,
                    507
                ],
                [
                    289,
                    508
                ],
                [
                    289,
                    509
                ],
                [
                    290,
                    510
                ],
                [
                    295,
                    510
                ],
                [
                    296,
                    509
                ],
                [
                    297,
                    509
                ],
                [
                    298,
                    508
                ],
                [
                    299,
                    508
                ],
                [
                    300,
                    507
                ],
                [
                    300,
                    501
                ],
                [
                    296,
                    497
                ]
            ],
            "group_id": null,
            "shape_type": "polygon",
            "flags": {}
        },
        {
            "label": "particle",
            "points": [
                [
                    399,
                    493
                ],
                [
                    397,
                    495
                ],
                [
                    396,
                    495
                ],
                [
                    396,
                    497
                ],
                [
                    395,
                    498
                ],
                [
                    396,
                    499
                ],
                [
                    396,
                    500
                ],
                [
                    397,
                    500
                ],
                [
                    399,
                    502
                ],
                [
                    402,
                    502
                ],
                [
                    403,
                    503
                ],
                [
                    407,
                    503
                ],
                [
                    408,
                    502
                ],
                [
                    409,
                    502
                ],
                [
                    410,
                    501
                ],
                [
                    410,
                    495
                ],
                [
                    409,
                    494
                ],
                [
                    408,
                    494
                ],
                [
                    407,
                    493
                ]
            ],
            "group_id": null,
            "shape_type": "polygon",
            "flags": {}
        },
        {
            "label": "particle",
            "points": [
                [
                    398,
                    474
                ],
                [
                    393,
                    479
                ],
                [
                    393,
                    483
                ],
                [
                    394,
                    484
                ],
                [
                    394,
                    486
                ],
                [
                    396,
                    488
                ],
                [
                    397,
                    488
                ],
                [
                    398,
                    489
                ],
                [
                    399,
                    489
                ],
                [
                    400,
                    488
                ],
                [
                    404,
                    488
                ],
                [
                    405,
                    487
                ],
                [
                    407,
                    487
                ],
                [
                    407,
                    486
                ],
                [
                    408,
                    485
                ],
                [
                    408,
                    481
                ],
                [
                    407,
                    480
                ],
                [
                    407,
                    477
                ],
                [
                    406,
                    476
                ],
                [
                    404,
                    476
                ],
                [
                    403,
                    475
                ],
                [
                    399,
                    475
                ]
            ],
            "group_id": null,
            "shape_type": "polygon",
            "flags": {}
        },
        {
            "label": "particle",
            "points": [
                [
                    384,
                    415
                ],
                [
                    383,
                    416
                ],
                [
                    380,
                    416
                ],
                [
                    380,
                    417
                ],
                [
                    379,
                    418
                ],
                [
                    379,
                    425
                ],
                [
                    380,
                    426
                ],
                [
                    380,
                    427
                ],
                [
                    387,
                    427
                ],
                [
                    388,
                    426
                ],
                [
                    389,
                    426
                ],
                [
                    389,
                    419
                ],
                [
                    387,
                    417
                ],
                [
                    386,
                    417
                ]
            ],
            "group_id": null,
            "shape_type": "polygon",
            "flags": {}
        },
        {
            "label": "particle",
            "points": [
                [
                    274,
                    367
                ],
                [
                    272,
                    369
                ],
                [
                    271,
                    369
                ],
                [
                    270,
                    370
                ],
                [
                    270,
                    377
                ],
                [
                    271,
                    378
                ],
                [
                    271,
                    379
                ],
                [
                    272,
                    380
                ],
                [
                    275,
                    380
                ],
                [
                    276,
                    381
                ],
                [
                    277,
                    381
                ],
                [
                    278,
                    380
                ],
                [
                    280,
                    380
                ],
                [
                    282,
                    378
                ],
                [
                    282,
                    377
                ],
                [
                    283,
                    376
                ],
                [
                    283,
                    371
                ],
                [
                    281,
                    369
                ],
                [
                    281,
                    368
                ],
                [
                    280,
                    368
                ],
                [
                    279,
                    367
                ]
            ],
            "group_id": null,
            "shape_type": "polygon",
            "flags": {}
        },
        {
            "label": "particle",
            "points": [
                [
                    300,
                    366
                ],
                [
                    299,
                    367
                ],
                [
                    297,
                    367
                ],
                [
                    296,
                    368
                ],
                [
                    296,
                    369
                ],
                [
                    294,
                    371
                ],
                [
                    294,
                    375
                ],
                [
                    298,
                    379
                ],
                [
                    298,
                    380
                ],
                [
                    306,
                    380
                ],
                [
                    307,
                    379
                ],
                [
                    308,
                    379
                ],
                [
                    308,
                    378
                ],
                [
                    309,
                    377
                ],
                [
                    309,
                    372
                ],
                [
                    308,
                    371
                ],
                [
                    308,
                    368
                ],
                [
                    307,
                    367
                ],
                [
                    306,
                    367
                ],
                [
                    305,
                    366
                ]
            ],
            "group_id": null,
            "shape_type": "polygon",
            "flags": {}
        },
        {
            "label": "particle",
            "points": [
                [
                    302,
                    335
                ],
                [
                    301,
                    336
                ],
                [
                    298,
                    336
                ],
                [
                    297,
                    337
                ],
                [
                    297,
                    345
                ],
                [
                    299,
                    347
                ],
                [
                    299,
                    348
                ],
                [
                    301,
                    350
                ],
                [
                    307,
                    350
                ],
                [
                    308,
                    349
                ],
                [
                    309,
                    349
                ],
                [
                    310,
                    348
                ],
                [
                    310,
                    347
                ],
                [
                    311,
                    346
                ],
                [
                    312,
                    346
                ],
                [
                    312,
                    341
                ],
                [
                    311,
                    340
                ],
                [
                    311,
                    339
                ],
                [
                    310,
                    338
                ],
                [
                    310,
                    337
                ],
                [
                    309,
                    336
                ],
                [
                    307,
                    336
                ],
                [
                    306,
                    335
                ]
            ],
            "group_id": null,
            "shape_type": "polygon",
            "flags": {}
        },
        {
            "label": "particle",
            "points": [
                [
                    304,
                    289
                ],
                [
                    303,
                    290
                ],
                [
                    301,
                    290
                ],
                [
                    301,
                    291
                ],
                [
                    300,
                    292
                ],
                [
                    300,
                    303
                ],
                [
                    302,
                    305
                ],
                [
                    304,
                    305
                ],
                [
                    305,
                    306
                ],
                [
                    306,
                    305
                ],
                [
                    310,
                    305
                ],
                [
                    314,
                    301
                ],
                [
                    314,
                    300
                ],
                [
                    315,
                    299
                ],
                [
                    315,
                    298
                ],
                [
                    316,
                    297
                ],
                [
                    316,
                    295
                ],
                [
                    314,
                    293
                ],
                [
                    314,
                    292
                ],
                [
                    313,
                    291
                ],
                [
                    311,
                    291
                ],
                [
                    310,
                    290
                ],
                [
                    309,
                    290
                ],
                [
                    308,
                    289
                ]
            ],
            "group_id": null,
            "shape_type": "polygon",
            "flags": {}
        },
        {
            "label": "particle",
            "points": [
                [
                    328,
                    293
                ],
                [
                    326,
                    295
                ],
                [
                    325,
                    295
                ],
                [
                    324,
                    296
                ],
                [
                    324,
                    300
                ],
                [
                    325,
                    301
                ],
                [
                    325,
                    303
                ],
                [
                    326,
                    304
                ],
                [
                    326,
                    305
                ],
                [
                    328,
                    305
                ],
                [
                    330,
                    307
                ],
                [
                    334,
                    307
                ],
                [
                    335,
                    306
                ],
                [
                    337,
                    306
                ],
                [
                    338,
                    305
                ],
                [
                    338,
                    302
                ],
                [
                    339,
                    301
                ],
                [
                    339,
                    299
                ],
                [
                    338,
                    298
                ],
                [
                    338,
                    296
                ],
                [
                    337,
                    295
                ],
                [
                    335,
                    295
                ],
                [
                    333,
                    293
                ]
            ],
            "group_id": null,
            "shape_type": "polygon",
            "flags": {}
        },
        {
            "label": "particle",
            "points": [
                [
                    506,
                    395
                ],
                [
                    505,
                    396
                ],
                [
                    503,
                    396
                ],
                [
                    501,
                    398
                ],
                [
                    501,
                    407
                ],
                [
                    502,
                    408
                ],
                [
                    502,
                    409
                ],
                [
                    503,
                    409
                ],
                [
                    505,
                    411
                ],
                [
                    511,
                    411
                ],
                [
                    511,
                    396
                ],
                [
                    510,
                    395
                ]
            ],
            "group_id": null,
            "shape_type": "polygon",
            "flags": {}
        },
        {
            "label": "particle",
            "points": [
                [
                    453,
                    316
                ],
                [
                    452,
                    317
                ],
                [
                    451,
                    317
                ],
                [
                    450,
                    318
                ],
                [
                    450,
                    319
                ],
                [
                    449,
                    320
                ],
                [
                    449,
                    325
                ],
                [
                    453,
                    329
                ],
                [
                    453,
                    330
                ],
                [
                    457,
                    330
                ],
                [
                    458,
                    331
                ],
                [
                    460,
                    329
                ],
                [
                    461,
                    329
                ],
                [
                    461,
                    328
                ],
                [
                    462,
                    327
                ],
                [
                    462,
                    326
                ],
                [
                    463,
                    325
                ],
                [
                    463,
                    322
                ],
                [
                    461,
                    320
                ],
                [
                    461,
                    319
                ],
                [
                    459,
                    317
                ],
                [
                    455,
                    317
                ],
                [
                    454,
                    316
                ]
            ],
            "group_id": null,
            "shape_type": "polygon",
            "flags": {}
        },
        {
            "label": "particle",
            "points": [
                [
                    511,
                    282
                ],
                [
                    510,
                    283
                ],
                [
                    508,
                    283
                ],
                [
                    506,
                    285
                ],
                [
                    506,
                    290
                ],
                [
                    507,
                    291
                ],
                [
                    507,
                    292
                ],
                [
                    508,
                    293
                ],
                [
                    510,
                    293
                ],
                [
                    511,
                    294
                ]
            ],
            "group_id": null,
            "shape_type": "polygon",
            "flags": {}
        },
        {
            "label": "particle",
            "points": [
                [
                    511,
                    269
                ],
                [
                    510,
                    270
                ],
                [
                    510,
                    277
                ],
                [
                    511,
                    278
                ],
                [
                    511,
                    279
                ]
            ],
            "group_id": null,
            "shape_type": "polygon",
            "flags": {}
        },
        {
            "label": "particle",
            "points": [
                [
                    366,
                    204
                ],
                [
                    363,
                    207
                ],
                [
                    363,
                    211
                ],
                [
                    364,
                    212
                ],
                [
                    364,
                    213
                ],
                [
                    365,
                    213
                ],
                [
                    366,
                    214
                ],
                [
                    367,
                    214
                ],
                [
                    368,
                    215
                ],
                [
                    371,
                    215
                ],
                [
                    372,
                    216
                ],
                [
                    373,
                    215
                ],
                [
                    374,
                    215
                ],
                [
                    375,
                    214
                ],
                [
                    376,
                    214
                ],
                [
                    377,
                    213
                ],
                [
                    377,
                    209
                ],
                [
                    372,
                    204
                ]
            ],
            "group_id": null,
            "shape_type": "polygon",
            "flags": {}
        },
        {
            "label": "particle",
            "points": [
                [
                    333,
                    193
                ],
                [
                    329,
                    197
                ],
                [
                    328,
                    197
                ],
                [
                    327,
                    198
                ],
                [
                    327,
                    202
                ],
                [
                    328,
                    202
                ],
                [
                    330,
                    204
                ],
                [
                    331,
                    204
                ],
                [
                    332,
                    205
                ],
                [
                    332,
                    206
                ],
                [
                    333,
                    206
                ],
                [
                    334,
                    207
                ],
                [
                    341,
                    207
                ],
                [
                    343,
                    205
                ],
                [
                    344,
                    205
                ],
                [
                    345,
                    204
                ],
                [
                    345,
                    198
                ],
                [
                    340,
                    193
                ]
            ],
            "group_id": null,
            "shape_type": "polygon",
            "flags": {}
        },
        {
            "label": "particle",
            "points": [
                [
                    291,
                    194
                ],
                [
                    290,
                    195
                ],
                [
                    288,
                    195
                ],
                [
                    286,
                    197
                ],
                [
                    285,
                    197
                ],
                [
                    285,
                    203
                ],
                [
                    286,
                    204
                ],
                [
                    286,
                    205
                ],
                [
                    288,
                    207
                ],
                [
                    290,
                    207
                ],
                [
                    291,
                    208
                ],
                [
                    294,
                    208
                ],
                [
                    295,
                    207
                ],
                [
                    296,
                    207
                ],
                [
                    296,
                    206
                ],
                [
                    299,
                    203
                ],
                [
                    299,
                    198
                ],
                [
                    295,
                    194
                ]
            ],
            "group_id": null,
            "shape_type": "polygon",
            "flags": {}
        },
        {
            "label": "particle",
            "points": [
                [
                    322,
                    181
                ],
                [
                    321,
                    182
                ],
                [
                    320,
                    182
                ],
                [
                    319,
                    183
                ],
                [
                    318,
                    183
                ],
                [
                    318,
                    184
                ],
                [
                    317,
                    185
                ],
                [
                    317,
                    192
                ],
                [
                    320,
                    195
                ],
                [
                    323,
                    195
                ],
                [
                    324,
                    194
                ],
                [
                    326,
                    194
                ],
                [
                    328,
                    192
                ],
                [
                    329,
                    192
                ],
                [
                    330,
                    191
                ],
                [
                    330,
                    186
                ],
                [
                    329,
                    186
                ],
                [
                    327,
                    184
                ],
                [
                    327,
                    183
                ],
                [
                    326,
                    182
                ],
                [
                    325,
                    182
                ],
                [
                    324,
                    181
                ]
            ],
            "group_id": null,
            "shape_type": "polygon",
            "flags": {}
        },
        {
            "label": "particle",
            "points": [
                [
                    325,
                    164
                ],
                [
                    322,
                    167
                ],
                [
                    322,
                    174
                ],
                [
                    324,
                    176
                ],
                [
                    324,
                    177
                ],
                [
                    332,
                    177
                ],
                [
                    333,
                    176
                ],
                [
                    334,
                    176
                ],
                [
                    334,
                    175
                ],
                [
                    336,
                    173
                ],
                [
                    336,
                    171
                ],
                [
                    335,
                    170
                ],
                [
                    335,
                    168
                ],
                [
                    333,
                    166
                ],
                [
                    330,
                    166
                ],
                [
                    329,
                    165
                ],
                [
                    328,
                    165
                ],
                [
                    327,
                    164
                ]
            ],
            "group_id": null,
            "shape_type": "polygon",
            "flags": {}
        },
        {
            "label": "particle",
            "points": [
                [
                    228,
                    136
                ],
                [
                    226,
                    138
                ],
                [
                    225,
                    138
                ],
                [
                    225,
                    139
                ],
                [
                    224,
                    140
                ],
                [
                    224,
                    147
                ],
                [
                    225,
                    148
                ],
                [
                    225,
                    149
                ],
                [
                    227,
                    151
                ],
                [
                    232,
                    151
                ],
                [
                    233,
                    150
                ],
                [
                    234,
                    150
                ],
                [
                    235,
                    149
                ],
                [
                    235,
                    148
                ],
                [
                    237,
                    146
                ],
                [
                    237,
                    139
                ],
                [
                    236,
                    138
                ],
                [
                    236,
                    137
                ],
                [
                    235,
                    136
                ]
            ],
            "group_id": null,
            "shape_type": "polygon",
            "flags": {}
        },
        {
            "label": "particle",
            "points": [
                [
                    257,
                    133
                ],
                [
                    254,
                    136
                ],
                [
                    254,
                    143
                ],
                [
                    255,
                    144
                ],
                [
                    255,
                    146
                ],
                [
                    256,
                    147
                ],
                [
                    256,
                    148
                ],
                [
                    266,
                    148
                ],
                [
                    267,
                    147
                ],
                [
                    267,
                    146
                ],
                [
                    269,
                    144
                ],
                [
                    269,
                    138
                ],
                [
                    265,
                    134
                ],
                [
                    262,
                    134
                ],
                [
                    261,
                    133
                ]
            ],
            "group_id": null,
            "shape_type": "polygon",
            "flags": {}
        },
        {
            "label": "particle",
            "points": [
                [
                    244,
                    152
                ],
                [
                    243,
                    153
                ],
                [
                    243,
                    154
                ],
                [
                    242,
                    155
                ],
                [
                    242,
                    157
                ],
                [
                    243,
                    158
                ],
                [
                    243,
                    161
                ],
                [
                    244,
                    162
                ],
                [
                    247,
                    162
                ],
                [
                    248,
                    163
                ],
                [
                    256,
                    163
                ],
                [
                    256,
                    162
                ],
                [
                    257,
                    161
                ],
                [
                    257,
                    157
                ],
                [
                    255,
                    155
                ],
                [
                    255,
                    154
                ],
                [
                    253,
                    152
                ]
            ],
            "group_id": null,
            "shape_type": "polygon",
            "flags": {}
        },
        {
            "label": "particle",
            "points": [
                [
                    434,
                    24
                ],
                [
                    434,
                    25
                ],
                [
                    433,
                    26
                ],
                [
                    433,
                    27
                ],
                [
                    432,
                    28
                ],
                [
                    432,
                    29
                ],
                [
                    431,
                    30
                ],
                [
                    431,
                    35
                ],
                [
                    432,
                    36
                ],
                [
                    432,
                    38
                ],
                [
                    433,
                    38
                ],
                [
                    434,
                    39
                ],
                [
                    435,
                    39
                ],
                [
                    436,
                    40
                ],
                [
                    441,
                    40
                ],
                [
                    442,
                    39
                ],
                [
                    443,
                    39
                ],
                [
                    445,
                    37
                ],
                [
                    445,
                    35
                ],
                [
                    446,
                    34
                ],
                [
                    446,
                    30
                ],
                [
                    445,
                    29
                ],
                [
                    445,
                    28
                ],
                [
                    444,
                    27
                ],
                [
                    444,
                    25
                ],
                [
                    441,
                    25
                ],
                [
                    440,
                    24
                ]
            ],
            "group_id": null,
            "shape_type": "polygon",
            "flags": {}
        },
        {
            "label": "particle",
            "points": [
                [
                    393,
                    0
                ],
                [
                    393,
                    1
                ],
                [
                    394,
                    2
                ],
                [
                    394,
                    3
                ],
                [
                    395,
                    4
                ],
                [
                    396,
                    4
                ],
                [
                    397,
                    5
                ],
                [
                    399,
                    5
                ],
                [
                    400,
                    4
                ],
                [
                    401,
                    4
                ],
                [
                    403,
                    2
                ],
                [
                    403,
                    1
                ],
                [
                    404,
                    0
                ]
            ],
            "group_id": null,
            "shape_type": "polygon",
            "flags": {}
        }
    ],
    "imagePath": "",
    "imageData": null,
    "imageHeight": 514,
    "imageWidth": 512
}