{
    "version": "4.5.6",
    "flags": {},
    "shapes": [
        {
            "label": "particle",
            "points": [
                [
                    286,
                    499
                ],
                [
                    285,
                    500
                ],
                [
                    284,
                    500
                ],
                [
                    283,
                    501
                ],
                [
                    283,
                    504
                ],
                [
                    282,
                    505
                ],
                [
                    282,
                    509
                ],
                [
                    294,
                    509
                ],
                [
                    294,
                    502
                ],
                [
                    293,
                    501
                ],
                [
                    293,
                    500
                ],
                [
                    292,
                    499
                ]
            ],
            "group_id": null,
            "shape_type": "polygon",
            "flags": {}
        },
        {
            "label": "particle",
            "points": [
                [
                    346,
                    422
                ],
                [
                    346,
                    423
                ],
                [
                    345,
                    424
                ],
                [
                    344,
                    424
                ],
                [
                    340,
                    428
                ],
                [
                    340,
                    429
                ],
                [
                    338,
                    431
                ],
                [
                    338,
                    435
                ],
                [
                    339,
                    436
                ],
                [
                    339,
                    438
                ],
                [
                    341,
                    440
                ],
                [
                    341,
                    441
                ],
                [
                    342,
                    442
                ],
                [
                    342,
                    444
                ],
                [
                    344,
                    446
                ],
                [
                    344,
                    447
                ],
                [
                    346,
                    449
                ],
                [
                    346,
                    451
                ],
                [
                    349,
                    454
                ],
                [
                    349,
                    455
                ],
                [
                    351,
                    457
                ],
                [
                    351,
                    459
                ],
                [
                    354,
                    462
                ],
                [
                    354,
                    463
                ],
                [
                    355,
                    464
                ],
                [
                    355,
                    465
                ],
                [
                    356,
                    466
                ],
                [
                    356,
                    467
                ],
                [
                    359,
                    470
                ],
                [
                    359,
                    472
                ],
                [
                    362,
                    475
                ],
                [
                    362,
                    476
                ],
                [
                    363,
                    477
                ],
                [
                    363,
                    478
                ],
                [
                    364,
                    479
                ],
                [
                    364,
                    480
                ],
                [
                    365,
                    480
                ],
                [
                    367,
                    482
                ],
                [
                    367,
                    484
                ],
                [
                    368,
                    484
                ],
                [
                    372,
                    488
                ],
                [
                    378,
                    488
                ],
                [
                    379,
                    487
                ],
                [
                    382,
                    487
                ],
                [
                    385,
                    484
                ],
                [
                    386,
                    484
                ],
                [
                    389,
                    481
                ],
                [
                    389,
                    480
                ],
                [
                    390,
                    479
                ],
                [
                    390,
                    472
                ],
                [
                    389,
                    471
                ],
                [
                    389,
                    468
                ],
                [
                    387,
                    466
                ],
                [
                    387,
                    465
                ],
                [
                    384,
                    462
                ],
                [
                    384,
                    460
                ],
                [
                    382,
                    458
                ],
                [
                    382,
                    457
                ],
                [
                    380,
                    455
                ],
                [
                    380,
                    454
                ],
                [
                    379,
                    453
                ],
                [
                    379,
                    452
                ],
                [
                    376,
                    449
                ],
                [
                    376,
                    447
                ],
                [
                    373,
                    444
                ],
                [
                    373,
                    443
                ],
                [
                    372,
                    442
                ],
                [
                    372,
                    441
                ],
                [
                    368,
                    437
                ],
                [
                    368,
                    436
                ],
                [
                    367,
                    435
                ],
                [
                    367,
                    434
                ],
                [
                    366,
                    433
                ],
                [
                    366,
                    432
                ],
                [
                    363,
                    429
                ],
                [
                    363,
                    426
                ],
                [
                    362,
                    426
                ],
                [
                    359,
                    423
                ],
                [
                    359,
                    422
                ]
            ],
            "group_id": null,
            "shape_type": "polygon",
            "flags": {}
        },
        {
            "label": "particle",
            "points": [
                [
                    568,
                    329
                ],
                [
                    567,
                    330
                ],
                [
                    566,
                    330
                ],
                [
                    565,
                    331
                ],
                [
                    564,
                    331
                ],
                [
                    562,
                    333
                ],
                [
                    560,
                    333
                ],
                [
                    557,
                    336
                ],
                [
                    556,
                    336
                ],
                [
                    555,
                    337
                ],
                [
                    554,
                    337
                ],
                [
                    553,
                    338
                ],
                [
                    552,
                    338
                ],
                [
                    549,
                    341
                ],
                [
                    547,
                    341
                ],
                [
                    544,
                    344
                ],
                [
                    543,
                    344
                ],
                [
                    541,
                    346
                ],
                [
                    539,
                    346
                ],
                [
                    535,
                    350
                ],
                [
                    534,
                    350
                ],
                [
                    534,
                    351
                ],
                [
                    533,
                    352
                ],
                [
                    533,
                    354
                ],
                [
                    532,
                    355
                ],
                [
                    532,
                    356
                ],
                [
                    531,
                    357
                ],
                [
                    531,
                    362
                ],
                [
                    533,
                    364
                ],
                [
                    533,
                    366
                ],
                [
                    534,
                    367
                ],
                [
                    536,
                    367
                ],
                [
                    537,
                    368
                ],
                [
                    538,
                    368
                ],
                [
                    539,
                    369
                ],
                [
                    540,
                    369
                ],
                [
                    541,
                    370
                ],
                [
                    542,
                    370
                ],
                [
                    544,
                    368
                ],
                [
                    546,
                    368
                ],
                [
                    547,
                    367
                ],
                [
                    548,
                    367
                ],
                [
                    549,
                    366
                ],
                [
                    550,
                    366
                ],
                [
                    553,
                    363
                ],
                [
                    555,
                    363
                ],
                [
                    558,
                    360
                ],
                [
                    559,
                    360
                ],
                [
                    560,
                    359
                ],
                [
                    561,
                    359
                ],
                [
                    562,
                    358
                ],
                [
                    563,
                    358
                ],
                [
                    567,
                    354
                ],
                [
                    568,
                    354
                ],
                [
                    569,
                    353
                ],
                [
                    570,
                    353
                ],
                [
                    573,
                    350
                ],
                [
                    575,
                    350
                ],
                [
                    578,
                    347
                ],
                [
                    579,
                    347
                ],
                [
                    581,
                    345
                ],
                [
                    581,
                    335
                ],
                [
                    576,
                    330
                ],
                [
                    574,
                    330
                ],
                [
                    573,
                    329
                ]
            ],
            "group_id": null,
            "shape_type": "polygon",
            "flags": {}
        },
        {
            "label": "particle",
            "points": [
                [
                    623,
                    289
                ],
                [
                    622,
                    290
                ],
                [
                    621,
                    290
                ],
                [
                    619,
                    292
                ],
                [
                    618,
                    292
                ],
                [
                    613,
                    297
                ],
                [
                    612,
                    297
                ],
                [
                    608,
                    301
                ],
                [
                    607,
                    301
                ],
                [
                    602,
                    306
                ],
                [
                    601,
                    306
                ],
                [
                    600,
                    307
                ],
                [
                    600,
                    308
                ],
                [
                    598,
                    310
                ],
                [
                    597,
                    310
                ],
                [
                    597,
                    311
                ],
                [
                    596,
                    312
                ],
                [
                    596,
                    313
                ],
                [
                    595,
                    314
                ],
                [
                    595,
                    319
                ],
                [
                    596,
                    320
                ],
                [
                    596,
                    321
                ],
                [
                    598,
                    323
                ],
                [
                    598,
                    324
                ],
                [
                    599,
                    325
                ],
                [
                    599,
                    326
                ],
                [
                    600,
                    327
                ],
                [
                    602,
                    327
                ],
                [
                    605,
                    330
                ],
                [
                    608,
                    330
                ],
                [
                    609,
                    329
                ],
                [
                    612,
                    329
                ],
                [
                    615,
                    326
                ],
                [
                    616,
                    326
                ],
                [
                    617,
                    325
                ],
                [
                    617,
                    324
                ],
                [
                    619,
                    322
                ],
                [
                    621,
                    322
                ],
                [
                    622,
                    321
                ],
                [
                    622,
                    320
                ],
                [
                    623,
                    319
                ],
                [
                    624,
                    319
                ],
                [
                    625,
                    318
                ],
                [
                    626,
                    318
                ],
                [
                    630,
                    314
                ],
                [
                    631,
                    314
                ],
                [
                    635,
                    310
                ],
                [
                    636,
                    310
                ],
                [
                    637,
                    309
                ],
                [
                    637,
                    308
                ],
                [
                    639,
                    306
                ],
                [
                    639,
                    299
                ],
                [
                    638,
                    298
                ],
                [
                    638,
                    297
                ],
                [
                    637,
                    296
                ],
                [
                    637,
                    294
                ],
                [
                    635,
                    292
                ],
                [
                    634,
                    292
                ],
                [
                    632,
                    290
                ],
                [
                    630,
                    290
                ],
                [
                    629,
                    289
                ]
            ],
            "group_id": null,
            "shape_type": "polygon",
            "flags": {}
        },
        {
            "label": "particle",
            "points": [
                [
                    627,
                    85
                ],
                [
                    626,
                    86
                ],
                [
                    623,
                    86
                ],
                [
                    622,
                    87
                ],
                [
                    621,
                    87
                ],
                [
                    620,
                    88
                ],
                [
                    620,
                    89
                ],
                [
                    618,
                    91
                ],
                [
                    616,
                    91
                ],
                [
                    616,
                    92
                ],
                [
                    613,
                    95
                ],
                [
                    612,
                    95
                ],
                [
                    609,
                    98
                ],
                [
                    608,
                    98
                ],
                [
                    604,
                    102
                ],
                [
                    603,
                    102
                ],
                [
                    603,
                    103
                ],
                [
                    602,
                    104
                ],
                [
                    601,
                    104
                ],
                [
                    599,
                    106
                ],
                [
                    599,
                    107
                ],
                [
                    598,
                    108
                ],
                [
                    596,
                    108
                ],
                [
                    595,
                    109
                ],
                [
                    595,
                    110
                ],
                [
                    594,
                    111
                ],
                [
                    593,
                    111
                ],
                [
                    592,
                    112
                ],
                [
                    591,
                    112
                ],
                [
                    587,
                    116
                ],
                [
                    586,
                    116
                ],
                [
                    579,
                    123
                ],
                [
                    579,
                    124
                ],
                [
                    578,
                    125
                ],
                [
                    578,
                    128
                ],
                [
                    579,
                    129
                ],
                [
                    579,
                    131
                ],
                [
                    582,
                    134
                ],
                [
                    584,
                    134
                ],
                [
                    585,
                    135
                ],
                [
                    589,
                    135
                ],
                [
                    590,
                    134
                ],
                [
                    591,
                    134
                ],
                [
                    592,
                    133
                ],
                [
                    593,
                    133
                ],
                [
                    595,
                    131
                ],
                [
                    595,
                    130
                ],
                [
                    596,
                    129
                ],
                [
                    598,
                    129
                ],
                [
                    599,
                    128
                ],
                [
                    599,
                    127
                ],
                [
                    600,
                    126
                ],
                [
                    601,
                    126
                ],
                [
                    602,
                    125
                ],
                [
                    603,
                    125
                ],
                [
                    607,
                    121
                ],
                [
                    608,
                    121
                ],
                [
                    610,
                    119
                ],
                [
                    611,
                    119
                ],
                [
                    612,
                    118
                ],
                [
                    612,
                    117
                ],
                [
                    613,
                    116
                ],
                [
                    615,
                    116
                ],
                [
                    619,
                    112
                ],
                [
                    620,
                    112
                ],
                [
                    625,
                    107
                ],
                [
                    626,
                    107
                ],
                [
                    631,
                    102
                ],
                [
                    632,
                    102
                ],
                [
                    633,
                    101
                ],
                [
                    633,
                    100
                ],
                [
                    634,
                    99
                ],
                [
                    635,
                    99
                ],
                [
                    637,
                    97
                ],
                [
                    637,
                    94
                ],
                [
                    638,
                    93
                ],
                [
                    637,
                    92
                ],
                [
                    637,
                    89
                ],
                [
                    634,
                    86
                ],
                [
                    632,
                    86
                ],
                [
                    631,
                    85
                ]
            ],
            "group_id": null,
            "shape_type": "polygon",
            "flags": {}
        },
        {
            "label": "particle",
            "points": [
                [
                    451,
                    156
                ],
                [
                    450,
                    157
                ],
                [
                    448,
                    157
                ],
                [
                    446,
                    159
                ],
                [
                    444,
                    159
                ],
                [
                    443,
                    160
                ],
                [
                    443,
                    162
                ],
                [
                    442,
                    163
                ],
                [
                    442,
                    170
                ],
                [
                    443,
                    171
                ],
                [
                    443,
                    172
                ],
                [
                    445,
                    174
                ],
                [
                    446,
                    174
                ],
                [
                    447,
                    175
                ],
                [
                    447,
                    176
                ],
                [
                    449,
                    176
                ],
                [
                    450,
                    177
                ],
                [
                    451,
                    177
                ],
                [
                    452,
                    178
                ],
                [
                    452,
                    179
                ],
                [
                    453,
                    179
                ],
                [
                    454,
                    180
                ],
                [
                    455,
                    180
                ],
                [
                    457,
                    182
                ],
                [
                    458,
                    182
                ],
                [
                    460,
                    184
                ],
                [
                    461,
                    184
                ],
                [
                    462,
                    185
                ],
                [
                    464,
                    185
                ],
                [
                    465,
                    186
                ],
                [
                    466,
                    186
                ],
                [
                    468,
                    188
                ],
                [
                    469,
                    188
                ],
                [
                    470,
                    189
                ],
                [
                    473,
                    189
                ],
                [
                    474,
                    190
                ],
                [
                    475,
                    190
                ],
                [
                    477,
                    192
                ],
                [
                    478,
                    192
                ],
                [
                    479,
                    193
                ],
                [
                    482,
                    193
                ],
                [
                    483,
                    194
                ],
                [
                    487,
                    194
                ],
                [
                    488,
                    193
                ],
                [
                    490,
                    193
                ],
                [
                    493,
                    190
                ],
                [
                    493,
                    189
                ],
                [
                    494,
                    188
                ],
                [
                    494,
                    184
                ],
                [
                    495,
                    183
                ],
                [
                    495,
                    182
                ],
                [
                    494,
                    181
                ],
                [
                    494,
                    180
                ],
                [
                    493,
                    179
                ],
                [
                    493,
                    177
                ],
                [
                    492,
                    176
                ],
                [
                    491,
                    176
                ],
                [
                    489,
                    174
                ],
                [
                    489,
                    173
                ],
                [
                    488,
                    173
                ],
                [
                    487,
                    172
                ],
                [
                    486,
                    172
                ],
                [
                    485,
                    171
                ],
                [
                    484,
                    171
                ],
                [
                    483,
                    170
                ],
                [
                    482,
                    170
                ],
                [
                    480,
                    168
                ],
                [
                    477,
                    168
                ],
                [
                    476,
                    167
                ],
                [
                    475,
                    167
                ],
                [
                    474,
                    166
                ],
                [
                    473,
                    166
                ],
                [
                    471,
                    164
                ],
                [
                    470,
                    164
                ],
                [
                    469,
                    163
                ],
                [
                    467,
                    163
                ],
                [
                    464,
                    160
                ],
                [
                    463,
                    160
                ],
                [
                    462,
                    159
                ],
                [
                    460,
                    159
                ],
                [
                    459,
                    158
                ],
                [
                    457,
                    158
                ],
                [
                    456,
                    157
                ],
                [
                    453,
                    157
                ],
                [
                    452,
                    156
                ]
            ],
            "group_id": null,
            "shape_type": "polygon",
            "flags": {}
        },
        {
            "label": "particle",
            "points": [
                [
                    387,
                    152
                ],
                [
                    386,
                    153
                ],
                [
                    384,
                    153
                ],
                [
                    383,
                    154
                ],
                [
                    382,
                    154
                ],
                [
                    381,
                    155
                ],
                [
                    379,
                    155
                ],
                [
                    378,
                    156
                ],
                [
                    378,
                    158
                ],
                [
                    376,
                    160
                ],
                [
                    376,
                    161
                ],
                [
                    377,
                    162
                ],
                [
                    377,
                    172
                ],
                [
                    378,
                    173
                ],
                [
                    378,
                    193
                ],
                [
                    379,
                    194
                ],
                [
                    379,
                    205
                ],
                [
                    380,
                    206
                ],
                [
                    380,
                    217
                ],
                [
                    381,
                    218
                ],
                [
                    381,
                    221
                ],
                [
                    382,
                    222
                ],
                [
                    382,
                    225
                ],
                [
                    383,
                    225
                ],
                [
                    387,
                    229
                ],
                [
                    391,
                    229
                ],
                [
                    393,
                    227
                ],
                [
                    394,
                    227
                ],
                [
                    396,
                    225
                ],
                [
                    397,
                    225
                ],
                [
                    397,
                    223
                ],
                [
                    399,
                    221
                ],
                [
                    399,
                    213
                ],
                [
                    398,
                    212
                ],
                [
                    398,
                    203
                ],
                [
                    397,
                    202
                ],
                [
                    397,
                    189
                ],
                [
                    396,
                    188
                ],
                [
                    396,
                    163
                ],
                [
                    395,
                    162
                ],
                [
                    395,
                    159
                ],
                [
                    394,
                    158
                ],
                [
                    394,
                    156
                ],
                [
                    393,
                    155
                ],
                [
                    392,
                    155
                ],
                [
                    391,
                    154
                ],
                [
                    390,
                    154
                ],
                [
                    389,
                    153
                ],
                [
                    388,
                    153
                ]
            ],
            "group_id": null,
            "shape_type": "polygon",
            "flags": {}
        },
        {
            "label": "particle",
            "points": [
                [
                    144,
                    237
                ],
                [
                    141,
                    240
                ],
                [
                    140,
                    240
                ],
                [
                    134,
                    246
                ],
                [
                    133,
                    246
                ],
                [
                    133,
                    247
                ],
                [
                    132,
                    248
                ],
                [
                    131,
                    248
                ],
                [
                    127,
                    252
                ],
                [
                    126,
                    252
                ],
                [
                    125,
                    253
                ],
                [
                    125,
                    254
                ],
                [
                    123,
                    256
                ],
                [
                    122,
                    256
                ],
                [
                    120,
                    258
                ],
                [
                    120,
                    259
                ],
                [
                    118,
                    261
                ],
                [
                    116,
                    261
                ],
                [
                    116,
                    262
                ],
                [
                    113,
                    265
                ],
                [
                    112,
                    265
                ],
                [
                    111,
                    266
                ],
                [
                    110,
                    266
                ],
                [
                    107,
                    269
                ],
                [
                    106,
                    269
                ],
                [
                    106,
                    271
                ],
                [
                    105,
                    272
                ],
                [
                    105,
                    273
                ],
                [
                    104,
                    274
                ],
                [
                    104,
                    279
                ],
                [
                    105,
                    280
                ],
                [
                    105,
                    282
                ],
                [
                    106,
                    283
                ],
                [
                    106,
                    284
                ],
                [
                    108,
                    286
                ],
                [
                    108,
                    287
                ],
                [
                    112,
                    291
                ],
                [
                    114,
                    291
                ],
                [
                    116,
                    293
                ],
                [
                    123,
                    293
                ],
                [
                    124,
                    292
                ],
                [
                    125,
                    292
                ],
                [
                    128,
                    289
                ],
                [
                    129,
                    289
                ],
                [
                    129,
                    288
                ],
                [
                    131,
                    286
                ],
                [
                    132,
                    286
                ],
                [
                    133,
                    285
                ],
                [
                    133,
                    284
                ],
                [
                    135,
                    282
                ],
                [
                    137,
                    282
                ],
                [
                    137,
                    281
                ],
                [
                    140,
                    278
                ],
                [
                    141,
                    278
                ],
                [
                    142,
                    277
                ],
                [
                    142,
                    276
                ],
                [
                    144,
                    274
                ],
                [
                    145,
                    274
                ],
                [
                    150,
                    269
                ],
                [
                    151,
                    269
                ],
                [
                    155,
                    265
                ],
                [
                    156,
                    265
                ],
                [
                    157,
                    264
                ],
                [
                    158,
                    264
                ],
                [
                    159,
                    263
                ],
                [
                    159,
                    262
                ],
                [
                    160,
                    261
                ],
                [
                    162,
                    261
                ],
                [
                    162,
                    260
                ],
                [
                    163,
                    259
                ],
                [
                    163,
                    258
                ],
                [
                    164,
                    257
                ],
                [
                    164,
                    256
                ],
                [
                    165,
                    255
                ],
                [
                    165,
                    253
                ],
                [
                    164,
                    252
                ],
                [
                    164,
                    250
                ],
                [
                    163,
                    249
                ],
                [
                    163,
                    246
                ],
                [
                    162,
                    245
                ],
                [
                    162,
                    244
                ],
                [
                    161,
                    243
                ],
                [
                    160,
                    243
                ],
                [
                    159,
                    242
                ],
                [
                    159,
                    241
                ],
                [
                    158,
                    240
                ],
                [
                    157,
                    240
                ],
                [
                    156,
                    239
                ],
                [
                    154,
                    239
                ],
                [
                    153,
                    238
                ],
                [
                    151,
                    238
                ],
                [
                    150,
                    237
                ]
            ],
            "group_id": null,
            "shape_type": "polygon",
            "flags": {}
        },
        {
            "label": "particle",
            "points": [
                [
                    287,
                    88
                ],
                [
                    286,
                    89
                ],
                [
                    281,
                    89
                ],
                [
                    280,
                    90
                ],
                [
                    276,
                    90
                ],
                [
                    275,
                    91
                ],
                [
                    268,
                    91
                ],
                [
                    267,
                    92
                ],
                [
                    266,
                    92
                ],
                [
                    265,
                    93
                ],
                [
                    263,
                    93
                ],
                [
                    262,
                    94
                ],
                [
                    260,
                    94
                ],
                [
                    259,
                    95
                ],
                [
                    253,
                    95
                ],
                [
                    252,
                    96
                ],
                [
                    251,
                    96
                ],
                [
                    249,
                    98
                ],
                [
                    248,
                    98
                ],
                [
                    243,
                    103
                ],
                [
                    243,
                    104
                ],
                [
                    241,
                    106
                ],
                [
                    241,
                    108
                ],
                [
                    242,
                    109
                ],
                [
                    242,
                    112
                ],
                [
                    243,
                    113
                ],
                [
                    243,
                    117
                ],
                [
                    244,
                    118
                ],
                [
                    244,
                    119
                ],
                [
                    245,
                    120
                ],
                [
                    245,
                    121
                ],
                [
                    246,
                    121
                ],
                [
                    247,
                    122
                ],
                [
                    247,
                    123
                ],
                [
                    248,
                    124
                ],
                [
                    249,
                    124
                ],
                [
                    250,
                    125
                ],
                [
                    264,
                    125
                ],
                [
                    265,
                    124
                ],
                [
                    268,
                    124
                ],
                [
                    269,
                    123
                ],
                [
                    272,
                    123
                ],
                [
                    273,
                    122
                ],
                [
                    276,
                    122
                ],
                [
                    277,
                    121
                ],
                [
                    282,
                    121
                ],
                [
                    283,
                    120
                ],
                [
                    285,
                    120
                ],
                [
                    286,
                    119
                ],
                [
                    288,
                    119
                ],
                [
                    289,
                    118
                ],
                [
                    290,
                    118
                ],
                [
                    291,
                    117
                ],
                [
                    292,
                    117
                ],
                [
                    293,
                    116
                ],
                [
                    293,
                    115
                ],
                [
                    296,
                    112
                ],
                [
                    297,
                    112
                ],
                [
                    297,
                    111
                ],
                [
                    300,
                    108
                ],
                [
                    300,
                    105
                ],
                [
                    299,
                    104
                ],
                [
                    299,
                    103
                ],
                [
                    298,
                    102
                ],
                [
                    298,
                    101
                ],
                [
                    297,
                    100
                ],
                [
                    297,
                    97
                ],
                [
                    296,
                    96
                ],
                [
                    296,
                    95
                ],
                [
                    294,
                    93
                ],
                [
                    294,
                    92
                ],
                [
                    292,
                    90
                ],
                [
                    291,
                    90
                ],
                [
                    290,
                    89
                ],
                [
                    288,
                    89
                ]
            ],
            "group_id": null,
            "shape_type": "polygon",
            "flags": {}
        },
        {
            "label": "particle",
            "points": [
                [
                    489,
                    49
                ],
                [
                    488,
                    50
                ],
                [
                    487,
                    50
                ],
                [
                    485,
                    52
                ],
                [
                    484,
                    52
                ],
                [
                    483,
                    53
                ],
                [
                    482,
                    53
                ],
                [
                    480,
                    55
                ],
                [
                    479,
                    55
                ],
                [
                    479,
                    56
                ],
                [
                    478,
                    57
                ],
                [
                    476,
                    57
                ],
                [
                    471,
                    62
                ],
                [
                    470,
                    62
                ],
                [
                    467,
                    65
                ],
                [
                    466,
                    65
                ],
                [
                    461,
                    70
                ],
                [
                    460,
                    70
                ],
                [
                    458,
                    72
                ],
                [
                    457,
                    72
                ],
                [
                    457,
                    73
                ],
                [
                    456,
                    74
                ],
                [
                    455,
                    74
                ],
                [
                    453,
                    76
                ],
                [
                    453,
                    79
                ],
                [
                    452,
                    80
                ],
                [
                    452,
                    83
                ],
                [
                    451,
                    84
                ],
                [
                    451,
                    88
                ],
                [
                    452,
                    89
                ],
                [
                    452,
                    92
                ],
                [
                    457,
                    97
                ],
                [
                    458,
                    97
                ],
                [
                    460,
                    99
                ],
                [
                    461,
                    99
                ],
                [
                    462,
                    100
                ],
                [
                    469,
                    100
                ],
                [
                    470,
                    99
                ],
                [
                    471,
                    99
                ],
                [
                    472,
                    98
                ],
                [
                    473,
                    98
                ],
                [
                    475,
                    96
                ],
                [
                    477,
                    96
                ],
                [
                    478,
                    95
                ],
                [
                    479,
                    95
                ],
                [
                    482,
                    92
                ],
                [
                    483,
                    92
                ],
                [
                    486,
                    89
                ],
                [
                    487,
                    89
                ],
                [
                    487,
                    88
                ],
                [
                    488,
                    87
                ],
                [
                    489,
                    87
                ],
                [
                    491,
                    85
                ],
                [
                    492,
                    85
                ],
                [
                    492,
                    84
                ],
                [
                    493,
                    83
                ],
                [
                    494,
                    83
                ],
                [
                    496,
                    81
                ],
                [
                    496,
                    80
                ],
                [
                    497,
                    79
                ],
                [
                    499,
                    79
                ],
                [
                    502,
                    76
                ],
                [
                    503,
                    76
                ],
                [
                    504,
                    75
                ],
                [
                    504,
                    73
                ],
                [
                    505,
                    72
                ],
                [
                    505,
                    71
                ],
                [
                    506,
                    70
                ],
                [
                    506,
                    69
                ],
                [
                    507,
                    68
                ],
                [
                    507,
                    62
                ],
                [
                    506,
                    61
                ],
                [
                    506,
                    58
                ],
                [
                    504,
                    56
                ],
                [
                    504,
                    55
                ],
                [
                    503,
                    54
                ],
                [
                    502,
                    54
                ],
                [
                    500,
                    52
                ],
                [
                    499,
                    52
                ],
                [
                    498,
                    51
                ],
                [
                    497,
                    51
                ],
                [
                    496,
                    50
                ],
                [
                    496,
                    49
                ]
            ],
            "group_id": null,
            "shape_type": "polygon",
            "flags": {}
        },
        {
            "label": "particle",
            "points": [
                [
                    443,
                    0
                ],
                [
                    442,
                    1
                ],
                [
                    441,
                    1
                ],
                [
                    440,
                    2
                ],
                [
                    440,
                    3
                ],
                [
                    439,
                    4
                ],
                [
                    439,
                    5
                ],
                [
                    438,
                    6
                ],
                [
                    438,
                    11
                ],
                [
                    439,
                    12
                ],
                [
                    439,
                    13
                ],
                [
                    440,
                    14
                ],
                [
                    440,
                    15
                ],
                [
                    441,
                    16
                ],
                [
                    443,
                    16
                ],
                [
                    444,
                    17
                ],
                [
                    444,
                    18
                ],
                [
                    445,
                    18
                ],
                [
                    447,
                    20
                ],
                [
                    449,
                    20
                ],
                [
                    452,
                    23
                ],
                [
                    453,
                    23
                ],
                [
                    454,
                    24
                ],
                [
                    455,
                    24
                ],
                [
                    456,
                    25
                ],
                [
                    457,
                    25
                ],
                [
                    458,
                    26
                ],
                [
                    459,
                    26
                ],
                [
                    462,
                    29
                ],
                [
                    464,
                    29
                ],
                [
                    466,
                    31
                ],
                [
                    467,
                    31
                ],
                [
                    469,
                    33
                ],
                [
                    471,
                    33
                ],
                [
                    473,
                    35
                ],
                [
                    474,
                    35
                ],
                [
                    476,
                    37
                ],
                [
                    477,
                    37
                ],
                [
                    478,
                    38
                ],
                [
                    479,
                    38
                ],
                [
                    480,
                    39
                ],
                [
                    481,
                    39
                ],
                [
                    483,
                    41
                ],
                [
                    484,
                    41
                ],
                [
                    485,
                    42
                ],
                [
                    490,
                    42
                ],
                [
                    492,
                    40
                ],
                [
                    493,
                    40
                ],
                [
                    495,
                    38
                ],
                [
                    495,
                    36
                ],
                [
                    496,
                    35
                ],
                [
                    496,
                    29
                ],
                [
                    495,
                    28
                ],
                [
                    495,
                    25
                ],
                [
                    494,
                    25
                ],
                [
                    489,
                    20
                ],
                [
                    487,
                    20
                ],
                [
                    485,
                    18
                ],
                [
                    484,
                    18
                ],
                [
                    482,
                    16
                ],
                [
                    480,
                    16
                ],
                [
                    477,
                    13
                ],
                [
                    476,
                    13
                ],
                [
                    475,
                    12
                ],
                [
                    474,
                    12
                ],
                [
                    473,
                    11
                ],
                [
                    472,
                    11
                ],
                [
                    471,
                    10
                ],
                [
                    470,
                    10
                ],
                [
                    467,
                    7
                ],
                [
                    465,
                    7
                ],
                [
                    463,
                    5
                ],
                [
                    462,
                    5
                ],
                [
                    460,
                    3
                ],
                [
                    458,
                    3
                ],
                [
                    456,
                    1
                ],
                [
                    455,
                    1
                ],
                [
                    454,
                    0
                ]
            ],
            "group_id": null,
            "shape_type": "polygon",
            "flags": {}
        },
        {
            "label": "particle",
            "points": [
                [
                    591,
                    14
                ],
                [
                    588,
                    17
                ],
                [
                    587,
                    17
                ],
                [
                    587,
                    18
                ],
                [
                    585,
                    20
                ],
                [
                    585,
                    21
                ],
                [
                    584,
                    22
                ],
                [
                    584,
                    23
                ],
                [
                    581,
                    26
                ],
                [
                    581,
                    27
                ],
                [
                    577,
                    31
                ],
                [
                    577,
                    33
                ],
                [
                    573,
                    37
                ],
                [
                    573,
                    38
                ],
                [
                    572,
                    39
                ],
                [
                    572,
                    40
                ],
                [
                    568,
                    44
                ],
                [
                    568,
                    46
                ],
                [
                    567,
                    47
                ],
                [
                    566,
                    47
                ],
                [
                    566,
                    48
                ],
                [
                    564,
                    50
                ],
                [
                    564,
                    51
                ],
                [
                    563,
                    52
                ],
                [
                    563,
                    53
                ],
                [
                    561,
                    55
                ],
                [
                    560,
                    55
                ],
                [
                    560,
                    57
                ],
                [
                    558,
                    59
                ],
                [
                    558,
                    60
                ],
                [
                    557,
                    61
                ],
                [
                    557,
                    64
                ],
                [
                    558,
                    65
                ],
                [
                    558,
                    66
                ],
                [
                    559,
                    67
                ],
                [
                    559,
                    68
                ],
                [
                    562,
                    71
                ],
                [
                    563,
                    71
                ],
                [
                    564,
                    72
                ],
                [
                    567,
                    72
                ],
                [
                    568,
                    73
                ],
                [
                    571,
                    73
                ],
                [
                    572,
                    72
                ],
                [
                    574,
                    72
                ],
                [
                    577,
                    69
                ],
                [
                    577,
                    68
                ],
                [
                    579,
                    66
                ],
                [
                    579,
                    65
                ],
                [
                    580,
                    64
                ],
                [
                    581,
                    64
                ],
                [
                    581,
                    62
                ],
                [
                    585,
                    58
                ],
                [
                    585,
                    56
                ],
                [
                    590,
                    51
                ],
                [
                    590,
                    50
                ],
                [
                    591,
                    49
                ],
                [
                    591,
                    48
                ],
                [
                    592,
                    47
                ],
                [
                    593,
                    47
                ],
                [
                    593,
                    46
                ],
                [
                    594,
                    45
                ],
                [
                    594,
                    44
                ],
                [
                    597,
                    41
                ],
                [
                    597,
                    40
                ],
                [
                    599,
                    38
                ],
                [
                    599,
                    37
                ],
                [
                    603,
                    33
                ],
                [
                    603,
                    32
                ],
                [
                    605,
                    30
                ],
                [
                    605,
                    29
                ],
                [
                    606,
                    28
                ],
                [
                    606,
                    26
                ],
                [
                    607,
                    25
                ],
                [
                    607,
                    23
                ],
                [
                    606,
                    22
                ],
                [
                    606,
                    21
                ],
                [
                    605,
                    20
                ],
                [
                    605,
                    19
                ],
                [
                    603,
                    17
                ],
                [
                    602,
                    17
                ],
                [
                    601,
                    16
                ],
                [
                    600,
                    16
                ],
                [
                    599,
                    15
                ],
                [
                    598,
                    15
                ],
                [
                    597,
                    14
                ]
            ],
            "group_id": null,
            "shape_type": "polygon",
            "flags": {}
        }
    ],
    "imagePath": "",
    "imageData": null,
    "imageHeight": 512,
    "imageWidth": 768
}