{
    "version": "4.5.6",
    "flags": {},
    "shapes": [
        {
            "label": "particle",
            "points": [
                [
                    78,
                    129
                ],
                [
                    77,
                    130
                ],
                [
                    77,
                    131
                ],
                [
                    73,
                    135
                ],
                [
                    73,
                    136
                ],
                [
                    68,
                    141
                ],
                [
                    68,
                    142
                ],
                [
                    65,
                    145
                ],
                [
                    64,
                    145
                ],
                [
                    64,
                    146
                ],
                [
                    59,
                    151
                ],
                [
                    59,
                    152
                ],
                [
                    57,
                    154
                ],
                [
                    56,
                    154
                ],
                [
                    55,
                    155
                ],
                [
                    55,
                    157
                ],
                [
                    54,
                    158
                ],
                [
                    53,
                    158
                ],
                [
                    52,
                    159
                ],
                [
                    52,
                    160
                ],
                [
                    51,
                    161
                ],
                [
                    51,
                    162
                ],
                [
                    49,
                    164
                ],
                [
                    49,
                    166
                ],
                [
                    50,
                    167
                ],
                [
                    50,
                    169
                ],
                [
                    52,
                    171
                ],
                [
                    53,
                    171
                ],
                [
                    55,
                    173
                ],
                [
                    55,
                    174
                ],
                [
                    56,
                    174
                ],
                [
                    57,
                    175
                ],
                [
                    58,
                    175
                ],
                [
                    59,
                    176
                ],
                [
                    59,
                    177
                ],
                [
                    60,
                    178
                ],
                [
                    61,
                    178
                ],
                [
                    62,
                    179
                ],
                [
                    64,
                    179
                ],
                [
                    65,
                    178
                ],
                [
                    66,
                    178
                ],
                [
                    69,
                    175
                ],
                [
                    70,
                    175
                ],
                [
                    72,
                    173
                ],
                [
                    72,
                    172
                ],
                [
                    77,
                    167
                ],
                [
                    77,
                    166
                ],
                [
                    81,
                    162
                ],
                [
                    81,
                    161
                ],
                [
                    84,
                    158
                ],
                [
                    85,
                    158
                ],
                [
                    85,
                    156
                ],
                [
                    87,
                    154
                ],
                [
                    88,
                    154
                ],
                [
                    88,
                    153
                ],
                [
                    90,
                    151
                ],
                [
                    90,
                    150
                ],
                [
                    91,
                    149
                ],
                [
                    91,
                    148
                ],
                [
                    94,
                    145
                ],
                [
                    94,
                    141
                ],
                [
                    93,
                    141
                ],
                [
                    90,
                    138
                ],
                [
                    90,
                    137
                ],
                [
                    89,
                    137
                ],
                [
                    82,
                    130
                ],
                [
                    79,
                    130
                ]
            ],
            "group_id": null,
            "shape_type": "polygon",
            "flags": {}
        },
        {
            "label": "particle",
            "points": [
                [
                    172,
                    202
                ],
                [
                    171,
                    203
                ],
                [
                    170,
                    203
                ],
                [
                    170,
                    206
                ],
                [
                    169,
                    207
                ],
                [
                    169,
                    210
                ],
                [
                    168,
                    211
                ],
                [
                    168,
                    214
                ],
                [
                    167,
                    215
                ],
                [
                    167,
                    217
                ],
                [
                    166,
                    218
                ],
                [
                    166,
                    219
                ],
                [
                    165,
                    220
                ],
                [
                    165,
                    225
                ],
                [
                    164,
                    226
                ],
                [
                    164,
                    228
                ],
                [
                    163,
                    229
                ],
                [
                    163,
                    231
                ],
                [
                    162,
                    232
                ],
                [
                    162,
                    235
                ],
                [
                    161,
                    236
                ],
                [
                    161,
                    241
                ],
                [
                    160,
                    242
                ],
                [
                    160,
                    248
                ],
                [
                    162,
                    250
                ],
                [
                    163,
                    250
                ],
                [
                    164,
                    251
                ],
                [
                    166,
                    251
                ],
                [
                    167,
                    252
                ],
                [
                    169,
                    252
                ],
                [
                    170,
                    253
                ],
                [
                    179,
                    253
                ],
                [
                    182,
                    250
                ],
                [
                    182,
                    247
                ],
                [
                    183,
                    246
                ],
                [
                    183,
                    238
                ],
                [
                    184,
                    237
                ],
                [
                    184,
                    236
                ],
                [
                    185,
                    235
                ],
                [
                    185,
                    233
                ],
                [
                    186,
                    232
                ],
                [
                    186,
                    231
                ],
                [
                    187,
                    230
                ],
                [
                    187,
                    226
                ],
                [
                    188,
                    225
                ],
                [
                    188,
                    224
                ],
                [
                    189,
                    223
                ],
                [
                    189,
                    221
                ],
                [
                    190,
                    220
                ],
                [
                    190,
                    219
                ],
                [
                    191,
                    218
                ],
                [
                    191,
                    215
                ],
                [
                    192,
                    214
                ],
                [
                    192,
                    209
                ],
                [
                    189,
                    206
                ],
                [
                    188,
                    206
                ],
                [
                    187,
                    205
                ],
                [
                    185,
                    205
                ],
                [
                    183,
                    203
                ],
                [
                    181,
                    203
                ],
                [
                    180,
                    202
                ]
            ],
            "group_id": null,
            "shape_type": "polygon",
            "flags": {}
        },
        {
            "label": "particle",
            "points": [
                [
                    238,
                    180
                ],
                [
                    237,
                    181
                ],
                [
                    230,
                    181
                ],
                [
                    229,
                    182
                ],
                [
                    226,
                    182
                ],
                [
                    225,
                    183
                ],
                [
                    221,
                    183
                ],
                [
                    220,
                    184
                ],
                [
                    216,
                    184
                ],
                [
                    215,
                    185
                ],
                [
                    204,
                    185
                ],
                [
                    203,
                    186
                ],
                [
                    200,
                    186
                ],
                [
                    199,
                    187
                ],
                [
                    198,
                    187
                ],
                [
                    196,
                    189
                ],
                [
                    196,
                    201
                ],
                [
                    198,
                    203
                ],
                [
                    198,
                    204
                ],
                [
                    199,
                    205
                ],
                [
                    199,
                    206
                ],
                [
                    200,
                    207
                ],
                [
                    200,
                    209
                ],
                [
                    201,
                    209
                ],
                [
                    202,
                    210
                ],
                [
                    203,
                    210
                ],
                [
                    204,
                    211
                ],
                [
                    205,
                    211
                ],
                [
                    206,
                    210
                ],
                [
                    208,
                    210
                ],
                [
                    209,
                    209
                ],
                [
                    212,
                    209
                ],
                [
                    213,
                    208
                ],
                [
                    214,
                    208
                ],
                [
                    215,
                    207
                ],
                [
                    217,
                    207
                ],
                [
                    218,
                    206
                ],
                [
                    225,
                    206
                ],
                [
                    226,
                    205
                ],
                [
                    230,
                    205
                ],
                [
                    231,
                    204
                ],
                [
                    234,
                    204
                ],
                [
                    235,
                    203
                ],
                [
                    238,
                    203
                ],
                [
                    239,
                    202
                ],
                [
                    247,
                    202
                ],
                [
                    247,
                    190
                ],
                [
                    246,
                    189
                ],
                [
                    246,
                    185
                ],
                [
                    245,
                    184
                ],
                [
                    245,
                    183
                ],
                [
                    244,
                    182
                ],
                [
                    244,
                    181
                ],
                [
                    243,
                    181
                ],
                [
                    242,
                    180
                ]
            ],
            "group_id": null,
            "shape_type": "polygon",
            "flags": {}
        },
        {
            "label": "particle",
            "points": [
                [
                    151,
                    384
                ],
                [
                    149,
                    386
                ],
                [
                    148,
                    386
                ],
                [
                    147,
                    387
                ],
                [
                    147,
                    388
                ],
                [
                    146,
                    389
                ],
                [
                    145,
                    389
                ],
                [
                    144,
                    390
                ],
                [
                    143,
                    390
                ],
                [
                    143,
                    391
                ],
                [
                    141,
                    393
                ],
                [
                    141,
                    394
                ],
                [
                    140,
                    395
                ],
                [
                    139,
                    395
                ],
                [
                    139,
                    397
                ],
                [
                    137,
                    399
                ],
                [
                    137,
                    400
                ],
                [
                    139,
                    402
                ],
                [
                    139,
                    403
                ],
                [
                    140,
                    403
                ],
                [
                    143,
                    406
                ],
                [
                    143,
                    407
                ],
                [
                    144,
                    408
                ],
                [
                    145,
                    408
                ],
                [
                    147,
                    410
                ],
                [
                    147,
                    411
                ],
                [
                    148,
                    412
                ],
                [
                    149,
                    412
                ],
                [
                    151,
                    414
                ],
                [
                    151,
                    415
                ],
                [
                    152,
                    416
                ],
                [
                    153,
                    416
                ],
                [
                    156,
                    419
                ],
                [
                    156,
                    420
                ],
                [
                    157,
                    421
                ],
                [
                    158,
                    421
                ],
                [
                    160,
                    423
                ],
                [
                    160,
                    424
                ],
                [
                    164,
                    428
                ],
                [
                    164,
                    429
                ],
                [
                    166,
                    429
                ],
                [
                    167,
                    430
                ],
                [
                    172,
                    430
                ],
                [
                    184,
                    418
                ],
                [
                    185,
                    418
                ],
                [
                    185,
                    415
                ],
                [
                    184,
                    414
                ],
                [
                    184,
                    412
                ],
                [
                    183,
                    412
                ],
                [
                    181,
                    410
                ],
                [
                    181,
                    409
                ],
                [
                    180,
                    408
                ],
                [
                    179,
                    408
                ],
                [
                    177,
                    406
                ],
                [
                    177,
                    405
                ],
                [
                    175,
                    403
                ],
                [
                    174,
                    403
                ],
                [
                    172,
                    401
                ],
                [
                    172,
                    399
                ],
                [
                    171,
                    399
                ],
                [
                    168,
                    396
                ],
                [
                    168,
                    395
                ],
                [
                    167,
                    395
                ],
                [
                    164,
                    392
                ],
                [
                    164,
                    390
                ],
                [
                    163,
                    390
                ],
                [
                    160,
                    387
                ],
                [
                    160,
                    386
                ],
                [
                    159,
                    386
                ],
                [
                    157,
                    384
                ]
            ],
            "group_id": null,
            "shape_type": "polygon",
            "flags": {}
        },
        {
            "label": "particle",
            "points": [
                [
                    271,
                    268
                ],
                [
                    269,
                    270
                ],
                [
                    268,
                    270
                ],
                [
                    267,
                    271
                ],
                [
                    267,
                    272
                ],
                [
                    265,
                    274
                ],
                [
                    265,
                    275
                ],
                [
                    263,
                    277
                ],
                [
                    263,
                    279
                ],
                [
                    260,
                    282
                ],
                [
                    260,
                    283
                ],
                [
                    259,
                    284
                ],
                [
                    259,
                    285
                ],
                [
                    255,
                    289
                ],
                [
                    255,
                    291
                ],
                [
                    254,
                    292
                ],
                [
                    253,
                    292
                ],
                [
                    252,
                    293
                ],
                [
                    252,
                    294
                ],
                [
                    251,
                    295
                ],
                [
                    251,
                    296
                ],
                [
                    250,
                    297
                ],
                [
                    250,
                    298
                ],
                [
                    249,
                    299
                ],
                [
                    249,
                    300
                ],
                [
                    247,
                    302
                ],
                [
                    247,
                    303
                ],
                [
                    246,
                    304
                ],
                [
                    246,
                    305
                ],
                [
                    245,
                    306
                ],
                [
                    245,
                    310
                ],
                [
                    246,
                    311
                ],
                [
                    246,
                    313
                ],
                [
                    247,
                    314
                ],
                [
                    249,
                    314
                ],
                [
                    252,
                    317
                ],
                [
                    253,
                    317
                ],
                [
                    254,
                    318
                ],
                [
                    255,
                    318
                ],
                [
                    256,
                    319
                ],
                [
                    257,
                    319
                ],
                [
                    259,
                    321
                ],
                [
                    261,
                    321
                ],
                [
                    262,
                    320
                ],
                [
                    263,
                    320
                ],
                [
                    263,
                    319
                ],
                [
                    265,
                    317
                ],
                [
                    265,
                    316
                ],
                [
                    267,
                    314
                ],
                [
                    267,
                    313
                ],
                [
                    268,
                    312
                ],
                [
                    268,
                    310
                ],
                [
                    271,
                    307
                ],
                [
                    271,
                    306
                ],
                [
                    272,
                    305
                ],
                [
                    272,
                    304
                ],
                [
                    273,
                    303
                ],
                [
                    273,
                    302
                ],
                [
                    276,
                    299
                ],
                [
                    276,
                    298
                ],
                [
                    277,
                    297
                ],
                [
                    277,
                    296
                ],
                [
                    279,
                    294
                ],
                [
                    279,
                    293
                ],
                [
                    280,
                    292
                ],
                [
                    280,
                    291
                ],
                [
                    281,
                    290
                ],
                [
                    281,
                    289
                ],
                [
                    282,
                    288
                ],
                [
                    283,
                    288
                ],
                [
                    284,
                    287
                ],
                [
                    284,
                    286
                ],
                [
                    286,
                    284
                ],
                [
                    286,
                    283
                ],
                [
                    288,
                    281
                ],
                [
                    288,
                    277
                ],
                [
                    287,
                    276
                ],
                [
                    286,
                    276
                ],
                [
                    283,
                    273
                ],
                [
                    282,
                    273
                ],
                [
                    280,
                    271
                ],
                [
                    278,
                    271
                ],
                [
                    276,
                    269
                ],
                [
                    275,
                    269
                ],
                [
                    274,
                    268
                ]
            ],
            "group_id": null,
            "shape_type": "polygon",
            "flags": {}
        },
        {
            "label": "particle",
            "points": [
                [
                    289,
                    251
                ],
                [
                    288,
                    252
                ],
                [
                    287,
                    252
                ],
                [
                    286,
                    253
                ],
                [
                    286,
                    254
                ],
                [
                    284,
                    256
                ],
                [
                    284,
                    259
                ],
                [
                    283,
                    260
                ],
                [
                    283,
                    269
                ],
                [
                    284,
                    270
                ],
                [
                    284,
                    272
                ],
                [
                    286,
                    274
                ],
                [
                    288,
                    274
                ],
                [
                    289,
                    275
                ],
                [
                    290,
                    275
                ],
                [
                    291,
                    276
                ],
                [
                    292,
                    276
                ],
                [
                    293,
                    277
                ],
                [
                    302,
                    277
                ],
                [
                    303,
                    278
                ],
                [
                    308,
                    278
                ],
                [
                    309,
                    279
                ],
                [
                    313,
                    279
                ],
                [
                    314,
                    280
                ],
                [
                    319,
                    280
                ],
                [
                    320,
                    281
                ],
                [
                    329,
                    281
                ],
                [
                    329,
                    280
                ],
                [
                    332,
                    277
                ],
                [
                    332,
                    276
                ],
                [
                    333,
                    275
                ],
                [
                    333,
                    258
                ],
                [
                    332,
                    257
                ],
                [
                    331,
                    257
                ],
                [
                    329,
                    255
                ],
                [
                    314,
                    255
                ],
                [
                    313,
                    254
                ],
                [
                    307,
                    254
                ],
                [
                    306,
                    253
                ],
                [
                    299,
                    253
                ],
                [
                    298,
                    252
                ],
                [
                    291,
                    252
                ],
                [
                    290,
                    251
                ]
            ],
            "group_id": null,
            "shape_type": "polygon",
            "flags": {}
        },
        {
            "label": "particle",
            "points": [
                [
                    385,
                    302
                ],
                [
                    384,
                    303
                ],
                [
                    382,
                    303
                ],
                [
                    382,
                    306
                ],
                [
                    381,
                    307
                ],
                [
                    381,
                    318
                ],
                [
                    382,
                    319
                ],
                [
                    382,
                    323
                ],
                [
                    384,
                    325
                ],
                [
                    390,
                    325
                ],
                [
                    391,
                    324
                ],
                [
                    396,
                    324
                ],
                [
                    397,
                    323
                ],
                [
                    404,
                    323
                ],
                [
                    405,
                    322
                ],
                [
                    414,
                    322
                ],
                [
                    415,
                    323
                ],
                [
                    425,
                    323
                ],
                [
                    427,
                    321
                ],
                [
                    427,
                    320
                ],
                [
                    429,
                    318
                ],
                [
                    429,
                    306
                ],
                [
                    426,
                    303
                ],
                [
                    425,
                    303
                ],
                [
                    424,
                    302
                ]
            ],
            "group_id": null,
            "shape_type": "polygon",
            "flags": {}
        },
        {
            "label": "particle",
            "points": [
                [
                    405,
                    323
                ],
                [
                    403,
                    325
                ],
                [
                    403,
                    326
                ],
                [
                    402,
                    327
                ],
                [
                    402,
                    328
                ],
                [
                    401,
                    329
                ],
                [
                    401,
                    335
                ],
                [
                    400,
                    336
                ],
                [
                    400,
                    340
                ],
                [
                    401,
                    340
                ],
                [
                    404,
                    343
                ],
                [
                    404,
                    344
                ],
                [
                    411,
                    344
                ],
                [
                    412,
                    345
                ],
                [
                    416,
                    345
                ],
                [
                    417,
                    346
                ],
                [
                    420,
                    346
                ],
                [
                    421,
                    347
                ],
                [
                    424,
                    347
                ],
                [
                    425,
                    348
                ],
                [
                    427,
                    348
                ],
                [
                    428,
                    349
                ],
                [
                    433,
                    349
                ],
                [
                    434,
                    350
                ],
                [
                    437,
                    350
                ],
                [
                    438,
                    351
                ],
                [
                    441,
                    351
                ],
                [
                    442,
                    352
                ],
                [
                    445,
                    352
                ],
                [
                    446,
                    353
                ],
                [
                    447,
                    353
                ],
                [
                    448,
                    352
                ],
                [
                    451,
                    352
                ],
                [
                    451,
                    350
                ],
                [
                    452,
                    349
                ],
                [
                    453,
                    349
                ],
                [
                    453,
                    345
                ],
                [
                    454,
                    344
                ],
                [
                    454,
                    335
                ],
                [
                    453,
                    334
                ],
                [
                    453,
                    332
                ],
                [
                    452,
                    331
                ],
                [
                    451,
                    331
                ],
                [
                    450,
                    330
                ],
                [
                    449,
                    330
                ],
                [
                    448,
                    329
                ],
                [
                    445,
                    329
                ],
                [
                    444,
                    328
                ],
                [
                    441,
                    328
                ],
                [
                    440,
                    327
                ],
                [
                    432,
                    327
                ],
                [
                    431,
                    326
                ],
                [
                    428,
                    326
                ],
                [
                    427,
                    325
                ],
                [
                    423,
                    325
                ],
                [
                    422,
                    324
                ],
                [
                    415,
                    324
                ],
                [
                    414,
                    323
                ]
            ],
            "group_id": null,
            "shape_type": "polygon",
            "flags": {}
        },
        {
            "label": "particle",
            "points": [
                [
                    477,
                    257
                ],
                [
                    476,
                    258
                ],
                [
                    474,
                    258
                ],
                [
                    473,
                    259
                ],
                [
                    472,
                    259
                ],
                [
                    471,
                    260
                ],
                [
                    470,
                    260
                ],
                [
                    470,
                    261
                ],
                [
                    468,
                    263
                ],
                [
                    468,
                    264
                ],
                [
                    467,
                    265
                ],
                [
                    467,
                    271
                ],
                [
                    469,
                    273
                ],
                [
                    469,
                    274
                ],
                [
                    470,
                    275
                ],
                [
                    470,
                    276
                ],
                [
                    471,
                    277
                ],
                [
                    471,
                    278
                ],
                [
                    473,
                    280
                ],
                [
                    473,
                    281
                ],
                [
                    474,
                    282
                ],
                [
                    474,
                    284
                ],
                [
                    476,
                    286
                ],
                [
                    476,
                    287
                ],
                [
                    478,
                    289
                ],
                [
                    478,
                    291
                ],
                [
                    480,
                    293
                ],
                [
                    480,
                    294
                ],
                [
                    481,
                    295
                ],
                [
                    481,
                    296
                ],
                [
                    483,
                    298
                ],
                [
                    483,
                    301
                ],
                [
                    485,
                    301
                ],
                [
                    487,
                    303
                ],
                [
                    488,
                    303
                ],
                [
                    489,
                    302
                ],
                [
                    491,
                    302
                ],
                [
                    492,
                    301
                ],
                [
                    494,
                    301
                ],
                [
                    497,
                    298
                ],
                [
                    498,
                    298
                ],
                [
                    498,
                    297
                ],
                [
                    500,
                    295
                ],
                [
                    500,
                    291
                ],
                [
                    498,
                    289
                ],
                [
                    498,
                    288
                ],
                [
                    496,
                    286
                ],
                [
                    496,
                    284
                ],
                [
                    493,
                    281
                ],
                [
                    493,
                    280
                ],
                [
                    491,
                    278
                ],
                [
                    491,
                    275
                ],
                [
                    489,
                    273
                ],
                [
                    489,
                    272
                ],
                [
                    487,
                    270
                ],
                [
                    487,
                    267
                ],
                [
                    485,
                    265
                ],
                [
                    485,
                    264
                ],
                [
                    484,
                    263
                ],
                [
                    484,
                    262
                ],
                [
                    483,
                    261
                ],
                [
                    483,
                    260
                ],
                [
                    482,
                    259
                ],
                [
                    482,
                    258
                ],
                [
                    481,
                    257
                ]
            ],
            "group_id": null,
            "shape_type": "polygon",
            "flags": {}
        },
        {
            "label": "particle",
            "points": [
                [
                    487,
                    305
                ],
                [
                    486,
                    306
                ],
                [
                    483,
                    306
                ],
                [
                    483,
                    307
                ],
                [
                    481,
                    309
                ],
                [
                    480,
                    309
                ],
                [
                    478,
                    311
                ],
                [
                    477,
                    311
                ],
                [
                    475,
                    313
                ],
                [
                    474,
                    313
                ],
                [
                    474,
                    314
                ],
                [
                    473,
                    315
                ],
                [
                    471,
                    315
                ],
                [
                    468,
                    318
                ],
                [
                    467,
                    318
                ],
                [
                    465,
                    320
                ],
                [
                    463,
                    320
                ],
                [
                    459,
                    324
                ],
                [
                    457,
                    324
                ],
                [
                    454,
                    327
                ],
                [
                    453,
                    327
                ],
                [
                    453,
                    331
                ],
                [
                    454,
                    332
                ],
                [
                    454,
                    334
                ],
                [
                    455,
                    335
                ],
                [
                    455,
                    336
                ],
                [
                    457,
                    338
                ],
                [
                    457,
                    340
                ],
                [
                    458,
                    341
                ],
                [
                    459,
                    341
                ],
                [
                    461,
                    343
                ],
                [
                    461,
                    344
                ],
                [
                    467,
                    344
                ],
                [
                    469,
                    342
                ],
                [
                    470,
                    342
                ],
                [
                    472,
                    340
                ],
                [
                    473,
                    340
                ],
                [
                    476,
                    337
                ],
                [
                    477,
                    337
                ],
                [
                    478,
                    336
                ],
                [
                    479,
                    337
                ],
                [
                    480,
                    337
                ],
                [
                    483,
                    340
                ],
                [
                    484,
                    340
                ],
                [
                    485,
                    339
                ],
                [
                    488,
                    339
                ],
                [
                    489,
                    338
                ],
                [
                    492,
                    338
                ],
                [
                    495,
                    335
                ],
                [
                    495,
                    334
                ],
                [
                    496,
                    333
                ],
                [
                    496,
                    330
                ],
                [
                    497,
                    329
                ],
                [
                    497,
                    328
                ],
                [
                    498,
                    327
                ],
                [
                    498,
                    325
                ],
                [
                    499,
                    324
                ],
                [
                    499,
                    322
                ],
                [
                    500,
                    321
                ],
                [
                    500,
                    319
                ],
                [
                    499,
                    319
                ],
                [
                    498,
                    318
                ],
                [
                    498,
                    317
                ],
                [
                    497,
                    316
                ],
                [
                    497,
                    315
                ],
                [
                    496,
                    314
                ],
                [
                    496,
                    313
                ],
                [
                    494,
                    311
                ],
                [
                    494,
                    310
                ],
                [
                    493,
                    309
                ],
                [
                    493,
                    308
                ],
                [
                    490,
                    305
                ]
            ],
            "group_id": null,
            "shape_type": "polygon",
            "flags": {}
        },
        {
            "label": "particle",
            "points": [
                [
                    486,
                    340
                ],
                [
                    484,
                    342
                ],
                [
                    484,
                    343
                ],
                [
                    483,
                    344
                ],
                [
                    483,
                    346
                ],
                [
                    482,
                    347
                ],
                [
                    482,
                    348
                ],
                [
                    481,
                    349
                ],
                [
                    481,
                    352
                ],
                [
                    480,
                    353
                ],
                [
                    480,
                    357
                ],
                [
                    479,
                    358
                ],
                [
                    479,
                    360
                ],
                [
                    478,
                    361
                ],
                [
                    478,
                    363
                ],
                [
                    477,
                    364
                ],
                [
                    477,
                    366
                ],
                [
                    476,
                    367
                ],
                [
                    476,
                    373
                ],
                [
                    475,
                    374
                ],
                [
                    475,
                    375
                ],
                [
                    474,
                    376
                ],
                [
                    474,
                    378
                ],
                [
                    473,
                    379
                ],
                [
                    473,
                    386
                ],
                [
                    472,
                    387
                ],
                [
                    472,
                    389
                ],
                [
                    473,
                    390
                ],
                [
                    473,
                    391
                ],
                [
                    476,
                    394
                ],
                [
                    477,
                    394
                ],
                [
                    478,
                    395
                ],
                [
                    479,
                    395
                ],
                [
                    480,
                    396
                ],
                [
                    490,
                    396
                ],
                [
                    490,
                    395
                ],
                [
                    491,
                    394
                ],
                [
                    491,
                    393
                ],
                [
                    494,
                    390
                ],
                [
                    494,
                    385
                ],
                [
                    495,
                    384
                ],
                [
                    495,
                    382
                ],
                [
                    496,
                    381
                ],
                [
                    496,
                    379
                ],
                [
                    497,
                    378
                ],
                [
                    497,
                    375
                ],
                [
                    498,
                    374
                ],
                [
                    498,
                    369
                ],
                [
                    499,
                    368
                ],
                [
                    499,
                    366
                ],
                [
                    500,
                    365
                ],
                [
                    500,
                    362
                ],
                [
                    501,
                    361
                ],
                [
                    501,
                    359
                ],
                [
                    502,
                    358
                ],
                [
                    502,
                    344
                ],
                [
                    499,
                    344
                ],
                [
                    498,
                    343
                ],
                [
                    496,
                    343
                ],
                [
                    495,
                    342
                ],
                [
                    494,
                    342
                ],
                [
                    493,
                    341
                ],
                [
                    489,
                    341
                ],
                [
                    488,
                    340
                ]
            ],
            "group_id": null,
            "shape_type": "polygon",
            "flags": {}
        },
        {
            "label": "particle",
            "points": [
                [
                    522,
                    279
                ],
                [
                    521,
                    280
                ],
                [
                    520,
                    280
                ],
                [
                    520,
                    281
                ],
                [
                    519,
                    282
                ],
                [
                    517,
                    282
                ],
                [
                    516,
                    283
                ],
                [
                    516,
                    284
                ],
                [
                    514,
                    286
                ],
                [
                    513,
                    286
                ],
                [
                    510,
                    289
                ],
                [
                    509,
                    289
                ],
                [
                    507,
                    291
                ],
                [
                    506,
                    291
                ],
                [
                    501,
                    296
                ],
                [
                    500,
                    296
                ],
                [
                    499,
                    297
                ],
                [
                    499,
                    298
                ],
                [
                    498,
                    299
                ],
                [
                    497,
                    299
                ],
                [
                    495,
                    301
                ],
                [
                    495,
                    302
                ],
                [
                    494,
                    303
                ],
                [
                    492,
                    303
                ],
                [
                    491,
                    304
                ],
                [
                    492,
                    305
                ],
                [
                    492,
                    306
                ],
                [
                    495,
                    309
                ],
                [
                    495,
                    311
                ],
                [
                    497,
                    313
                ],
                [
                    497,
                    314
                ],
                [
                    498,
                    315
                ],
                [
                    498,
                    316
                ],
                [
                    499,
                    317
                ],
                [
                    499,
                    318
                ],
                [
                    500,
                    318
                ],
                [
                    501,
                    319
                ],
                [
                    502,
                    319
                ],
                [
                    503,
                    320
                ],
                [
                    504,
                    319
                ],
                [
                    505,
                    319
                ],
                [
                    506,
                    318
                ],
                [
                    507,
                    318
                ],
                [
                    508,
                    317
                ],
                [
                    509,
                    317
                ],
                [
                    510,
                    316
                ],
                [
                    511,
                    316
                ],
                [
                    514,
                    313
                ],
                [
                    515,
                    313
                ],
                [
                    517,
                    311
                ],
                [
                    518,
                    311
                ],
                [
                    521,
                    308
                ],
                [
                    522,
                    308
                ],
                [
                    523,
                    307
                ],
                [
                    524,
                    307
                ],
                [
                    525,
                    306
                ],
                [
                    525,
                    305
                ],
                [
                    526,
                    304
                ],
                [
                    527,
                    304
                ],
                [
                    528,
                    303
                ],
                [
                    529,
                    303
                ],
                [
                    532,
                    300
                ],
                [
                    533,
                    300
                ],
                [
                    533,
                    298
                ],
                [
                    534,
                    297
                ],
                [
                    534,
                    296
                ],
                [
                    535,
                    295
                ],
                [
                    534,
                    294
                ],
                [
                    534,
                    293
                ],
                [
                    533,
                    292
                ],
                [
                    533,
                    291
                ],
                [
                    532,
                    290
                ],
                [
                    532,
                    289
                ],
                [
                    529,
                    286
                ],
                [
                    529,
                    284
                ],
                [
                    527,
                    282
                ],
                [
                    526,
                    282
                ],
                [
                    525,
                    281
                ],
                [
                    525,
                    280
                ],
                [
                    524,
                    279
                ]
            ],
            "group_id": null,
            "shape_type": "polygon",
            "flags": {}
        },
        {
            "label": "particle",
            "points": [
                [
                    507,
                    319
                ],
                [
                    506,
                    320
                ],
                [
                    505,
                    320
                ],
                [
                    504,
                    321
                ],
                [
                    502,
                    321
                ],
                [
                    501,
                    322
                ],
                [
                    501,
                    324
                ],
                [
                    500,
                    325
                ],
                [
                    500,
                    326
                ],
                [
                    499,
                    327
                ],
                [
                    499,
                    329
                ],
                [
                    498,
                    330
                ],
                [
                    498,
                    333
                ],
                [
                    499,
                    334
                ],
                [
                    499,
                    335
                ],
                [
                    500,
                    336
                ],
                [
                    500,
                    337
                ],
                [
                    501,
                    338
                ],
                [
                    501,
                    341
                ],
                [
                    502,
                    342
                ],
                [
                    502,
                    343
                ],
                [
                    504,
                    345
                ],
                [
                    504,
                    347
                ],
                [
                    506,
                    349
                ],
                [
                    506,
                    352
                ],
                [
                    508,
                    354
                ],
                [
                    508,
                    355
                ],
                [
                    509,
                    356
                ],
                [
                    509,
                    357
                ],
                [
                    510,
                    358
                ],
                [
                    510,
                    360
                ],
                [
                    512,
                    362
                ],
                [
                    519,
                    362
                ],
                [
                    520,
                    361
                ],
                [
                    523,
                    361
                ],
                [
                    525,
                    359
                ],
                [
                    526,
                    359
                ],
                [
                    529,
                    356
                ],
                [
                    529,
                    353
                ],
                [
                    528,
                    352
                ],
                [
                    528,
                    351
                ],
                [
                    527,
                    350
                ],
                [
                    527,
                    347
                ],
                [
                    526,
                    346
                ],
                [
                    526,
                    344
                ],
                [
                    524,
                    342
                ],
                [
                    524,
                    341
                ],
                [
                    523,
                    340
                ],
                [
                    523,
                    338
                ],
                [
                    522,
                    337
                ],
                [
                    522,
                    336
                ],
                [
                    520,
                    334
                ],
                [
                    520,
                    333
                ],
                [
                    519,
                    332
                ],
                [
                    519,
                    330
                ],
                [
                    518,
                    329
                ],
                [
                    518,
                    328
                ],
                [
                    516,
                    326
                ],
                [
                    516,
                    325
                ],
                [
                    515,
                    324
                ],
                [
                    515,
                    322
                ],
                [
                    514,
                    321
                ],
                [
                    514,
                    320
                ],
                [
                    513,
                    319
                ]
            ],
            "group_id": null,
            "shape_type": "polygon",
            "flags": {}
        },
        {
            "label": "particle",
            "points": [
                [
                    409,
                    7
                ],
                [
                    408,
                    8
                ],
                [
                    408,
                    9
                ],
                [
                    405,
                    12
                ],
                [
                    405,
                    14
                ],
                [
                    404,
                    15
                ],
                [
                    404,
                    16
                ],
                [
                    402,
                    18
                ],
                [
                    402,
                    19
                ],
                [
                    401,
                    20
                ],
                [
                    401,
                    22
                ],
                [
                    399,
                    24
                ],
                [
                    399,
                    25
                ],
                [
                    397,
                    27
                ],
                [
                    397,
                    28
                ],
                [
                    396,
                    29
                ],
                [
                    396,
                    31
                ],
                [
                    395,
                    32
                ],
                [
                    395,
                    33
                ],
                [
                    393,
                    35
                ],
                [
                    393,
                    36
                ],
                [
                    392,
                    37
                ],
                [
                    392,
                    38
                ],
                [
                    390,
                    40
                ],
                [
                    390,
                    41
                ],
                [
                    389,
                    42
                ],
                [
                    389,
                    43
                ],
                [
                    388,
                    44
                ],
                [
                    387,
                    44
                ],
                [
                    387,
                    48
                ],
                [
                    389,
                    50
                ],
                [
                    390,
                    50
                ],
                [
                    392,
                    52
                ],
                [
                    393,
                    52
                ],
                [
                    396,
                    55
                ],
                [
                    397,
                    55
                ],
                [
                    398,
                    56
                ],
                [
                    401,
                    56
                ],
                [
                    402,
                    57
                ],
                [
                    405,
                    57
                ],
                [
                    406,
                    56
                ],
                [
                    407,
                    56
                ],
                [
                    408,
                    55
                ],
                [
                    408,
                    54
                ],
                [
                    409,
                    53
                ],
                [
                    409,
                    52
                ],
                [
                    410,
                    51
                ],
                [
                    410,
                    50
                ],
                [
                    413,
                    47
                ],
                [
                    413,
                    46
                ],
                [
                    414,
                    45
                ],
                [
                    414,
                    44
                ],
                [
                    415,
                    43
                ],
                [
                    415,
                    42
                ],
                [
                    418,
                    39
                ],
                [
                    418,
                    36
                ],
                [
                    420,
                    34
                ],
                [
                    420,
                    33
                ],
                [
                    422,
                    31
                ],
                [
                    422,
                    30
                ],
                [
                    423,
                    29
                ],
                [
                    423,
                    27
                ],
                [
                    424,
                    26
                ],
                [
                    424,
                    25
                ],
                [
                    427,
                    22
                ],
                [
                    427,
                    16
                ],
                [
                    426,
                    15
                ],
                [
                    425,
                    15
                ],
                [
                    423,
                    13
                ],
                [
                    422,
                    13
                ],
                [
                    420,
                    11
                ],
                [
                    419,
                    11
                ],
                [
                    418,
                    10
                ],
                [
                    416,
                    10
                ],
                [
                    414,
                    8
                ],
                [
                    413,
                    8
                ],
                [
                    412,
                    7
                ]
            ],
            "group_id": null,
            "shape_type": "polygon",
            "flags": {}
        }
    ],
    "imagePath": "",
    "imageData": null,
    "imageHeight": 512,
    "imageWidth": 545
}