{
    "version": "4.5.6",
    "flags": {},
    "shapes": [
        {
            "label": "particle",
            "points": [
                [
                    317,
                    57
                ],
                [
                    316,
                    58
                ],
                [
                    315,
                    58
                ],
                [
                    315,
                    60
                ],
                [
                    311,
                    64
                ],
                [
                    311,
                    65
                ],
                [
                    307,
                    69
                ],
                [
                    307,
                    75
                ],
                [
                    306,
                    76
                ],
                [
                    305,
                    76
                ],
                [
                    304,
                    77
                ],
                [
                    303,
                    77
                ],
                [
                    302,
                    78
                ],
                [
                    300,
                    78
                ],
                [
                    297,
                    81
                ],
                [
                    296,
                    81
                ],
                [
                    295,
                    82
                ],
                [
                    294,
                    82
                ],
                [
                    293,
                    83
                ],
                [
                    291,
                    83
                ],
                [
                    290,
                    84
                ],
                [
                    289,
                    84
                ],
                [
                    288,
                    85
                ],
                [
                    284,
                    85
                ],
                [
                    283,
                    86
                ],
                [
                    279,
                    86
                ],
                [
                    278,
                    87
                ],
                [
                    258,
                    87
                ],
                [
                    257,
                    86
                ],
                [
                    254,
                    86
                ],
                [
                    253,
                    85
                ],
                [
                    251,
                    85
                ],
                [
                    250,
                    86
                ],
                [
                    250,
                    87
                ],
                [
                    249,
                    88
                ],
                [
                    249,
                    89
                ],
                [
                    247,
                    91
                ],
                [
                    246,
                    91
                ],
                [
                    246,
                    93
                ],
                [
                    243,
                    96
                ],
                [
                    243,
                    99
                ],
                [
                    242,
                    100
                ],
                [
                    242,
                    108
                ],
                [
                    241,
                    109
                ],
                [
                    241,
                    114
                ],
                [
                    240,
                    115
                ],
                [
                    240,
                    124
                ],
                [
                    239,
                    125
                ],
                [
                    239,
                    133
                ],
                [
                    238,
                    134
                ],
                [
                    238,
                    144
                ],
                [
                    237,
                    145
                ],
                [
                    237,
                    146
                ],
                [
                    236,
                    147
                ],
                [
                    236,
                    149
                ],
                [
                    235,
                    150
                ],
                [
                    235,
                    152
                ],
                [
                    234,
                    153
                ],
                [
                    234,
                    157
                ],
                [
                    233,
                    158
                ],
                [
                    233,
                    159
                ],
                [
                    232,
                    160
                ],
                [
                    232,
                    162
                ],
                [
                    231,
                    163
                ],
                [
                    231,
                    164
                ],
                [
                    230,
                    165
                ],
                [
                    230,
                    167
                ],
                [
                    229,
                    168
                ],
                [
                    229,
                    169
                ],
                [
                    227,
                    171
                ],
                [
                    227,
                    172
                ],
                [
                    226,
                    173
                ],
                [
                    226,
                    175
                ],
                [
                    225,
                    176
                ],
                [
                    225,
                    178
                ],
                [
                    223,
                    180
                ],
                [
                    223,
                    181
                ],
                [
                    222,
                    182
                ],
                [
                    222,
                    184
                ],
                [
                    221,
                    185
                ],
                [
                    221,
                    186
                ],
                [
                    219,
                    188
                ],
                [
                    219,
                    189
                ],
                [
                    218,
                    190
                ],
                [
                    218,
                    192
                ],
                [
                    217,
                    193
                ],
                [
                    217,
                    194
                ],
                [
                    215,
                    196
                ],
                [
                    215,
                    198
                ],
                [
                    214,
                    199
                ],
                [
                    215,
                    199
                ],
                [
                    216,
                    200
                ],
                [
                    216,
                    201
                ],
                [
                    218,
                    203
                ],
                [
                    218,
                    204
                ],
                [
                    221,
                    207
                ],
                [
                    221,
                    208
                ],
                [
                    222,
                    209
                ],
                [
                    222,
                    210
                ],
                [
                    223,
                    211
                ],
                [
                    222,
                    212
                ],
                [
                    222,
                    217
                ],
                [
                    221,
                    218
                ],
                [
                    221,
                    220
                ],
                [
                    220,
                    221
                ],
                [
                    220,
                    223
                ],
                [
                    219,
                    224
                ],
                [
                    219,
                    225
                ],
                [
                    218,
                    226
                ],
                [
                    218,
                    231
                ],
                [
                    217,
                    232
                ],
                [
                    217,
                    234
                ],
                [
                    216,
                    235
                ],
                [
                    216,
                    236
                ],
                [
                    215,
                    237
                ],
                [
                    215,
                    239
                ],
                [
                    214,
                    240
                ],
                [
                    214,
                    244
                ],
                [
                    213,
                    245
                ],
                [
                    213,
                    247
                ],
                [
                    212,
                    248
                ],
                [
                    212,
                    250
                ],
                [
                    211,
                    251
                ],
                [
                    211,
                    253
                ],
                [
                    210,
                    254
                ],
                [
                    210,
                    256
                ],
                [
                    209,
                    257
                ],
                [
                    209,
                    263
                ],
                [
                    208,
                    264
                ],
                [
                    208,
                    267
                ],
                [
                    207,
                    268
                ],
                [
                    207,
                    271
                ],
                [
                    206,
                    272
                ],
                [
                    206,
                    274
                ],
                [
                    205,
                    275
                ],
                [
                    205,
                    281
                ],
                [
                    204,
                    282
                ],
                [
                    204,
                    284
                ],
                [
                    203,
                    285
                ],
                [
                    203,
                    291
                ],
                [
                    204,
                    292
                ],
                [
                    204,
                    296
                ],
                [
                    205,
                    297
                ],
                [
                    205,
                    304
                ],
                [
                    204,
                    305
                ],
                [
                    204,
                    310
                ],
                [
                    203,
                    311
                ],
                [
                    203,
                    316
                ],
                [
                    204,
                    317
                ],
                [
                    204,
                    320
                ],
                [
                    205,
                    321
                ],
                [
                    205,
                    327
                ],
                [
                    206,
                    328
                ],
                [
                    206,
                    330
                ],
                [
                    207,
                    331
                ],
                [
                    207,
                    333
                ],
                [
                    208,
                    334
                ],
                [
                    208,
                    335
                ],
                [
                    209,
                    336
                ],
                [
                    211,
                    336
                ],
                [
                    212,
                    337
                ],
                [
                    214,
                    337
                ],
                [
                    215,
                    338
                ],
                [
                    216,
                    338
                ],
                [
                    218,
                    340
                ],
                [
                    220,
                    340
                ],
                [
                    221,
                    341
                ],
                [
                    223,
                    341
                ],
                [
                    224,
                    342
                ],
                [
                    225,
                    342
                ],
                [
                    227,
                    344
                ],
                [
                    237,
                    344
                ],
                [
                    238,
                    345
                ],
                [
                    241,
                    345
                ],
                [
                    243,
                    347
                ],
                [
                    244,
                    347
                ],
                [
                    245,
                    348
                ],
                [
                    246,
                    348
                ],
                [
                    247,
                    349
                ],
                [
                    249,
                    349
                ],
                [
                    250,
                    350
                ],
                [
                    251,
                    350
                ],
                [
                    252,
                    351
                ],
                [
                    253,
                    351
                ],
                [
                    254,
                    352
                ],
                [
                    255,
                    352
                ],
                [
                    256,
                    353
                ],
                [
                    258,
                    353
                ],
                [
                    271,
                    366
                ],
                [
                    271,
                    368
                ],
                [
                    270,
                    369
                ],
                [
                    270,
                    390
                ],
                [
                    269,
                    391
                ],
                [
                    269,
                    400
                ],
                [
                    268,
                    401
                ],
                [
                    268,
                    412
                ],
                [
                    269,
                    413
                ],
                [
                    269,
                    414
                ],
                [
                    270,
                    415
                ],
                [
                    270,
                    429
                ],
                [
                    271,
                    429
                ],
                [
                    272,
                    430
                ],
                [
                    273,
                    430
                ],
                [
                    275,
                    432
                ],
                [
                    276,
                    432
                ],
                [
                    277,
                    433
                ],
                [
                    278,
                    433
                ],
                [
                    279,
                    434
                ],
                [
                    280,
                    434
                ],
                [
                    282,
                    436
                ],
                [
                    283,
                    436
                ],
                [
                    284,
                    437
                ],
                [
                    285,
                    437
                ],
                [
                    286,
                    438
                ],
                [
                    287,
                    438
                ],
                [
                    288,
                    439
                ],
                [
                    289,
                    439
                ],
                [
                    290,
                    440
                ],
                [
                    290,
                    441
                ],
                [
                    293,
                    441
                ],
                [
                    295,
                    443
                ],
                [
                    296,
                    443
                ],
                [
                    298,
                    445
                ],
                [
                    300,
                    445
                ],
                [
                    302,
                    447
                ],
                [
                    303,
                    447
                ],
                [
                    305,
                    449
                ],
                [
                    307,
                    449
                ],
                [
                    308,
                    450
                ],
                [
                    309,
                    450
                ],
                [
                    312,
                    453
                ],
                [
                    313,
                    453
                ],
                [
                    314,
                    454
                ],
                [
                    316,
                    454
                ],
                [
                    319,
                    457
                ],
                [
                    320,
                    457
                ],
                [
                    321,
                    458
                ],
                [
                    322,
                    458
                ],
                [
                    323,
                    459
                ],
                [
                    324,
                    459
                ],
                [
                    325,
                    460
                ],
                [
                    326,
                    460
                ],
                [
                    327,
                    461
                ],
                [
                    330,
                    461
                ],
                [
                    331,
                    462
                ],
                [
                    336,
                    462
                ],
                [
                    337,
                    463
                ],
                [
                    339,
                    463
                ],
                [
                    340,
                    464
                ],
                [
                    342,
                    464
                ],
                [
                    343,
                    465
                ],
                [
                    346,
                    465
                ],
                [
                    347,
                    466
                ],
                [
                    361,
                    466
                ],
                [
                    365,
                    462
                ],
                [
                    367,
                    462
                ],
                [
                    367,
                    461
                ],
                [
                    369,
                    459
                ],
                [
                    370,
                    459
                ],
                [
                    371,
                    458
                ],
                [
                    372,
                    458
                ],
                [
                    376,
                    454
                ],
                [
                    378,
                    454
                ],
                [
                    379,
                    453
                ],
                [
                    379,
                    452
                ],
                [
                    380,
                    451
                ],
                [
                    381,
                    451
                ],
                [
                    383,
                    449
                ],
                [
                    384,
                    449
                ],
                [
                    386,
                    447
                ],
                [
                    387,
                    447
                ],
                [
                    387,
                    442
                ],
                [
                    388,
                    441
                ],
                [
                    388,
                    436
                ],
                [
                    389,
                    435
                ],
                [
                    389,
                    431
                ],
                [
                    390,
                    430
                ],
                [
                    390,
                    428
                ],
                [
                    391,
                    427
                ],
                [
                    391,
                    423
                ],
                [
                    392,
                    422
                ],
                [
                    392,
                    421
                ],
                [
                    393,
                    420
                ],
                [
                    393,
                    418
                ],
                [
                    394,
                    417
                ],
                [
                    394,
                    416
                ],
                [
                    395,
                    415
                ],
                [
                    395,
                    414
                ],
                [
                    396,
                    413
                ],
                [
                    396,
                    409
                ],
                [
                    397,
                    408
                ],
                [
                    397,
                    406
                ],
                [
                    398,
                    405
                ],
                [
                    398,
                    404
                ],
                [
                    399,
                    403
                ],
                [
                    399,
                    402
                ],
                [
                    400,
                    401
                ],
                [
                    400,
                    397
                ],
                [
                    401,
                    396
                ],
                [
                    401,
                    394
                ],
                [
                    402,
                    393
                ],
                [
                    402,
                    392
                ],
                [
                    403,
                    391
                ],
                [
                    403,
                    390
                ],
                [
                    404,
                    389
                ],
                [
                    404,
                    385
                ],
                [
                    405,
                    384
                ],
                [
                    405,
                    383
                ],
                [
                    406,
                    382
                ],
                [
                    406,
                    381
                ],
                [
                    407,
                    380
                ],
                [
                    407,
                    378
                ],
                [
                    408,
                    377
                ],
                [
                    408,
                    374
                ],
                [
                    409,
                    373
                ],
                [
                    409,
                    361
                ],
                [
                    408,
                    360
                ],
                [
                    408,
                    358
                ],
                [
                    409,
                    357
                ],
                [
                    410,
                    357
                ],
                [
                    412,
                    355
                ],
                [
                    412,
                    354
                ],
                [
                    413,
                    353
                ],
                [
                    414,
                    353
                ],
                [
                    416,
                    351
                ],
                [
                    416,
                    349
                ],
                [
                    415,
                    348
                ],
                [
                    415,
                    340
                ],
                [
                    414,
                    339
                ],
                [
                    414,
                    337
                ],
                [
                    413,
                    336
                ],
                [
                    413,
                    333
                ],
                [
                    412,
                    332
                ],
                [
                    412,
                    328
                ],
                [
                    411,
                    327
                ],
                [
                    411,
                    324
                ],
                [
                    410,
                    323
                ],
                [
                    410,
                    321
                ],
                [
                    409,
                    320
                ],
                [
                    409,
                    318
                ],
                [
                    408,
                    317
                ],
                [
                    408,
                    312
                ],
                [
                    407,
                    311
                ],
                [
                    407,
                    309
                ],
                [
                    406,
                    308
                ],
                [
                    406,
                    306
                ],
                [
                    405,
                    305
                ],
                [
                    405,
                    304
                ],
                [
                    406,
                    303
                ],
                [
                    406,
                    301
                ],
                [
                    407,
                    300
                ],
                [
                    407,
                    297
                ],
                [
                    408,
                    296
                ],
                [
                    408,
                    284
                ],
                [
                    407,
                    283
                ],
                [
                    407,
                    275
                ],
                [
                    408,
                    274
                ],
                [
                    408,
                    272
                ],
                [
                    409,
                    271
                ],
                [
                    409,
                    270
                ],
                [
                    411,
                    268
                ],
                [
                    411,
                    267
                ],
                [
                    412,
                    266
                ],
                [
                    412,
                    265
                ],
                [
                    413,
                    264
                ],
                [
                    413,
                    263
                ],
                [
                    414,
                    262
                ],
                [
                    414,
                    261
                ],
                [
                    416,
                    259
                ],
                [
                    416,
                    257
                ],
                [
                    417,
                    256
                ],
                [
                    417,
                    255
                ],
                [
                    418,
                    254
                ],
                [
                    418,
                    253
                ],
                [
                    420,
                    251
                ],
                [
                    420,
                    249
                ],
                [
                    421,
                    248
                ],
                [
                    421,
                    247
                ],
                [
                    422,
                    246
                ],
                [
                    422,
                    245
                ],
                [
                    424,
                    243
                ],
                [
                    424,
                    240
                ],
                [
                    425,
                    239
                ],
                [
                    425,
                    238
                ],
                [
                    427,
                    236
                ],
                [
                    427,
                    235
                ],
                [
                    428,
                    234
                ],
                [
                    428,
                    232
                ],
                [
                    429,
                    231
                ],
                [
                    429,
                    230
                ],
                [
                    431,
                    228
                ],
                [
                    431,
                    226
                ],
                [
                    432,
                    225
                ],
                [
                    432,
                    223
                ],
                [
                    433,
                    222
                ],
                [
                    433,
                    221
                ],
                [
                    435,
                    219
                ],
                [
                    435,
                    218
                ],
                [
                    436,
                    217
                ],
                [
                    436,
                    213
                ],
                [
                    438,
                    211
                ],
                [
                    438,
                    209
                ],
                [
                    439,
                    208
                ],
                [
                    439,
                    207
                ],
                [
                    440,
                    206
                ],
                [
                    440,
                    195
                ],
                [
                    438,
                    195
                ],
                [
                    435,
                    192
                ],
                [
                    434,
                    192
                ],
                [
                    433,
                    191
                ],
                [
                    432,
                    191
                ],
                [
                    431,
                    190
                ],
                [
                    430,
                    190
                ],
                [
                    427,
                    187
                ],
                [
                    425,
                    187
                ],
                [
                    423,
                    185
                ],
                [
                    422,
                    185
                ],
                [
                    420,
                    183
                ],
                [
                    417,
                    183
                ],
                [
                    416,
                    182
                ],
                [
                    415,
                    182
                ],
                [
                    414,
                    181
                ],
                [
                    413,
                    181
                ],
                [
                    412,
                    180
                ],
                [
                    411,
                    180
                ],
                [
                    410,
                    179
                ],
                [
                    406,
                    179
                ],
                [
                    404,
                    177
                ],
                [
                    402,
                    177
                ],
                [
                    400,
                    175
                ],
                [
                    399,
                    175
                ],
                [
                    396,
                    172
                ],
                [
                    396,
                    171
                ],
                [
                    394,
                    171
                ],
                [
                    391,
                    168
                ],
                [
                    391,
                    167
                ],
                [
                    389,
                    167
                ],
                [
                    387,
                    165
                ],
                [
                    387,
                    164
                ],
                [
                    386,
                    163
                ],
                [
                    385,
                    163
                ],
                [
                    383,
                    161
                ],
                [
                    383,
                    160
                ],
                [
                    382,
                    159
                ],
                [
                    381,
                    159
                ],
                [
                    379,
                    157
                ],
                [
                    379,
                    156
                ],
                [
                    378,
                    155
                ],
                [
                    377,
                    155
                ],
                [
                    375,
                    153
                ],
                [
                    375,
                    152
                ],
                [
                    373,
                    150
                ],
                [
                    373,
                    149
                ],
                [
                    372,
                    148
                ],
                [
                    372,
                    147
                ],
                [
                    371,
                    146
                ],
                [
                    371,
                    144
                ],
                [
                    369,
                    142
                ],
                [
                    369,
                    141
                ],
                [
                    368,
                    140
                ],
                [
                    368,
                    139
                ],
                [
                    367,
                    138
                ],
                [
                    367,
                    136
                ],
                [
                    366,
                    135
                ],
                [
                    366,
                    134
                ],
                [
                    365,
                    133
                ],
                [
                    365,
                    131
                ],
                [
                    364,
                    130
                ],
                [
                    364,
                    128
                ],
                [
                    363,
                    127
                ],
                [
                    363,
                    123
                ],
                [
                    362,
                    122
                ],
                [
                    362,
                    120
                ],
                [
                    361,
                    119
                ],
                [
                    361,
                    118
                ],
                [
                    360,
                    117
                ],
                [
                    360,
                    115
                ],
                [
                    359,
                    114
                ],
                [
                    359,
                    110
                ],
                [
                    358,
                    109
                ],
                [
                    358,
                    107
                ],
                [
                    357,
                    106
                ],
                [
                    357,
                    105
                ],
                [
                    356,
                    104
                ],
                [
                    356,
                    103
                ],
                [
                    355,
                    102
                ],
                [
                    355,
                    99
                ],
                [
                    353,
                    97
                ],
                [
                    353,
                    96
                ],
                [
                    351,
                    94
                ],
                [
                    351,
                    91
                ],
                [
                    349,
                    89
                ],
                [
                    349,
                    88
                ],
                [
                    347,
                    86
                ],
                [
                    347,
                    84
                ],
                [
                    346,
                    83
                ],
                [
                    345,
                    83
                ],
                [
                    343,
                    81
                ],
                [
                    343,
                    80
                ],
                [
                    341,
                    78
                ],
                [
                    340,
                    78
                ],
                [
                    330,
                    68
                ],
                [
                    330,
                    65
                ],
                [
                    329,
                    64
                ],
                [
                    329,
                    62
                ],
                [
                    328,
                    61
                ],
                [
                    328,
                    58
                ],
                [
                    327,
                    57
                ]
            ],
            "group_id": null,
            "shape_type": "polygon",
            "flags": {}
        }
    ],
    "imagePath": "",
    "imageData": null,
    "imageHeight": 512,
    "imageWidth": 661
}