{
    "version": "4.5.6",
    "flags": {},
    "shapes": [
        {
            "label": "particle",
            "points": [
                [
                    286,
                    22
                ],
                [
                    285,
                    23
                ],
                [
                    277,
                    23
                ],
                [
                    276,
                    24
                ],
                [
                    274,
                    24
                ],
                [
                    273,
                    25
                ],
                [
                    270,
                    25
                ],
                [
                    269,
                    26
                ],
                [
                    268,
                    26
                ],
                [
                    267,
                    27
                ],
                [
                    265,
                    27
                ],
                [
                    264,
                    28
                ],
                [
                    263,
                    28
                ],
                [
                    261,
                    30
                ],
                [
                    260,
                    30
                ],
                [
                    258,
                    32
                ],
                [
                    257,
                    32
                ],
                [
                    257,
                    33
                ],
                [
                    256,
                    34
                ],
                [
                    256,
                    35
                ],
                [
                    253,
                    38
                ],
                [
                    253,
                    39
                ],
                [
                    250,
                    42
                ],
                [
                    249,
                    42
                ],
                [
                    249,
                    47
                ],
                [
                    248,
                    48
                ],
                [
                    248,
                    49
                ],
                [
                    246,
                    51
                ],
                [
                    246,
                    52
                ],
                [
                    245,
                    53
                ],
                [
                    245,
                    62
                ],
                [
                    246,
                    63
                ],
                [
                    246,
                    65
                ],
                [
                    247,
                    66
                ],
                [
                    247,
                    69
                ],
                [
                    248,
                    70
                ],
                [
                    248,
                    72
                ],
                [
                    249,
                    73
                ],
                [
                    249,
                    77
                ],
                [
                    250,
                    78
                ],
                [
                    250,
                    79
                ],
                [
                    251,
                    80
                ],
                [
                    251,
                    81
                ],
                [
                    253,
                    83
                ],
                [
                    253,
                    84
                ],
                [
                    254,
                    84
                ],
                [
                    257,
                    87
                ],
                [
                    258,
                    87
                ],
                [
                    259,
                    88
                ],
                [
                    260,
                    88
                ],
                [
                    264,
                    92
                ],
                [
                    267,
                    92
                ],
                [
                    268,
                    93
                ],
                [
                    288,
                    93
                ],
                [
                    289,
                    92
                ],
                [
                    293,
                    92
                ],
                [
                    295,
                    90
                ],
                [
                    296,
                    90
                ],
                [
                    297,
                    89
                ],
                [
                    299,
                    89
                ],
                [
                    305,
                    83
                ],
                [
                    305,
                    82
                ],
                [
                    308,
                    79
                ],
                [
                    308,
                    78
                ],
                [
                    310,
                    76
                ],
                [
                    310,
                    75
                ],
                [
                    311,
                    74
                ],
                [
                    311,
                    72
                ],
                [
                    312,
                    71
                ],
                [
                    312,
                    70
                ],
                [
                    314,
                    68
                ],
                [
                    314,
                    67
                ],
                [
                    315,
                    66
                ],
                [
                    315,
                    49
                ],
                [
                    314,
                    48
                ],
                [
                    314,
                    45
                ],
                [
                    313,
                    44
                ],
                [
                    313,
                    43
                ],
                [
                    311,
                    41
                ],
                [
                    311,
                    38
                ],
                [
                    310,
                    37
                ],
                [
                    310,
                    36
                ],
                [
                    309,
                    35
                ],
                [
                    309,
                    34
                ],
                [
                    308,
                    34
                ],
                [
                    304,
                    30
                ],
                [
                    303,
                    30
                ],
                [
                    298,
                    25
                ],
                [
                    294,
                    25
                ],
                [
                    293,
                    24
                ],
                [
                    291,
                    24
                ],
                [
                    289,
                    22
                ]
            ],
            "group_id": null,
            "shape_type": "polygon",
            "flags": {}
        },
        {
            "label": "particle",
            "points": [
                [
                    520,
                    395
                ],
                [
                    519,
                    396
                ],
                [
                    517,
                    396
                ],
                [
                    516,
                    397
                ],
                [
                    514,
                    397
                ],
                [
                    513,
                    398
                ],
                [
                    509,
                    398
                ],
                [
                    508,
                    399
                ],
                [
                    507,
                    399
                ],
                [
                    506,
                    400
                ],
                [
                    505,
                    400
                ],
                [
                    502,
                    403
                ],
                [
                    501,
                    403
                ],
                [
                    500,
                    404
                ],
                [
                    500,
                    405
                ],
                [
                    498,
                    407
                ],
                [
                    497,
                    407
                ],
                [
                    496,
                    408
                ],
                [
                    496,
                    410
                ],
                [
                    494,
                    412
                ],
                [
                    494,
                    413
                ],
                [
                    492,
                    415
                ],
                [
                    492,
                    417
                ],
                [
                    491,
                    418
                ],
                [
                    491,
                    419
                ],
                [
                    490,
                    420
                ],
                [
                    490,
                    421
                ],
                [
                    489,
                    422
                ],
                [
                    489,
                    427
                ],
                [
                    488,
                    428
                ],
                [
                    488,
                    431
                ],
                [
                    489,
                    432
                ],
                [
                    489,
                    434
                ],
                [
                    490,
                    435
                ],
                [
                    490,
                    437
                ],
                [
                    491,
                    438
                ],
                [
                    491,
                    441
                ],
                [
                    492,
                    442
                ],
                [
                    492,
                    445
                ],
                [
                    493,
                    446
                ],
                [
                    493,
                    447
                ],
                [
                    494,
                    448
                ],
                [
                    494,
                    449
                ],
                [
                    495,
                    449
                ],
                [
                    500,
                    454
                ],
                [
                    501,
                    454
                ],
                [
                    504,
                    457
                ],
                [
                    506,
                    457
                ],
                [
                    510,
                    461
                ],
                [
                    511,
                    461
                ],
                [
                    512,
                    462
                ],
                [
                    515,
                    462
                ],
                [
                    516,
                    463
                ],
                [
                    529,
                    463
                ],
                [
                    530,
                    462
                ],
                [
                    536,
                    462
                ],
                [
                    541,
                    457
                ],
                [
                    542,
                    457
                ],
                [
                    544,
                    455
                ],
                [
                    545,
                    455
                ],
                [
                    545,
                    454
                ],
                [
                    546,
                    453
                ],
                [
                    548,
                    453
                ],
                [
                    549,
                    452
                ],
                [
                    549,
                    451
                ],
                [
                    552,
                    448
                ],
                [
                    552,
                    447
                ],
                [
                    554,
                    445
                ],
                [
                    554,
                    442
                ],
                [
                    556,
                    440
                ],
                [
                    556,
                    439
                ],
                [
                    557,
                    438
                ],
                [
                    557,
                    437
                ],
                [
                    558,
                    436
                ],
                [
                    558,
                    428
                ],
                [
                    557,
                    427
                ],
                [
                    557,
                    424
                ],
                [
                    556,
                    423
                ],
                [
                    556,
                    420
                ],
                [
                    555,
                    419
                ],
                [
                    555,
                    417
                ],
                [
                    554,
                    416
                ],
                [
                    554,
                    411
                ],
                [
                    553,
                    410
                ],
                [
                    552,
                    410
                ],
                [
                    545,
                    403
                ],
                [
                    543,
                    403
                ],
                [
                    539,
                    399
                ],
                [
                    538,
                    399
                ],
                [
                    537,
                    398
                ],
                [
                    536,
                    398
                ],
                [
                    535,
                    397
                ],
                [
                    534,
                    397
                ],
                [
                    533,
                    396
                ],
                [
                    530,
                    396
                ],
                [
                    529,
                    395
                ]
            ],
            "group_id": null,
            "shape_type": "polygon",
            "flags": {}
        },
        {
            "label": "particle",
            "points": [
                [
                    535,
                    143
                ],
                [
                    534,
                    144
                ],
                [
                    527,
                    144
                ],
                [
                    523,
                    148
                ],
                [
                    521,
                    148
                ],
                [
                    519,
                    150
                ],
                [
                    518,
                    150
                ],
                [
                    516,
                    152
                ],
                [
                    515,
                    152
                ],
                [
                    514,
                    153
                ],
                [
                    514,
                    154
                ],
                [
                    512,
                    156
                ],
                [
                    511,
                    156
                ],
                [
                    510,
                    157
                ],
                [
                    510,
                    159
                ],
                [
                    508,
                    161
                ],
                [
                    508,
                    162
                ],
                [
                    507,
                    163
                ],
                [
                    507,
                    164
                ],
                [
                    506,
                    165
                ],
                [
                    506,
                    168
                ],
                [
                    505,
                    169
                ],
                [
                    505,
                    170
                ],
                [
                    502,
                    173
                ],
                [
                    502,
                    181
                ],
                [
                    503,
                    182
                ],
                [
                    503,
                    183
                ],
                [
                    504,
                    184
                ],
                [
                    504,
                    185
                ],
                [
                    505,
                    186
                ],
                [
                    505,
                    188
                ],
                [
                    506,
                    189
                ],
                [
                    506,
                    192
                ],
                [
                    508,
                    194
                ],
                [
                    509,
                    194
                ],
                [
                    510,
                    195
                ],
                [
                    510,
                    196
                ],
                [
                    514,
                    200
                ],
                [
                    514,
                    202
                ],
                [
                    516,
                    204
                ],
                [
                    517,
                    204
                ],
                [
                    519,
                    206
                ],
                [
                    521,
                    206
                ],
                [
                    522,
                    207
                ],
                [
                    523,
                    207
                ],
                [
                    524,
                    208
                ],
                [
                    525,
                    208
                ],
                [
                    527,
                    210
                ],
                [
                    530,
                    210
                ],
                [
                    531,
                    211
                ],
                [
                    532,
                    211
                ],
                [
                    533,
                    212
                ],
                [
                    534,
                    212
                ],
                [
                    535,
                    211
                ],
                [
                    538,
                    211
                ],
                [
                    539,
                    210
                ],
                [
                    543,
                    210
                ],
                [
                    544,
                    209
                ],
                [
                    547,
                    209
                ],
                [
                    548,
                    208
                ],
                [
                    551,
                    208
                ],
                [
                    551,
                    207
                ],
                [
                    552,
                    206
                ],
                [
                    555,
                    206
                ],
                [
                    555,
                    205
                ],
                [
                    556,
                    204
                ],
                [
                    557,
                    204
                ],
                [
                    561,
                    200
                ],
                [
                    562,
                    200
                ],
                [
                    565,
                    197
                ],
                [
                    565,
                    196
                ],
                [
                    567,
                    194
                ],
                [
                    567,
                    193
                ],
                [
                    568,
                    192
                ],
                [
                    568,
                    190
                ],
                [
                    570,
                    188
                ],
                [
                    570,
                    187
                ],
                [
                    572,
                    185
                ],
                [
                    572,
                    184
                ],
                [
                    573,
                    183
                ],
                [
                    573,
                    181
                ],
                [
                    574,
                    180
                ],
                [
                    574,
                    171
                ],
                [
                    573,
                    170
                ],
                [
                    573,
                    166
                ],
                [
                    572,
                    165
                ],
                [
                    572,
                    162
                ],
                [
                    568,
                    158
                ],
                [
                    568,
                    157
                ],
                [
                    563,
                    152
                ],
                [
                    562,
                    152
                ],
                [
                    561,
                    151
                ],
                [
                    560,
                    151
                ],
                [
                    559,
                    150
                ],
                [
                    559,
                    149
                ],
                [
                    558,
                    148
                ],
                [
                    555,
                    148
                ],
                [
                    554,
                    147
                ],
                [
                    551,
                    147
                ],
                [
                    550,
                    146
                ],
                [
                    549,
                    146
                ],
                [
                    548,
                    145
                ],
                [
                    547,
                    145
                ],
                [
                    546,
                    144
                ],
                [
                    540,
                    144
                ],
                [
                    539,
                    143
                ]
            ],
            "group_id": null,
            "shape_type": "polygon",
            "flags": {}
        }
    ],
    "imagePath": "",
    "imageData": null,
    "imageHeight": 512,
    "imageWidth": 777
}