{
    "version": "4.5.6",
    "flags": {},
    "shapes": [
        {
            "label": "particle",
            "points": [
                [
                    220,
                    19
                ],
                [
                    219,
                    20
                ],
                [
                    218,
                    20
                ],
                [
                    217,
                    21
                ],
                [
                    214,
                    21
                ],
                [
                    213,
                    22
                ],
                [
                    212,
                    22
                ],
                [
                    211,
                    23
                ],
                [
                    210,
                    23
                ],
                [
                    209,
                    24
                ],
                [
                    208,
                    24
                ],
                [
                    207,
                    25
                ],
                [
                    200,
                    25
                ],
                [
                    199,
                    26
                ],
                [
                    187,
                    26
                ],
                [
                    186,
                    27
                ],
                [
                    184,
                    27
                ],
                [
                    183,
                    28
                ],
                [
                    181,
                    28
                ],
                [
                    180,
                    29
                ],
                [
                    172,
                    29
                ],
                [
                    171,
                    30
                ],
                [
                    168,
                    30
                ],
                [
                    167,
                    31
                ],
                [
                    164,
                    31
                ],
                [
                    162,
                    33
                ],
                [
                    160,
                    33
                ],
                [
                    158,
                    35
                ],
                [
                    157,
                    35
                ],
                [
                    153,
                    39
                ],
                [
                    152,
                    39
                ],
                [
                    152,
                    40
                ],
                [
                    151,
                    41
                ],
                [
                    149,
                    41
                ],
                [
                    146,
                    44
                ],
                [
                    145,
                    44
                ],
                [
                    144,
                    45
                ],
                [
                    143,
                    45
                ],
                [
                    142,
                    46
                ],
                [
                    141,
                    46
                ],
                [
                    138,
                    49
                ],
                [
                    136,
                    49
                ],
                [
                    134,
                    51
                ],
                [
                    133,
                    51
                ],
                [
                    131,
                    53
                ],
                [
                    130,
                    53
                ],
                [
                    129,
                    54
                ],
                [
                    128,
                    54
                ],
                [
                    128,
                    55
                ],
                [
                    127,
                    56
                ],
                [
                    126,
                    56
                ],
                [
                    125,
                    57
                ],
                [
                    124,
                    57
                ],
                [
                    118,
                    63
                ],
                [
                    117,
                    63
                ],
                [
                    116,
                    64
                ],
                [
                    116,
                    65
                ],
                [
                    115,
                    66
                ],
                [
                    114,
                    66
                ],
                [
                    113,
                    67
                ],
                [
                    112,
                    67
                ],
                [
                    112,
                    68
                ],
                [
                    110,
                    70
                ],
                [
                    108,
                    70
                ],
                [
                    108,
                    71
                ],
                [
                    106,
                    73
                ],
                [
                    105,
                    73
                ],
                [
                    102,
                    76
                ],
                [
                    101,
                    76
                ],
                [
                    97,
                    80
                ],
                [
                    96,
                    80
                ],
                [
                    96,
                    81
                ],
                [
                    95,
                    82
                ],
                [
                    94,
                    82
                ],
                [
                    92,
                    84
                ],
                [
                    92,
                    86
                ],
                [
                    91,
                    87
                ],
                [
                    91,
                    88
                ],
                [
                    90,
                    89
                ],
                [
                    90,
                    90
                ],
                [
                    88,
                    92
                ],
                [
                    88,
                    94
                ],
                [
                    87,
                    95
                ],
                [
                    87,
                    96
                ],
                [
                    81,
                    102
                ],
                [
                    80,
                    102
                ],
                [
                    76,
                    106
                ],
                [
                    75,
                    106
                ],
                [
                    75,
                    107
                ],
                [
                    72,
                    110
                ],
                [
                    71,
                    110
                ],
                [
                    71,
                    112
                ],
                [
                    69,
                    114
                ],
                [
                    68,
                    114
                ],
                [
                    67,
                    115
                ],
                [
                    67,
                    117
                ],
                [
                    66,
                    118
                ],
                [
                    65,
                    118
                ],
                [
                    64,
                    119
                ],
                [
                    64,
                    120
                ],
                [
                    63,
                    121
                ],
                [
                    63,
                    122
                ],
                [
                    62,
                    123
                ],
                [
                    62,
                    124
                ],
                [
                    59,
                    127
                ],
                [
                    59,
                    129
                ],
                [
                    56,
                    132
                ],
                [
                    56,
                    133
                ],
                [
                    54,
                    135
                ],
                [
                    54,
                    136
                ],
                [
                    53,
                    137
                ],
                [
                    53,
                    143
                ],
                [
                    51,
                    145
                ],
                [
                    51,
                    146
                ],
                [
                    39,
                    158
                ],
                [
                    39,
                    161
                ],
                [
                    38,
                    162
                ],
                [
                    38,
                    165
                ],
                [
                    37,
                    166
                ],
                [
                    41,
                    170
                ],
                [
                    43,
                    170
                ],
                [
                    44,
                    171
                ],
                [
                    44,
                    174
                ],
                [
                    42,
                    176
                ],
                [
                    41,
                    176
                ],
                [
                    40,
                    177
                ],
                [
                    39,
                    177
                ],
                [
                    39,
                    180
                ],
                [
                    37,
                    182
                ],
                [
                    37,
                    189
                ],
                [
                    39,
                    191
                ],
                [
                    39,
                    199
                ],
                [
                    38,
                    200
                ],
                [
                    38,
                    201
                ],
                [
                    35,
                    204
                ],
                [
                    33,
                    204
                ],
                [
                    33,
                    205
                ],
                [
                    31,
                    207
                ],
                [
                    31,
                    219
                ],
                [
                    32,
                    220
                ],
                [
                    32,
                    221
                ],
                [
                    33,
                    222
                ],
                [
                    34,
                    222
                ],
                [
                    35,
                    223
                ],
                [
                    35,
                    228
                ],
                [
                    34,
                    229
                ],
                [
                    34,
                    230
                ],
                [
                    35,
                    231
                ],
                [
                    35,
                    251
                ],
                [
                    36,
                    252
                ],
                [
                    36,
                    253
                ],
                [
                    37,
                    254
                ],
                [
                    37,
                    255
                ],
                [
                    38,
                    256
                ],
                [
                    38,
                    258
                ],
                [
                    39,
                    259
                ],
                [
                    39,
                    261
                ],
                [
                    40,
                    262
                ],
                [
                    40,
                    263
                ],
                [
                    42,
                    265
                ],
                [
                    42,
                    267
                ],
                [
                    43,
                    268
                ],
                [
                    43,
                    283
                ],
                [
                    44,
                    284
                ],
                [
                    44,
                    286
                ],
                [
                    45,
                    287
                ],
                [
                    45,
                    291
                ],
                [
                    47,
                    293
                ],
                [
                    47,
                    294
                ],
                [
                    48,
                    295
                ],
                [
                    49,
                    295
                ],
                [
                    51,
                    297
                ],
                [
                    51,
                    303
                ],
                [
                    52,
                    304
                ],
                [
                    52,
                    307
                ],
                [
                    53,
                    308
                ],
                [
                    53,
                    310
                ],
                [
                    55,
                    312
                ],
                [
                    55,
                    314
                ],
                [
                    56,
                    315
                ],
                [
                    57,
                    315
                ],
                [
                    58,
                    316
                ],
                [
                    58,
                    317
                ],
                [
                    59,
                    318
                ],
                [
                    59,
                    319
                ],
                [
                    61,
                    319
                ],
                [
                    63,
                    321
                ],
                [
                    63,
                    322
                ],
                [
                    64,
                    323
                ],
                [
                    65,
                    323
                ],
                [
                    66,
                    324
                ],
                [
                    66,
                    325
                ],
                [
                    67,
                    326
                ],
                [
                    67,
                    327
                ],
                [
                    69,
                    329
                ],
                [
                    69,
                    334
                ],
                [
                    68,
                    335
                ],
                [
                    68,
                    338
                ],
                [
                    67,
                    339
                ],
                [
                    67,
                    345
                ],
                [
                    66,
                    346
                ],
                [
                    66,
                    348
                ],
                [
                    65,
                    349
                ],
                [
                    65,
                    350
                ],
                [
                    64,
                    351
                ],
                [
                    64,
                    354
                ],
                [
                    63,
                    355
                ],
                [
                    63,
                    356
                ],
                [
                    64,
                    357
                ],
                [
                    64,
                    362
                ],
                [
                    65,
                    363
                ],
                [
                    65,
                    367
                ],
                [
                    67,
                    369
                ],
                [
                    67,
                    370
                ],
                [
                    68,
                    371
                ],
                [
                    71,
                    371
                ],
                [
                    72,
                    372
                ],
                [
                    74,
                    372
                ],
                [
                    76,
                    374
                ],
                [
                    77,
                    374
                ],
                [
                    78,
                    375
                ],
                [
                    79,
                    375
                ],
                [
                    80,
                    376
                ],
                [
                    81,
                    376
                ],
                [
                    82,
                    377
                ],
                [
                    83,
                    377
                ],
                [
                    84,
                    378
                ],
                [
                    84,
                    379
                ],
                [
                    87,
                    379
                ],
                [
                    88,
                    380
                ],
                [
                    92,
                    380
                ],
                [
                    93,
                    379
                ],
                [
                    96,
                    379
                ],
                [
                    96,
                    378
                ],
                [
                    100,
                    374
                ],
                [
                    100,
                    373
                ],
                [
                    101,
                    372
                ],
                [
                    104,
                    375
                ],
                [
                    105,
                    375
                ],
                [
                    109,
                    379
                ],
                [
                    110,
                    379
                ],
                [
                    114,
                    383
                ],
                [
                    115,
                    383
                ],
                [
                    116,
                    384
                ],
                [
                    116,
                    386
                ],
                [
                    117,
                    387
                ],
                [
                    118,
                    387
                ],
                [
                    120,
                    389
                ],
                [
                    120,
                    390
                ],
                [
                    121,
                    391
                ],
                [
                    122,
                    391
                ],
                [
                    123,
                    392
                ],
                [
                    125,
                    392
                ],
                [
                    126,
                    393
                ],
                [
                    129,
                    393
                ],
                [
                    131,
                    395
                ],
                [
                    132,
                    395
                ],
                [
                    135,
                    398
                ],
                [
                    135,
                    399
                ],
                [
                    136,
                    400
                ],
                [
                    136,
                    403
                ],
                [
                    139,
                    403
                ],
                [
                    140,
                    404
                ],
                [
                    144,
                    404
                ],
                [
                    145,
                    405
                ],
                [
                    155,
                    405
                ],
                [
                    157,
                    407
                ],
                [
                    158,
                    407
                ],
                [
                    160,
                    409
                ],
                [
                    161,
                    409
                ],
                [
                    162,
                    410
                ],
                [
                    163,
                    410
                ],
                [
                    164,
                    411
                ],
                [
                    167,
                    411
                ],
                [
                    168,
                    412
                ],
                [
                    168,
                    413
                ],
                [
                    170,
                    415
                ],
                [
                    171,
                    415
                ],
                [
                    173,
                    417
                ],
                [
                    174,
                    417
                ],
                [
                    176,
                    419
                ],
                [
                    177,
                    419
                ],
                [
                    178,
                    420
                ],
                [
                    181,
                    420
                ],
                [
                    182,
                    421
                ],
                [
                    186,
                    421
                ],
                [
                    187,
                    422
                ],
                [
                    188,
                    422
                ],
                [
                    189,
                    421
                ],
                [
                    191,
                    421
                ],
                [
                    192,
                    420
                ],
                [
                    194,
                    420
                ],
                [
                    196,
                    422
                ],
                [
                    196,
                    423
                ],
                [
                    198,
                    423
                ],
                [
                    200,
                    425
                ],
                [
                    200,
                    426
                ],
                [
                    201,
                    426
                ],
                [
                    202,
                    427
                ],
                [
                    205,
                    427
                ],
                [
                    206,
                    428
                ],
                [
                    207,
                    428
                ],
                [
                    208,
                    429
                ],
                [
                    210,
                    429
                ],
                [
                    212,
                    431
                ],
                [
                    214,
                    431
                ],
                [
                    218,
                    435
                ],
                [
                    219,
                    435
                ],
                [
                    221,
                    437
                ],
                [
                    222,
                    437
                ],
                [
                    223,
                    438
                ],
                [
                    228,
                    438
                ],
                [
                    229,
                    437
                ],
                [
                    231,
                    437
                ],
                [
                    232,
                    436
                ],
                [
                    233,
                    436
                ],
                [
                    234,
                    435
                ],
                [
                    246,
                    435
                ],
                [
                    247,
                    434
                ],
                [
                    249,
                    434
                ],
                [
                    250,
                    433
                ],
                [
                    251,
                    433
                ],
                [
                    252,
                    434
                ],
                [
                    263,
                    434
                ],
                [
                    265,
                    432
                ],
                [
                    266,
                    432
                ],
                [
                    267,
                    431
                ],
                [
                    269,
                    431
                ],
                [
                    270,
                    430
                ],
                [
                    271,
                    430
                ],
                [
                    272,
                    429
                ],
                [
                    274,
                    429
                ],
                [
                    275,
                    428
                ],
                [
                    279,
                    428
                ],
                [
                    280,
                    427
                ],
                [
                    293,
                    427
                ],
                [
                    294,
                    426
                ],
                [
                    296,
                    426
                ],
                [
                    297,
                    425
                ],
                [
                    298,
                    425
                ],
                [
                    299,
                    426
                ],
                [
                    299,
                    433
                ],
                [
                    302,
                    436
                ],
                [
                    313,
                    436
                ],
                [
                    314,
                    435
                ],
                [
                    317,
                    435
                ],
                [
                    318,
                    434
                ],
                [
                    319,
                    434
                ],
                [
                    320,
                    433
                ],
                [
                    321,
                    433
                ],
                [
                    322,
                    432
                ],
                [
                    323,
                    432
                ],
                [
                    325,
                    430
                ],
                [
                    325,
                    422
                ],
                [
                    324,
                    421
                ],
                [
                    324,
                    420
                ],
                [
                    325,
                    419
                ],
                [
                    327,
                    419
                ],
                [
                    328,
                    418
                ],
                [
                    329,
                    418
                ],
                [
                    329,
                    417
                ],
                [
                    330,
                    416
                ],
                [
                    332,
                    416
                ],
                [
                    333,
                    415
                ],
                [
                    337,
                    415
                ],
                [
                    338,
                    414
                ],
                [
                    339,
                    414
                ],
                [
                    340,
                    413
                ],
                [
                    344,
                    413
                ],
                [
                    346,
                    415
                ],
                [
                    353,
                    415
                ],
                [
                    353,
                    414
                ],
                [
                    359,
                    408
                ],
                [
                    360,
                    408
                ],
                [
                    361,
                    407
                ],
                [
                    362,
                    407
                ],
                [
                    363,
                    406
                ],
                [
                    364,
                    406
                ],
                [
                    366,
                    404
                ],
                [
                    366,
                    400
                ],
                [
                    367,
                    399
                ],
                [
                    367,
                    396
                ],
                [
                    368,
                    395
                ],
                [
                    369,
                    395
                ],
                [
                    371,
                    393
                ],
                [
                    372,
                    393
                ],
                [
                    374,
                    391
                ],
                [
                    375,
                    391
                ],
                [
                    377,
                    389
                ],
                [
                    377,
                    388
                ],
                [
                    378,
                    387
                ],
                [
                    380,
                    387
                ],
                [
                    383,
                    384
                ],
                [
                    384,
                    384
                ],
                [
                    385,
                    383
                ],
                [
                    388,
                    383
                ],
                [
                    390,
                    381
                ],
                [
                    391,
                    381
                ],
                [
                    393,
                    379
                ],
                [
                    393,
                    374
                ],
                [
                    394,
                    373
                ],
                [
                    394,
                    372
                ],
                [
                    395,
                    371
                ],
                [
                    397,
                    371
                ],
                [
                    398,
                    370
                ],
                [
                    400,
                    370
                ],
                [
                    401,
                    369
                ],
                [
                    402,
                    369
                ],
                [
                    403,
                    368
                ],
                [
                    403,
                    366
                ],
                [
                    404,
                    365
                ],
                [
                    404,
                    363
                ],
                [
                    405,
                    362
                ],
                [
                    405,
                    361
                ],
                [
                    409,
                    357
                ],
                [
                    409,
                    356
                ],
                [
                    411,
                    354
                ],
                [
                    412,
                    354
                ],
                [
                    415,
                    351
                ],
                [
                    417,
                    351
                ],
                [
                    419,
                    349
                ],
                [
                    420,
                    349
                ],
                [
                    422,
                    347
                ],
                [
                    423,
                    347
                ],
                [
                    423,
                    340
                ],
                [
                    424,
                    339
                ],
                [
                    425,
                    339
                ],
                [
                    427,
                    337
                ],
                [
                    428,
                    337
                ],
                [
                    430,
                    335
                ],
                [
                    430,
                    334
                ],
                [
                    431,
                    333
                ],
                [
                    431,
                    331
                ],
                [
                    432,
                    330
                ],
                [
                    431,
                    329
                ],
                [
                    431,
                    327
                ],
                [
                    432,
                    326
                ],
                [
                    432,
                    324
                ],
                [
                    433,
                    323
                ],
                [
                    433,
                    320
                ],
                [
                    434,
                    319
                ],
                [
                    434,
                    318
                ],
                [
                    435,
                    317
                ],
                [
                    434,
                    316
                ],
                [
                    434,
                    315
                ],
                [
                    433,
                    314
                ],
                [
                    433,
                    312
                ],
                [
                    434,
                    311
                ],
                [
                    435,
                    311
                ],
                [
                    436,
                    310
                ],
                [
                    437,
                    310
                ],
                [
                    437,
                    309
                ],
                [
                    439,
                    307
                ],
                [
                    439,
                    304
                ],
                [
                    440,
                    303
                ],
                [
                    440,
                    300
                ],
                [
                    441,
                    299
                ],
                [
                    441,
                    296
                ],
                [
                    442,
                    295
                ],
                [
                    443,
                    295
                ],
                [
                    443,
                    294
                ],
                [
                    445,
                    292
                ],
                [
                    445,
                    290
                ],
                [
                    446,
                    289
                ],
                [
                    446,
                    288
                ],
                [
                    447,
                    287
                ],
                [
                    447,
                    286
                ],
                [
                    448,
                    285
                ],
                [
                    448,
                    284
                ],
                [
                    449,
                    283
                ],
                [
                    449,
                    280
                ],
                [
                    450,
                    279
                ],
                [
                    450,
                    278
                ],
                [
                    453,
                    275
                ],
                [
                    453,
                    266
                ],
                [
                    454,
                    265
                ],
                [
                    454,
                    261
                ],
                [
                    455,
                    260
                ],
                [
                    455,
                    255
                ],
                [
                    456,
                    254
                ],
                [
                    456,
                    251
                ],
                [
                    457,
                    250
                ],
                [
                    457,
                    246
                ],
                [
                    458,
                    245
                ],
                [
                    458,
                    243
                ],
                [
                    460,
                    241
                ],
                [
                    460,
                    221
                ],
                [
                    461,
                    220
                ],
                [
                    461,
                    214
                ],
                [
                    459,
                    212
                ],
                [
                    459,
                    211
                ],
                [
                    457,
                    209
                ],
                [
                    457,
                    204
                ],
                [
                    458,
                    203
                ],
                [
                    458,
                    202
                ],
                [
                    459,
                    201
                ],
                [
                    459,
                    200
                ],
                [
                    458,
                    199
                ],
                [
                    458,
                    196
                ],
                [
                    457,
                    195
                ],
                [
                    457,
                    188
                ],
                [
                    456,
                    187
                ],
                [
                    456,
                    185
                ],
                [
                    448,
                    177
                ],
                [
                    449,
                    176
                ],
                [
                    449,
                    166
                ],
                [
                    448,
                    165
                ],
                [
                    448,
                    164
                ],
                [
                    447,
                    163
                ],
                [
                    447,
                    162
                ],
                [
                    445,
                    160
                ],
                [
                    445,
                    157
                ],
                [
                    444,
                    156
                ],
                [
                    444,
                    155
                ],
                [
                    443,
                    154
                ],
                [
                    443,
                    153
                ],
                [
                    442,
                    152
                ],
                [
                    442,
                    151
                ],
                [
                    441,
                    150
                ],
                [
                    441,
                    144
                ],
                [
                    440,
                    143
                ],
                [
                    440,
                    140
                ],
                [
                    431,
                    131
                ],
                [
                    431,
                    130
                ],
                [
                    430,
                    129
                ],
                [
                    430,
                    128
                ],
                [
                    429,
                    127
                ],
                [
                    429,
                    124
                ],
                [
                    428,
                    123
                ],
                [
                    428,
                    122
                ],
                [
                    425,
                    119
                ],
                [
                    425,
                    118
                ],
                [
                    424,
                    118
                ],
                [
                    422,
                    116
                ],
                [
                    422,
                    115
                ],
                [
                    419,
                    112
                ],
                [
                    419,
                    111
                ],
                [
                    417,
                    109
                ],
                [
                    417,
                    108
                ],
                [
                    413,
                    104
                ],
                [
                    413,
                    102
                ],
                [
                    412,
                    102
                ],
                [
                    411,
                    101
                ],
                [
                    411,
                    100
                ],
                [
                    409,
                    98
                ],
                [
                    409,
                    97
                ],
                [
                    408,
                    96
                ],
                [
                    408,
                    95
                ],
                [
                    405,
                    92
                ],
                [
                    405,
                    90
                ],
                [
                    402,
                    87
                ],
                [
                    402,
                    86
                ],
                [
                    401,
                    85
                ],
                [
                    401,
                    84
                ],
                [
                    400,
                    83
                ],
                [
                    398,
                    83
                ],
                [
                    397,
                    82
                ],
                [
                    394,
                    82
                ],
                [
                    393,
                    81
                ],
                [
                    393,
                    80
                ],
                [
                    392,
                    79
                ],
                [
                    392,
                    78
                ],
                [
                    390,
                    76
                ],
                [
                    390,
                    75
                ],
                [
                    389,
                    74
                ],
                [
                    389,
                    73
                ],
                [
                    388,
                    72
                ],
                [
                    388,
                    71
                ],
                [
                    387,
                    70
                ],
                [
                    386,
                    70
                ],
                [
                    385,
                    69
                ],
                [
                    385,
                    67
                ],
                [
                    381,
                    63
                ],
                [
                    381,
                    61
                ],
                [
                    380,
                    61
                ],
                [
                    379,
                    60
                ],
                [
                    379,
                    59
                ],
                [
                    378,
                    58
                ],
                [
                    378,
                    57
                ],
                [
                    377,
                    56
                ],
                [
                    377,
                    55
                ],
                [
                    376,
                    54
                ],
                [
                    376,
                    53
                ],
                [
                    374,
                    51
                ],
                [
                    374,
                    50
                ],
                [
                    373,
                    49
                ],
                [
                    373,
                    48
                ],
                [
                    371,
                    46
                ],
                [
                    370,
                    46
                ],
                [
                    369,
                    45
                ],
                [
                    366,
                    45
                ],
                [
                    365,
                    44
                ],
                [
                    364,
                    44
                ],
                [
                    363,
                    43
                ],
                [
                    362,
                    43
                ],
                [
                    361,
                    42
                ],
                [
                    359,
                    42
                ],
                [
                    358,
                    41
                ],
                [
                    350,
                    41
                ],
                [
                    349,
                    40
                ],
                [
                    342,
                    40
                ],
                [
                    341,
                    39
                ],
                [
                    331,
                    39
                ],
                [
                    328,
                    36
                ],
                [
                    328,
                    35
                ],
                [
                    321,
                    28
                ],
                [
                    320,
                    29
                ],
                [
                    316,
                    29
                ],
                [
                    315,
                    28
                ],
                [
                    314,
                    28
                ],
                [
                    312,
                    26
                ],
                [
                    311,
                    27
                ],
                [
                    309,
                    27
                ],
                [
                    308,
                    28
                ],
                [
                    306,
                    28
                ],
                [
                    305,
                    27
                ],
                [
                    305,
                    26
                ],
                [
                    304,
                    26
                ],
                [
                    303,
                    25
                ],
                [
                    302,
                    25
                ],
                [
                    301,
                    24
                ],
                [
                    300,
                    24
                ],
                [
                    299,
                    25
                ],
                [
                    294,
                    25
                ],
                [
                    292,
                    23
                ],
                [
                    289,
                    23
                ],
                [
                    288,
                    22
                ],
                [
                    282,
                    22
                ],
                [
                    281,
                    21
                ],
                [
                    273,
                    21
                ],
                [
                    272,
                    20
                ],
                [
                    270,
                    20
                ],
                [
                    269,
                    19
                ],
                [
                    264,
                    19
                ],
                [
                    263,
                    20
                ],
                [
                    256,
                    20
                ],
                [
                    255,
                    19
                ],
                [
                    240,
                    19
                ],
                [
                    239,
                    20
                ],
                [
                    229,
                    20
                ],
                [
                    228,
                    19
                ]
            ],
            "group_id": null,
            "shape_type": "polygon",
            "flags": {}
        }
    ],
    "imagePath": "",
    "imageData": null,
    "imageHeight": 517,
    "imageWidth": 512
}