{
    "version": "4.5.6",
    "flags": {},
    "shapes": [
        {
            "label": "particle",
            "points": [
                [
                    250,
                    33
                ],
                [
                    249,
                    34
                ],
                [
                    241,
                    34
                ],
                [
                    240,
                    35
                ],
                [
                    231,
                    35
                ],
                [
                    230,
                    36
                ],
                [
                    213,
                    36
                ],
                [
                    212,
                    37
                ],
                [
                    211,
                    37
                ],
                [
                    210,
                    38
                ],
                [
                    209,
                    38
                ],
                [
                    208,
                    39
                ],
                [
                    207,
                    39
                ],
                [
                    206,
                    40
                ],
                [
                    203,
                    40
                ],
                [
                    202,
                    41
                ],
                [
                    201,
                    41
                ],
                [
                    200,
                    42
                ],
                [
                    199,
                    42
                ],
                [
                    198,
                    43
                ],
                [
                    197,
                    43
                ],
                [
                    196,
                    44
                ],
                [
                    193,
                    44
                ],
                [
                    192,
                    45
                ],
                [
                    191,
                    45
                ],
                [
                    190,
                    46
                ],
                [
                    189,
                    46
                ],
                [
                    188,
                    47
                ],
                [
                    187,
                    47
                ],
                [
                    186,
                    48
                ],
                [
                    183,
                    48
                ],
                [
                    182,
                    49
                ],
                [
                    181,
                    49
                ],
                [
                    180,
                    50
                ],
                [
                    179,
                    50
                ],
                [
                    178,
                    51
                ],
                [
                    177,
                    51
                ],
                [
                    176,
                    52
                ],
                [
                    173,
                    52
                ],
                [
                    172,
                    53
                ],
                [
                    171,
                    53
                ],
                [
                    170,
                    54
                ],
                [
                    169,
                    54
                ],
                [
                    168,
                    55
                ],
                [
                    167,
                    55
                ],
                [
                    166,
                    56
                ],
                [
                    163,
                    56
                ],
                [
                    162,
                    57
                ],
                [
                    161,
                    57
                ],
                [
                    160,
                    58
                ],
                [
                    159,
                    58
                ],
                [
                    158,
                    59
                ],
                [
                    157,
                    59
                ],
                [
                    156,
                    60
                ],
                [
                    154,
                    60
                ],
                [
                    151,
                    63
                ],
                [
                    150,
                    63
                ],
                [
                    148,
                    65
                ],
                [
                    147,
                    65
                ],
                [
                    144,
                    68
                ],
                [
                    143,
                    68
                ],
                [
                    142,
                    69
                ],
                [
                    141,
                    69
                ],
                [
                    141,
                    70
                ],
                [
                    140,
                    71
                ],
                [
                    139,
                    71
                ],
                [
                    138,
                    72
                ],
                [
                    137,
                    72
                ],
                [
                    134,
                    75
                ],
                [
                    133,
                    75
                ],
                [
                    131,
                    77
                ],
                [
                    130,
                    77
                ],
                [
                    127,
                    80
                ],
                [
                    126,
                    80
                ],
                [
                    123,
                    83
                ],
                [
                    122,
                    83
                ],
                [
                    120,
                    85
                ],
                [
                    119,
                    85
                ],
                [
                    116,
                    88
                ],
                [
                    115,
                    88
                ],
                [
                    106,
                    97
                ],
                [
                    105,
                    97
                ],
                [
                    104,
                    98
                ],
                [
                    104,
                    99
                ],
                [
                    103,
                    100
                ],
                [
                    102,
                    100
                ],
                [
                    100,
                    102
                ],
                [
                    100,
                    103
                ],
                [
                    99,
                    104
                ],
                [
                    98,
                    104
                ],
                [
                    94,
                    108
                ],
                [
                    93,
                    108
                ],
                [
                    92,
                    109
                ],
                [
                    92,
                    110
                ],
                [
                    90,
                    112
                ],
                [
                    89,
                    112
                ],
                [
                    88,
                    113
                ],
                [
                    88,
                    114
                ],
                [
                    86,
                    116
                ],
                [
                    84,
                    116
                ],
                [
                    84,
                    117
                ],
                [
                    83,
                    118
                ],
                [
                    83,
                    119
                ],
                [
                    81,
                    121
                ],
                [
                    81,
                    122
                ],
                [
                    80,
                    123
                ],
                [
                    80,
                    124
                ],
                [
                    79,
                    125
                ],
                [
                    79,
                    126
                ],
                [
                    76,
                    129
                ],
                [
                    76,
                    131
                ],
                [
                    75,
                    132
                ],
                [
                    75,
                    133
                ],
                [
                    74,
                    134
                ],
                [
                    74,
                    135
                ],
                [
                    72,
                    137
                ],
                [
                    72,
                    139
                ],
                [
                    69,
                    142
                ],
                [
                    69,
                    143
                ],
                [
                    68,
                    144
                ],
                [
                    68,
                    146
                ],
                [
                    65,
                    149
                ],
                [
                    65,
                    150
                ],
                [
                    64,
                    151
                ],
                [
                    64,
                    153
                ],
                [
                    62,
                    155
                ],
                [
                    62,
                    156
                ],
                [
                    60,
                    158
                ],
                [
                    60,
                    160
                ],
                [
                    58,
                    162
                ],
                [
                    58,
                    163
                ],
                [
                    56,
                    165
                ],
                [
                    56,
                    168
                ],
                [
                    54,
                    170
                ],
                [
                    54,
                    171
                ],
                [
                    52,
                    173
                ],
                [
                    52,
                    176
                ],
                [
                    50,
                    178
                ],
                [
                    50,
                    179
                ],
                [
                    48,
                    181
                ],
                [
                    48,
                    184
                ],
                [
                    46,
                    186
                ],
                [
                    46,
                    187
                ],
                [
                    44,
                    189
                ],
                [
                    44,
                    192
                ],
                [
                    42,
                    194
                ],
                [
                    42,
                    195
                ],
                [
                    40,
                    197
                ],
                [
                    40,
                    200
                ],
                [
                    38,
                    202
                ],
                [
                    38,
                    203
                ],
                [
                    36,
                    205
                ],
                [
                    36,
                    208
                ],
                [
                    35,
                    209
                ],
                [
                    35,
                    211
                ],
                [
                    34,
                    212
                ],
                [
                    34,
                    214
                ],
                [
                    33,
                    215
                ],
                [
                    33,
                    217
                ],
                [
                    32,
                    218
                ],
                [
                    32,
                    223
                ],
                [
                    31,
                    224
                ],
                [
                    31,
                    226
                ],
                [
                    30,
                    227
                ],
                [
                    30,
                    228
                ],
                [
                    29,
                    229
                ],
                [
                    29,
                    232
                ],
                [
                    28,
                    233
                ],
                [
                    28,
                    237
                ],
                [
                    27,
                    238
                ],
                [
                    27,
                    240
                ],
                [
                    26,
                    241
                ],
                [
                    26,
                    244
                ],
                [
                    25,
                    245
                ],
                [
                    25,
                    246
                ],
                [
                    24,
                    247
                ],
                [
                    24,
                    256
                ],
                [
                    23,
                    257
                ],
                [
                    23,
                    296
                ],
                [
                    22,
                    297
                ],
                [
                    23,
                    298
                ],
                [
                    23,
                    300
                ],
                [
                    24,
                    301
                ],
                [
                    24,
                    307
                ],
                [
                    25,
                    308
                ],
                [
                    25,
                    310
                ],
                [
                    26,
                    311
                ],
                [
                    26,
                    314
                ],
                [
                    27,
                    315
                ],
                [
                    27,
                    318
                ],
                [
                    28,
                    319
                ],
                [
                    28,
                    325
                ],
                [
                    29,
                    326
                ],
                [
                    29,
                    328
                ],
                [
                    30,
                    329
                ],
                [
                    30,
                    331
                ],
                [
                    31,
                    332
                ],
                [
                    31,
                    335
                ],
                [
                    32,
                    336
                ],
                [
                    32,
                    339
                ],
                [
                    33,
                    340
                ],
                [
                    33,
                    342
                ],
                [
                    35,
                    344
                ],
                [
                    35,
                    346
                ],
                [
                    36,
                    347
                ],
                [
                    36,
                    350
                ],
                [
                    37,
                    351
                ],
                [
                    37,
                    352
                ],
                [
                    38,
                    353
                ],
                [
                    38,
                    354
                ],
                [
                    39,
                    355
                ],
                [
                    39,
                    356
                ],
                [
                    40,
                    357
                ],
                [
                    40,
                    361
                ],
                [
                    42,
                    363
                ],
                [
                    42,
                    365
                ],
                [
                    44,
                    367
                ],
                [
                    44,
                    371
                ],
                [
                    45,
                    372
                ],
                [
                    45,
                    373
                ],
                [
                    46,
                    374
                ],
                [
                    46,
                    375
                ],
                [
                    47,
                    376
                ],
                [
                    47,
                    377
                ],
                [
                    49,
                    379
                ],
                [
                    49,
                    380
                ],
                [
                    52,
                    383
                ],
                [
                    52,
                    384
                ],
                [
                    56,
                    388
                ],
                [
                    56,
                    389
                ],
                [
                    60,
                    393
                ],
                [
                    60,
                    394
                ],
                [
                    62,
                    396
                ],
                [
                    62,
                    397
                ],
                [
                    64,
                    399
                ],
                [
                    64,
                    400
                ],
                [
                    68,
                    404
                ],
                [
                    68,
                    405
                ],
                [
                    72,
                    409
                ],
                [
                    72,
                    410
                ],
                [
                    73,
                    411
                ],
                [
                    73,
                    412
                ],
                [
                    76,
                    415
                ],
                [
                    76,
                    416
                ],
                [
                    77,
                    417
                ],
                [
                    77,
                    418
                ],
                [
                    78,
                    419
                ],
                [
                    79,
                    419
                ],
                [
                    80,
                    420
                ],
                [
                    80,
                    422
                ],
                [
                    84,
                    426
                ],
                [
                    84,
                    427
                ],
                [
                    86,
                    429
                ],
                [
                    86,
                    430
                ],
                [
                    88,
                    432
                ],
                [
                    88,
                    433
                ],
                [
                    92,
                    437
                ],
                [
                    92,
                    438
                ],
                [
                    93,
                    439
                ],
                [
                    95,
                    439
                ],
                [
                    96,
                    440
                ],
                [
                    96,
                    441
                ],
                [
                    97,
                    442
                ],
                [
                    98,
                    442
                ],
                [
                    99,
                    443
                ],
                [
                    100,
                    443
                ],
                [
                    102,
                    445
                ],
                [
                    103,
                    445
                ],
                [
                    104,
                    446
                ],
                [
                    104,
                    447
                ],
                [
                    106,
                    447
                ],
                [
                    110,
                    451
                ],
                [
                    111,
                    451
                ],
                [
                    113,
                    453
                ],
                [
                    114,
                    453
                ],
                [
                    116,
                    455
                ],
                [
                    117,
                    455
                ],
                [
                    119,
                    457
                ],
                [
                    120,
                    457
                ],
                [
                    121,
                    458
                ],
                [
                    121,
                    459
                ],
                [
                    123,
                    459
                ],
                [
                    126,
                    462
                ],
                [
                    127,
                    462
                ],
                [
                    128,
                    463
                ],
                [
                    130,
                    463
                ],
                [
                    133,
                    466
                ],
                [
                    134,
                    466
                ],
                [
                    135,
                    467
                ],
                [
                    137,
                    467
                ],
                [
                    139,
                    469
                ],
                [
                    140,
                    469
                ],
                [
                    142,
                    471
                ],
                [
                    144,
                    471
                ],
                [
                    146,
                    473
                ],
                [
                    147,
                    473
                ],
                [
                    149,
                    475
                ],
                [
                    152,
                    475
                ],
                [
                    153,
                    476
                ],
                [
                    153,
                    477
                ],
                [
                    154,
                    477
                ],
                [
                    155,
                    478
                ],
                [
                    156,
                    478
                ],
                [
                    157,
                    479
                ],
                [
                    162,
                    479
                ],
                [
                    163,
                    480
                ],
                [
                    166,
                    480
                ],
                [
                    167,
                    481
                ],
                [
                    170,
                    481
                ],
                [
                    171,
                    482
                ],
                [
                    174,
                    482
                ],
                [
                    175,
                    483
                ],
                [
                    182,
                    483
                ],
                [
                    183,
                    484
                ],
                [
                    186,
                    484
                ],
                [
                    187,
                    485
                ],
                [
                    189,
                    485
                ],
                [
                    190,
                    486
                ],
                [
                    192,
                    486
                ],
                [
                    193,
                    487
                ],
                [
                    196,
                    487
                ],
                [
                    197,
                    488
                ],
                [
                    199,
                    488
                ],
                [
                    200,
                    489
                ],
                [
                    201,
                    489
                ],
                [
                    202,
                    490
                ],
                [
                    204,
                    490
                ],
                [
                    205,
                    491
                ],
                [
                    208,
                    491
                ],
                [
                    209,
                    492
                ],
                [
                    211,
                    492
                ],
                [
                    212,
                    493
                ],
                [
                    213,
                    493
                ],
                [
                    214,
                    494
                ],
                [
                    216,
                    494
                ],
                [
                    217,
                    495
                ],
                [
                    220,
                    495
                ],
                [
                    221,
                    496
                ],
                [
                    223,
                    496
                ],
                [
                    224,
                    497
                ],
                [
                    238,
                    497
                ],
                [
                    239,
                    498
                ],
                [
                    257,
                    498
                ],
                [
                    258,
                    499
                ],
                [
                    266,
                    499
                ],
                [
                    267,
                    498
                ],
                [
                    273,
                    498
                ],
                [
                    274,
                    497
                ],
                [
                    279,
                    497
                ],
                [
                    280,
                    496
                ],
                [
                    286,
                    496
                ],
                [
                    287,
                    495
                ],
                [
                    294,
                    495
                ],
                [
                    295,
                    494
                ],
                [
                    297,
                    494
                ],
                [
                    298,
                    493
                ],
                [
                    299,
                    493
                ],
                [
                    300,
                    492
                ],
                [
                    302,
                    492
                ],
                [
                    303,
                    491
                ],
                [
                    306,
                    491
                ],
                [
                    307,
                    490
                ],
                [
                    308,
                    490
                ],
                [
                    309,
                    489
                ],
                [
                    310,
                    489
                ],
                [
                    311,
                    488
                ],
                [
                    312,
                    488
                ],
                [
                    313,
                    487
                ],
                [
                    316,
                    487
                ],
                [
                    317,
                    486
                ],
                [
                    318,
                    486
                ],
                [
                    320,
                    484
                ],
                [
                    321,
                    484
                ],
                [
                    322,
                    483
                ],
                [
                    325,
                    483
                ],
                [
                    327,
                    481
                ],
                [
                    328,
                    481
                ],
                [
                    329,
                    480
                ],
                [
                    330,
                    480
                ],
                [
                    331,
                    479
                ],
                [
                    334,
                    479
                ],
                [
                    336,
                    477
                ],
                [
                    337,
                    477
                ],
                [
                    338,
                    476
                ],
                [
                    339,
                    476
                ],
                [
                    340,
                    475
                ],
                [
                    342,
                    475
                ],
                [
                    343,
                    474
                ],
                [
                    344,
                    474
                ],
                [
                    345,
                    473
                ],
                [
                    346,
                    473
                ],
                [
                    348,
                    471
                ],
                [
                    350,
                    471
                ],
                [
                    353,
                    468
                ],
                [
                    354,
                    468
                ],
                [
                    355,
                    467
                ],
                [
                    356,
                    467
                ],
                [
                    357,
                    466
                ],
                [
                    358,
                    466
                ],
                [
                    361,
                    463
                ],
                [
                    363,
                    463
                ],
                [
                    365,
                    461
                ],
                [
                    366,
                    461
                ],
                [
                    368,
                    459
                ],
                [
                    370,
                    459
                ],
                [
                    373,
                    456
                ],
                [
                    374,
                    456
                ],
                [
                    375,
                    455
                ],
                [
                    376,
                    455
                ],
                [
                    377,
                    454
                ],
                [
                    378,
                    454
                ],
                [
                    381,
                    451
                ],
                [
                    383,
                    451
                ],
                [
                    383,
                    450
                ],
                [
                    384,
                    449
                ],
                [
                    385,
                    449
                ],
                [
                    387,
                    447
                ],
                [
                    388,
                    447
                ],
                [
                    390,
                    445
                ],
                [
                    391,
                    445
                ],
                [
                    391,
                    444
                ],
                [
                    392,
                    443
                ],
                [
                    394,
                    443
                ],
                [
                    395,
                    442
                ],
                [
                    395,
                    441
                ],
                [
                    396,
                    440
                ],
                [
                    397,
                    440
                ],
                [
                    398,
                    439
                ],
                [
                    399,
                    439
                ],
                [
                    402,
                    436
                ],
                [
                    403,
                    436
                ],
                [
                    405,
                    434
                ],
                [
                    406,
                    434
                ],
                [
                    409,
                    431
                ],
                [
                    410,
                    431
                ],
                [
                    414,
                    427
                ],
                [
                    415,
                    427
                ],
                [
                    415,
                    426
                ],
                [
                    418,
                    423
                ],
                [
                    419,
                    423
                ],
                [
                    419,
                    422
                ],
                [
                    422,
                    419
                ],
                [
                    423,
                    419
                ],
                [
                    423,
                    417
                ],
                [
                    425,
                    415
                ],
                [
                    426,
                    415
                ],
                [
                    427,
                    414
                ],
                [
                    427,
                    413
                ],
                [
                    430,
                    410
                ],
                [
                    431,
                    410
                ],
                [
                    431,
                    409
                ],
                [
                    432,
                    408
                ],
                [
                    432,
                    407
                ],
                [
                    433,
                    406
                ],
                [
                    434,
                    406
                ],
                [
                    435,
                    405
                ],
                [
                    435,
                    404
                ],
                [
                    438,
                    401
                ],
                [
                    438,
                    400
                ],
                [
                    439,
                    399
                ],
                [
                    439,
                    398
                ],
                [
                    440,
                    397
                ],
                [
                    440,
                    396
                ],
                [
                    443,
                    393
                ],
                [
                    443,
                    391
                ],
                [
                    446,
                    388
                ],
                [
                    446,
                    387
                ],
                [
                    447,
                    386
                ],
                [
                    447,
                    385
                ],
                [
                    448,
                    384
                ],
                [
                    448,
                    383
                ],
                [
                    449,
                    382
                ],
                [
                    450,
                    382
                ],
                [
                    450,
                    381
                ],
                [
                    451,
                    380
                ],
                [
                    451,
                    379
                ],
                [
                    452,
                    378
                ],
                [
                    452,
                    377
                ],
                [
                    455,
                    374
                ],
                [
                    455,
                    372
                ],
                [
                    457,
                    370
                ],
                [
                    457,
                    369
                ],
                [
                    459,
                    367
                ],
                [
                    459,
                    364
                ],
                [
                    461,
                    362
                ],
                [
                    461,
                    360
                ],
                [
                    462,
                    359
                ],
                [
                    462,
                    358
                ],
                [
                    463,
                    357
                ],
                [
                    463,
                    354
                ],
                [
                    464,
                    353
                ],
                [
                    464,
                    351
                ],
                [
                    465,
                    350
                ],
                [
                    465,
                    349
                ],
                [
                    466,
                    348
                ],
                [
                    466,
                    347
                ],
                [
                    467,
                    346
                ],
                [
                    467,
                    344
                ],
                [
                    468,
                    343
                ],
                [
                    468,
                    340
                ],
                [
                    469,
                    339
                ],
                [
                    469,
                    338
                ],
                [
                    470,
                    337
                ],
                [
                    470,
                    335
                ],
                [
                    471,
                    334
                ],
                [
                    471,
                    333
                ],
                [
                    472,
                    332
                ],
                [
                    472,
                    327
                ],
                [
                    473,
                    326
                ],
                [
                    473,
                    323
                ],
                [
                    474,
                    322
                ],
                [
                    474,
                    319
                ],
                [
                    475,
                    318
                ],
                [
                    475,
                    314
                ],
                [
                    476,
                    313
                ],
                [
                    476,
                    306
                ],
                [
                    477,
                    305
                ],
                [
                    477,
                    302
                ],
                [
                    478,
                    301
                ],
                [
                    478,
                    298
                ],
                [
                    479,
                    297
                ],
                [
                    479,
                    291
                ],
                [
                    480,
                    290
                ],
                [
                    480,
                    269
                ],
                [
                    481,
                    268
                ],
                [
                    481,
                    241
                ],
                [
                    480,
                    240
                ],
                [
                    480,
                    216
                ],
                [
                    479,
                    215
                ],
                [
                    479,
                    210
                ],
                [
                    478,
                    209
                ],
                [
                    478,
                    204
                ],
                [
                    477,
                    203
                ],
                [
                    477,
                    197
                ],
                [
                    476,
                    196
                ],
                [
                    476,
                    186
                ],
                [
                    475,
                    185
                ],
                [
                    475,
                    184
                ],
                [
                    474,
                    183
                ],
                [
                    474,
                    181
                ],
                [
                    472,
                    179
                ],
                [
                    472,
                    175
                ],
                [
                    471,
                    174
                ],
                [
                    471,
                    173
                ],
                [
                    470,
                    172
                ],
                [
                    470,
                    171
                ],
                [
                    469,
                    170
                ],
                [
                    469,
                    169
                ],
                [
                    468,
                    168
                ],
                [
                    468,
                    164
                ],
                [
                    467,
                    163
                ],
                [
                    467,
                    162
                ],
                [
                    466,
                    161
                ],
                [
                    466,
                    160
                ],
                [
                    465,
                    159
                ],
                [
                    465,
                    157
                ],
                [
                    463,
                    155
                ],
                [
                    463,
                    153
                ],
                [
                    462,
                    153
                ],
                [
                    461,
                    152
                ],
                [
                    461,
                    151
                ],
                [
                    459,
                    149
                ],
                [
                    459,
                    148
                ],
                [
                    458,
                    147
                ],
                [
                    458,
                    146
                ],
                [
                    455,
                    143
                ],
                [
                    455,
                    141
                ],
                [
                    454,
                    141
                ],
                [
                    453,
                    140
                ],
                [
                    453,
                    139
                ],
                [
                    451,
                    137
                ],
                [
                    451,
                    136
                ],
                [
                    450,
                    135
                ],
                [
                    450,
                    134
                ],
                [
                    447,
                    131
                ],
                [
                    447,
                    130
                ],
                [
                    446,
                    129
                ],
                [
                    446,
                    128
                ],
                [
                    445,
                    128
                ],
                [
                    444,
                    127
                ],
                [
                    444,
                    126
                ],
                [
                    443,
                    125
                ],
                [
                    443,
                    124
                ],
                [
                    440,
                    121
                ],
                [
                    440,
                    120
                ],
                [
                    439,
                    119
                ],
                [
                    439,
                    118
                ],
                [
                    435,
                    114
                ],
                [
                    435,
                    113
                ],
                [
                    431,
                    109
                ],
                [
                    431,
                    108
                ],
                [
                    430,
                    108
                ],
                [
                    428,
                    106
                ],
                [
                    428,
                    105
                ],
                [
                    423,
                    100
                ],
                [
                    423,
                    99
                ],
                [
                    416,
                    92
                ],
                [
                    415,
                    92
                ],
                [
                    413,
                    90
                ],
                [
                    412,
                    90
                ],
                [
                    411,
                    89
                ],
                [
                    411,
                    88
                ],
                [
                    409,
                    88
                ],
                [
                    405,
                    84
                ],
                [
                    404,
                    84
                ],
                [
                    402,
                    82
                ],
                [
                    401,
                    82
                ],
                [
                    399,
                    80
                ],
                [
                    398,
                    80
                ],
                [
                    394,
                    76
                ],
                [
                    392,
                    76
                ],
                [
                    391,
                    75
                ],
                [
                    391,
                    74
                ],
                [
                    390,
                    73
                ],
                [
                    389,
                    73
                ],
                [
                    388,
                    72
                ],
                [
                    386,
                    72
                ],
                [
                    385,
                    71
                ],
                [
                    384,
                    71
                ],
                [
                    382,
                    69
                ],
                [
                    381,
                    69
                ],
                [
                    380,
                    68
                ],
                [
                    379,
                    68
                ],
                [
                    378,
                    67
                ],
                [
                    377,
                    67
                ],
                [
                    375,
                    65
                ],
                [
                    374,
                    65
                ],
                [
                    373,
                    64
                ],
                [
                    371,
                    64
                ],
                [
                    370,
                    63
                ],
                [
                    369,
                    63
                ],
                [
                    366,
                    60
                ],
                [
                    364,
                    60
                ],
                [
                    363,
                    59
                ],
                [
                    362,
                    59
                ],
                [
                    361,
                    58
                ],
                [
                    360,
                    58
                ],
                [
                    358,
                    56
                ],
                [
                    356,
                    56
                ],
                [
                    354,
                    54
                ],
                [
                    353,
                    54
                ],
                [
                    351,
                    52
                ],
                [
                    347,
                    52
                ],
                [
                    346,
                    51
                ],
                [
                    344,
                    51
                ],
                [
                    343,
                    50
                ],
                [
                    341,
                    50
                ],
                [
                    340,
                    49
                ],
                [
                    339,
                    49
                ],
                [
                    338,
                    48
                ],
                [
                    334,
                    48
                ],
                [
                    333,
                    47
                ],
                [
                    331,
                    47
                ],
                [
                    330,
                    46
                ],
                [
                    329,
                    46
                ],
                [
                    328,
                    45
                ],
                [
                    326,
                    45
                ],
                [
                    325,
                    44
                ],
                [
                    321,
                    44
                ],
                [
                    320,
                    43
                ],
                [
                    319,
                    43
                ],
                [
                    318,
                    42
                ],
                [
                    315,
                    42
                ],
                [
                    314,
                    41
                ],
                [
                    313,
                    41
                ],
                [
                    312,
                    40
                ],
                [
                    307,
                    40
                ],
                [
                    306,
                    39
                ],
                [
                    304,
                    39
                ],
                [
                    303,
                    38
                ],
                [
                    302,
                    38
                ],
                [
                    301,
                    37
                ],
                [
                    299,
                    37
                ],
                [
                    298,
                    36
                ],
                [
                    287,
                    36
                ],
                [
                    286,
                    35
                ],
                [
                    275,
                    35
                ],
                [
                    274,
                    34
                ],
                [
                    263,
                    34
                ],
                [
                    262,
                    33
                ]
            ],
            "group_id": null,
            "shape_type": "polygon",
            "flags": {}
        }
    ],
    "imagePath": "",
    "imageData": null,
    "imageHeight": 512,
    "imageWidth": 515
}