{
    "version": "4.5.6",
    "flags": {},
    "shapes": [
        {
            "label": "particle",
            "points": [
                [
                    172,
                    397
                ],
                [
                    171,
                    398
                ],
                [
                    163,
                    398
                ],
                [
                    161,
                    400
                ],
                [
                    160,
                    400
                ],
                [
                    158,
                    402
                ],
                [
                    158,
                    403
                ],
                [
                    156,
                    405
                ],
                [
                    156,
                    406
                ],
                [
                    152,
                    410
                ],
                [
                    152,
                    411
                ],
                [
                    151,
                    412
                ],
                [
                    151,
                    413
                ],
                [
                    150,
                    414
                ],
                [
                    150,
                    415
                ],
                [
                    147,
                    418
                ],
                [
                    147,
                    421
                ],
                [
                    145,
                    423
                ],
                [
                    145,
                    426
                ],
                [
                    146,
                    427
                ],
                [
                    146,
                    433
                ],
                [
                    147,
                    434
                ],
                [
                    147,
                    438
                ],
                [
                    148,
                    439
                ],
                [
                    148,
                    442
                ],
                [
                    149,
                    443
                ],
                [
                    149,
                    444
                ],
                [
                    150,
                    445
                ],
                [
                    150,
                    447
                ],
                [
                    151,
                    448
                ],
                [
                    151,
                    452
                ],
                [
                    152,
                    452
                ],
                [
                    153,
                    453
                ],
                [
                    154,
                    453
                ],
                [
                    155,
                    454
                ],
                [
                    156,
                    454
                ],
                [
                    157,
                    455
                ],
                [
                    160,
                    455
                ],
                [
                    161,
                    456
                ],
                [
                    162,
                    456
                ],
                [
                    165,
                    459
                ],
                [
                    168,
                    459
                ],
                [
                    169,
                    460
                ],
                [
                    171,
                    460
                ],
                [
                    172,
                    461
                ],
                [
                    177,
                    461
                ],
                [
                    178,
                    462
                ],
                [
                    182,
                    462
                ],
                [
                    183,
                    461
                ],
                [
                    184,
                    461
                ],
                [
                    186,
                    459
                ],
                [
                    187,
                    459
                ],
                [
                    189,
                    457
                ],
                [
                    189,
                    456
                ],
                [
                    190,
                    455
                ],
                [
                    191,
                    455
                ],
                [
                    192,
                    454
                ],
                [
                    193,
                    454
                ],
                [
                    194,
                    453
                ],
                [
                    194,
                    452
                ],
                [
                    201,
                    445
                ],
                [
                    201,
                    443
                ],
                [
                    202,
                    442
                ],
                [
                    202,
                    424
                ],
                [
                    201,
                    423
                ],
                [
                    201,
                    422
                ],
                [
                    200,
                    421
                ],
                [
                    200,
                    420
                ],
                [
                    199,
                    420
                ],
                [
                    197,
                    418
                ],
                [
                    196,
                    418
                ],
                [
                    194,
                    416
                ],
                [
                    194,
                    415
                ],
                [
                    192,
                    413
                ],
                [
                    191,
                    413
                ],
                [
                    189,
                    411
                ],
                [
                    189,
                    410
                ],
                [
                    185,
                    406
                ],
                [
                    185,
                    405
                ],
                [
                    184,
                    405
                ],
                [
                    181,
                    402
                ],
                [
                    181,
                    401
                ],
                [
                    178,
                    401
                ],
                [
                    177,
                    400
                ],
                [
                    177,
                    399
                ],
                [
                    176,
                    399
                ],
                [
                    175,
                    398
                ],
                [
                    173,
                    398
                ]
            ],
            "group_id": null,
            "shape_type": "polygon",
            "flags": {}
        },
        {
            "label": "particle",
            "points": [
                [
                    158,
                    329
                ],
                [
                    157,
                    330
                ],
                [
                    157,
                    332
                ],
                [
                    154,
                    335
                ],
                [
                    153,
                    335
                ],
                [
                    153,
                    336
                ],
                [
                    152,
                    337
                ],
                [
                    149,
                    337
                ],
                [
                    148,
                    338
                ],
                [
                    135,
                    338
                ],
                [
                    134,
                    339
                ],
                [
                    133,
                    339
                ],
                [
                    131,
                    341
                ],
                [
                    130,
                    341
                ],
                [
                    129,
                    342
                ],
                [
                    129,
                    343
                ],
                [
                    125,
                    347
                ],
                [
                    125,
                    348
                ],
                [
                    124,
                    349
                ],
                [
                    124,
                    350
                ],
                [
                    123,
                    351
                ],
                [
                    123,
                    353
                ],
                [
                    122,
                    354
                ],
                [
                    122,
                    356
                ],
                [
                    121,
                    357
                ],
                [
                    121,
                    360
                ],
                [
                    120,
                    361
                ],
                [
                    120,
                    376
                ],
                [
                    121,
                    377
                ],
                [
                    121,
                    379
                ],
                [
                    123,
                    381
                ],
                [
                    123,
                    382
                ],
                [
                    124,
                    383
                ],
                [
                    124,
                    384
                ],
                [
                    125,
                    385
                ],
                [
                    125,
                    391
                ],
                [
                    126,
                    392
                ],
                [
                    126,
                    393
                ],
                [
                    127,
                    393
                ],
                [
                    129,
                    395
                ],
                [
                    129,
                    396
                ],
                [
                    130,
                    397
                ],
                [
                    131,
                    397
                ],
                [
                    133,
                    399
                ],
                [
                    133,
                    400
                ],
                [
                    134,
                    401
                ],
                [
                    140,
                    401
                ],
                [
                    141,
                    402
                ],
                [
                    150,
                    402
                ],
                [
                    151,
                    401
                ],
                [
                    154,
                    401
                ],
                [
                    155,
                    400
                ],
                [
                    157,
                    400
                ],
                [
                    158,
                    399
                ],
                [
                    159,
                    399
                ],
                [
                    160,
                    398
                ],
                [
                    162,
                    398
                ],
                [
                    163,
                    397
                ],
                [
                    171,
                    397
                ],
                [
                    172,
                    396
                ],
                [
                    173,
                    396
                ],
                [
                    174,
                    395
                ],
                [
                    175,
                    395
                ],
                [
                    177,
                    393
                ],
                [
                    179,
                    393
                ],
                [
                    180,
                    392
                ],
                [
                    181,
                    392
                ],
                [
                    182,
                    391
                ],
                [
                    183,
                    391
                ],
                [
                    183,
                    390
                ],
                [
                    184,
                    389
                ],
                [
                    185,
                    389
                ],
                [
                    187,
                    387
                ],
                [
                    187,
                    386
                ],
                [
                    188,
                    385
                ],
                [
                    189,
                    385
                ],
                [
                    191,
                    383
                ],
                [
                    191,
                    382
                ],
                [
                    192,
                    381
                ],
                [
                    192,
                    379
                ],
                [
                    193,
                    378
                ],
                [
                    193,
                    377
                ],
                [
                    194,
                    376
                ],
                [
                    194,
                    375
                ],
                [
                    195,
                    374
                ],
                [
                    195,
                    372
                ],
                [
                    196,
                    371
                ],
                [
                    196,
                    359
                ],
                [
                    194,
                    357
                ],
                [
                    194,
                    356
                ],
                [
                    192,
                    354
                ],
                [
                    192,
                    351
                ],
                [
                    189,
                    348
                ],
                [
                    189,
                    347
                ],
                [
                    187,
                    345
                ],
                [
                    187,
                    343
                ],
                [
                    186,
                    342
                ],
                [
                    186,
                    341
                ],
                [
                    183,
                    338
                ],
                [
                    180,
                    338
                ],
                [
                    179,
                    337
                ],
                [
                    178,
                    337
                ],
                [
                    177,
                    336
                ],
                [
                    177,
                    335
                ],
                [
                    176,
                    334
                ],
                [
                    175,
                    334
                ],
                [
                    173,
                    332
                ],
                [
                    172,
                    332
                ],
                [
                    171,
                    331
                ],
                [
                    171,
                    330
                ],
                [
                    163,
                    330
                ],
                [
                    162,
                    329
                ]
            ],
            "group_id": null,
            "shape_type": "polygon",
            "flags": {}
        },
        {
            "label": "particle",
            "points": [
                [
                    143,
                    256
                ],
                [
                    142,
                    257
                ],
                [
                    140,
                    257
                ],
                [
                    139,
                    258
                ],
                [
                    138,
                    258
                ],
                [
                    134,
                    262
                ],
                [
                    128,
                    262
                ],
                [
                    127,
                    263
                ],
                [
                    126,
                    263
                ],
                [
                    125,
                    264
                ],
                [
                    123,
                    264
                ],
                [
                    122,
                    265
                ],
                [
                    120,
                    265
                ],
                [
                    119,
                    266
                ],
                [
                    118,
                    266
                ],
                [
                    117,
                    267
                ],
                [
                    116,
                    267
                ],
                [
                    115,
                    268
                ],
                [
                    114,
                    268
                ],
                [
                    114,
                    269
                ],
                [
                    113,
                    270
                ],
                [
                    112,
                    270
                ],
                [
                    111,
                    271
                ],
                [
                    110,
                    271
                ],
                [
                    110,
                    272
                ],
                [
                    108,
                    274
                ],
                [
                    107,
                    274
                ],
                [
                    106,
                    275
                ],
                [
                    106,
                    276
                ],
                [
                    104,
                    278
                ],
                [
                    103,
                    278
                ],
                [
                    102,
                    279
                ],
                [
                    102,
                    280
                ],
                [
                    100,
                    282
                ],
                [
                    100,
                    284
                ],
                [
                    99,
                    285
                ],
                [
                    99,
                    287
                ],
                [
                    98,
                    288
                ],
                [
                    98,
                    300
                ],
                [
                    99,
                    301
                ],
                [
                    99,
                    305
                ],
                [
                    100,
                    306
                ],
                [
                    100,
                    310
                ],
                [
                    101,
                    311
                ],
                [
                    101,
                    313
                ],
                [
                    102,
                    314
                ],
                [
                    102,
                    319
                ],
                [
                    106,
                    323
                ],
                [
                    106,
                    324
                ],
                [
                    111,
                    329
                ],
                [
                    112,
                    329
                ],
                [
                    114,
                    331
                ],
                [
                    115,
                    331
                ],
                [
                    116,
                    332
                ],
                [
                    118,
                    332
                ],
                [
                    119,
                    333
                ],
                [
                    121,
                    333
                ],
                [
                    122,
                    334
                ],
                [
                    124,
                    334
                ],
                [
                    125,
                    335
                ],
                [
                    127,
                    335
                ],
                [
                    128,
                    336
                ],
                [
                    135,
                    336
                ],
                [
                    136,
                    337
                ],
                [
                    148,
                    337
                ],
                [
                    149,
                    336
                ],
                [
                    152,
                    336
                ],
                [
                    152,
                    335
                ],
                [
                    153,
                    334
                ],
                [
                    154,
                    334
                ],
                [
                    156,
                    332
                ],
                [
                    156,
                    330
                ],
                [
                    158,
                    328
                ],
                [
                    159,
                    328
                ],
                [
                    160,
                    327
                ],
                [
                    160,
                    326
                ],
                [
                    162,
                    324
                ],
                [
                    163,
                    324
                ],
                [
                    165,
                    322
                ],
                [
                    165,
                    321
                ],
                [
                    168,
                    318
                ],
                [
                    168,
                    317
                ],
                [
                    169,
                    316
                ],
                [
                    169,
                    315
                ],
                [
                    171,
                    313
                ],
                [
                    171,
                    312
                ],
                [
                    172,
                    311
                ],
                [
                    173,
                    311
                ],
                [
                    173,
                    306
                ],
                [
                    174,
                    305
                ],
                [
                    174,
                    303
                ],
                [
                    175,
                    302
                ],
                [
                    175,
                    285
                ],
                [
                    174,
                    284
                ],
                [
                    174,
                    283
                ],
                [
                    173,
                    282
                ],
                [
                    173,
                    273
                ],
                [
                    172,
                    272
                ],
                [
                    172,
                    270
                ],
                [
                    170,
                    268
                ],
                [
                    170,
                    267
                ],
                [
                    169,
                    266
                ],
                [
                    169,
                    265
                ],
                [
                    167,
                    263
                ],
                [
                    167,
                    262
                ],
                [
                    166,
                    262
                ],
                [
                    165,
                    261
                ],
                [
                    165,
                    260
                ],
                [
                    164,
                    260
                ],
                [
                    162,
                    258
                ],
                [
                    158,
                    258
                ],
                [
                    156,
                    256
                ]
            ],
            "group_id": null,
            "shape_type": "polygon",
            "flags": {}
        },
        {
            "label": "particle",
            "points": [
                [
                    184,
                    267
                ],
                [
                    183,
                    268
                ],
                [
                    181,
                    268
                ],
                [
                    180,
                    269
                ],
                [
                    179,
                    269
                ],
                [
                    179,
                    270
                ],
                [
                    178,
                    271
                ],
                [
                    178,
                    272
                ],
                [
                    177,
                    273
                ],
                [
                    177,
                    276
                ],
                [
                    176,
                    277
                ],
                [
                    176,
                    294
                ],
                [
                    177,
                    295
                ],
                [
                    177,
                    303
                ],
                [
                    178,
                    304
                ],
                [
                    178,
                    307
                ],
                [
                    179,
                    308
                ],
                [
                    179,
                    311
                ],
                [
                    181,
                    313
                ],
                [
                    181,
                    314
                ],
                [
                    182,
                    314
                ],
                [
                    184,
                    316
                ],
                [
                    193,
                    316
                ],
                [
                    194,
                    315
                ],
                [
                    195,
                    315
                ],
                [
                    196,
                    314
                ],
                [
                    197,
                    314
                ],
                [
                    199,
                    312
                ],
                [
                    200,
                    312
                ],
                [
                    201,
                    311
                ],
                [
                    202,
                    311
                ],
                [
                    203,
                    310
                ],
                [
                    204,
                    310
                ],
                [
                    207,
                    307
                ],
                [
                    209,
                    307
                ],
                [
                    210,
                    306
                ],
                [
                    210,
                    305
                ],
                [
                    211,
                    304
                ],
                [
                    212,
                    304
                ],
                [
                    214,
                    302
                ],
                [
                    214,
                    301
                ],
                [
                    218,
                    297
                ],
                [
                    218,
                    294
                ],
                [
                    219,
                    293
                ],
                [
                    219,
                    292
                ],
                [
                    220,
                    291
                ],
                [
                    220,
                    290
                ],
                [
                    219,
                    289
                ],
                [
                    219,
                    287
                ],
                [
                    218,
                    286
                ],
                [
                    218,
                    285
                ],
                [
                    217,
                    284
                ],
                [
                    217,
                    283
                ],
                [
                    216,
                    282
                ],
                [
                    215,
                    282
                ],
                [
                    212,
                    279
                ],
                [
                    211,
                    279
                ],
                [
                    209,
                    277
                ],
                [
                    206,
                    277
                ],
                [
                    204,
                    275
                ],
                [
                    203,
                    275
                ],
                [
                    201,
                    273
                ],
                [
                    198,
                    273
                ],
                [
                    197,
                    272
                ],
                [
                    196,
                    272
                ],
                [
                    195,
                    271
                ],
                [
                    194,
                    271
                ],
                [
                    192,
                    269
                ],
                [
                    191,
                    269
                ],
                [
                    190,
                    268
                ],
                [
                    185,
                    268
                ]
            ],
            "group_id": null,
            "shape_type": "polygon",
            "flags": {}
        },
        {
            "label": "particle",
            "points": [
                [
                    233,
                    211
                ],
                [
                    232,
                    212
                ],
                [
                    229,
                    212
                ],
                [
                    228,
                    213
                ],
                [
                    225,
                    213
                ],
                [
                    224,
                    214
                ],
                [
                    222,
                    214
                ],
                [
                    221,
                    215
                ],
                [
                    220,
                    215
                ],
                [
                    218,
                    217
                ],
                [
                    217,
                    217
                ],
                [
                    216,
                    218
                ],
                [
                    216,
                    219
                ],
                [
                    213,
                    222
                ],
                [
                    213,
                    223
                ],
                [
                    210,
                    226
                ],
                [
                    210,
                    227
                ],
                [
                    209,
                    228
                ],
                [
                    208,
                    228
                ],
                [
                    208,
                    230
                ],
                [
                    206,
                    232
                ],
                [
                    206,
                    233
                ],
                [
                    205,
                    234
                ],
                [
                    205,
                    235
                ],
                [
                    204,
                    236
                ],
                [
                    204,
                    239
                ],
                [
                    203,
                    240
                ],
                [
                    203,
                    250
                ],
                [
                    204,
                    251
                ],
                [
                    204,
                    257
                ],
                [
                    206,
                    259
                ],
                [
                    206,
                    261
                ],
                [
                    207,
                    261
                ],
                [
                    208,
                    262
                ],
                [
                    208,
                    264
                ],
                [
                    212,
                    268
                ],
                [
                    212,
                    269
                ],
                [
                    213,
                    269
                ],
                [
                    216,
                    272
                ],
                [
                    216,
                    273
                ],
                [
                    218,
                    273
                ],
                [
                    220,
                    275
                ],
                [
                    221,
                    275
                ],
                [
                    222,
                    276
                ],
                [
                    223,
                    276
                ],
                [
                    224,
                    277
                ],
                [
                    225,
                    277
                ],
                [
                    226,
                    278
                ],
                [
                    229,
                    278
                ],
                [
                    230,
                    279
                ],
                [
                    231,
                    279
                ],
                [
                    232,
                    278
                ],
                [
                    241,
                    278
                ],
                [
                    242,
                    277
                ],
                [
                    244,
                    277
                ],
                [
                    245,
                    276
                ],
                [
                    247,
                    276
                ],
                [
                    248,
                    275
                ],
                [
                    250,
                    275
                ],
                [
                    251,
                    274
                ],
                [
                    255,
                    274
                ],
                [
                    256,
                    273
                ],
                [
                    258,
                    273
                ],
                [
                    262,
                    269
                ],
                [
                    262,
                    268
                ],
                [
                    265,
                    265
                ],
                [
                    265,
                    264
                ],
                [
                    266,
                    263
                ],
                [
                    266,
                    262
                ],
                [
                    267,
                    261
                ],
                [
                    267,
                    260
                ],
                [
                    268,
                    259
                ],
                [
                    268,
                    258
                ],
                [
                    269,
                    257
                ],
                [
                    269,
                    254
                ],
                [
                    270,
                    253
                ],
                [
                    270,
                    244
                ],
                [
                    269,
                    243
                ],
                [
                    269,
                    236
                ],
                [
                    267,
                    234
                ],
                [
                    267,
                    233
                ],
                [
                    266,
                    232
                ],
                [
                    266,
                    231
                ],
                [
                    264,
                    229
                ],
                [
                    264,
                    228
                ],
                [
                    263,
                    227
                ],
                [
                    263,
                    226
                ],
                [
                    262,
                    225
                ],
                [
                    262,
                    224
                ],
                [
                    261,
                    223
                ],
                [
                    261,
                    221
                ],
                [
                    259,
                    219
                ],
                [
                    259,
                    218
                ],
                [
                    258,
                    217
                ],
                [
                    258,
                    215
                ],
                [
                    257,
                    215
                ],
                [
                    254,
                    212
                ],
                [
                    252,
                    212
                ],
                [
                    251,
                    211
                ]
            ],
            "group_id": null,
            "shape_type": "polygon",
            "flags": {}
        },
        {
            "label": "particle",
            "points": [
                [
                    290,
                    55
                ],
                [
                    289,
                    56
                ],
                [
                    287,
                    56
                ],
                [
                    286,
                    57
                ],
                [
                    284,
                    57
                ],
                [
                    283,
                    58
                ],
                [
                    281,
                    58
                ],
                [
                    280,
                    59
                ],
                [
                    275,
                    59
                ],
                [
                    273,
                    61
                ],
                [
                    273,
                    62
                ],
                [
                    272,
                    63
                ],
                [
                    271,
                    63
                ],
                [
                    269,
                    65
                ],
                [
                    269,
                    68
                ],
                [
                    268,
                    69
                ],
                [
                    268,
                    82
                ],
                [
                    266,
                    84
                ],
                [
                    265,
                    84
                ],
                [
                    265,
                    86
                ],
                [
                    263,
                    88
                ],
                [
                    258,
                    88
                ],
                [
                    257,
                    89
                ],
                [
                    257,
                    90
                ],
                [
                    256,
                    91
                ],
                [
                    256,
                    92
                ],
                [
                    255,
                    93
                ],
                [
                    255,
                    94
                ],
                [
                    253,
                    96
                ],
                [
                    253,
                    97
                ],
                [
                    252,
                    98
                ],
                [
                    252,
                    100
                ],
                [
                    251,
                    101
                ],
                [
                    251,
                    102
                ],
                [
                    250,
                    103
                ],
                [
                    250,
                    104
                ],
                [
                    249,
                    105
                ],
                [
                    249,
                    107
                ],
                [
                    248,
                    108
                ],
                [
                    248,
                    118
                ],
                [
                    249,
                    119
                ],
                [
                    249,
                    120
                ],
                [
                    251,
                    122
                ],
                [
                    251,
                    123
                ],
                [
                    252,
                    124
                ],
                [
                    252,
                    125
                ],
                [
                    253,
                    126
                ],
                [
                    253,
                    127
                ],
                [
                    254,
                    128
                ],
                [
                    254,
                    129
                ],
                [
                    255,
                    129
                ],
                [
                    256,
                    130
                ],
                [
                    258,
                    130
                ],
                [
                    259,
                    131
                ],
                [
                    261,
                    131
                ],
                [
                    263,
                    133
                ],
                [
                    265,
                    133
                ],
                [
                    266,
                    134
                ],
                [
                    267,
                    134
                ],
                [
                    268,
                    135
                ],
                [
                    270,
                    135
                ],
                [
                    271,
                    136
                ],
                [
                    272,
                    135
                ],
                [
                    273,
                    135
                ],
                [
                    274,
                    134
                ],
                [
                    275,
                    134
                ],
                [
                    277,
                    132
                ],
                [
                    278,
                    132
                ],
                [
                    278,
                    131
                ],
                [
                    279,
                    130
                ],
                [
                    281,
                    130
                ],
                [
                    285,
                    126
                ],
                [
                    285,
                    125
                ],
                [
                    286,
                    124
                ],
                [
                    286,
                    109
                ],
                [
                    287,
                    108
                ],
                [
                    287,
                    107
                ],
                [
                    289,
                    105
                ],
                [
                    290,
                    105
                ],
                [
                    290,
                    104
                ],
                [
                    292,
                    102
                ],
                [
                    293,
                    102
                ],
                [
                    294,
                    101
                ],
                [
                    295,
                    101
                ],
                [
                    296,
                    100
                ],
                [
                    297,
                    100
                ],
                [
                    300,
                    97
                ],
                [
                    301,
                    97
                ],
                [
                    302,
                    96
                ],
                [
                    303,
                    96
                ],
                [
                    303,
                    95
                ],
                [
                    305,
                    93
                ],
                [
                    305,
                    92
                ],
                [
                    306,
                    91
                ],
                [
                    306,
                    90
                ],
                [
                    307,
                    89
                ],
                [
                    307,
                    85
                ],
                [
                    308,
                    84
                ],
                [
                    309,
                    84
                ],
                [
                    309,
                    83
                ],
                [
                    310,
                    82
                ],
                [
                    310,
                    81
                ],
                [
                    311,
                    80
                ],
                [
                    311,
                    66
                ],
                [
                    310,
                    65
                ],
                [
                    310,
                    64
                ],
                [
                    308,
                    62
                ],
                [
                    308,
                    61
                ],
                [
                    307,
                    60
                ],
                [
                    307,
                    59
                ],
                [
                    304,
                    59
                ],
                [
                    302,
                    57
                ],
                [
                    299,
                    57
                ],
                [
                    298,
                    56
                ],
                [
                    292,
                    56
                ],
                [
                    291,
                    55
                ]
            ],
            "group_id": null,
            "shape_type": "polygon",
            "flags": {}
        },
        {
            "label": "particle",
            "points": [
                [
                    253,
                    130
                ],
                [
                    252,
                    131
                ],
                [
                    250,
                    131
                ],
                [
                    249,
                    132
                ],
                [
                    241,
                    132
                ],
                [
                    240,
                    133
                ],
                [
                    238,
                    133
                ],
                [
                    237,
                    134
                ],
                [
                    236,
                    134
                ],
                [
                    235,
                    135
                ],
                [
                    234,
                    135
                ],
                [
                    233,
                    136
                ],
                [
                    232,
                    136
                ],
                [
                    230,
                    138
                ],
                [
                    230,
                    139
                ],
                [
                    229,
                    140
                ],
                [
                    229,
                    141
                ],
                [
                    228,
                    142
                ],
                [
                    228,
                    143
                ],
                [
                    227,
                    144
                ],
                [
                    227,
                    146
                ],
                [
                    226,
                    147
                ],
                [
                    226,
                    151
                ],
                [
                    225,
                    152
                ],
                [
                    225,
                    162
                ],
                [
                    226,
                    163
                ],
                [
                    226,
                    164
                ],
                [
                    227,
                    165
                ],
                [
                    227,
                    166
                ],
                [
                    229,
                    168
                ],
                [
                    229,
                    170
                ],
                [
                    232,
                    173
                ],
                [
                    232,
                    174
                ],
                [
                    233,
                    175
                ],
                [
                    233,
                    176
                ],
                [
                    236,
                    179
                ],
                [
                    238,
                    179
                ],
                [
                    239,
                    180
                ],
                [
                    240,
                    180
                ],
                [
                    242,
                    182
                ],
                [
                    244,
                    182
                ],
                [
                    245,
                    183
                ],
                [
                    255,
                    183
                ],
                [
                    256,
                    182
                ],
                [
                    258,
                    182
                ],
                [
                    260,
                    180
                ],
                [
                    261,
                    180
                ],
                [
                    262,
                    179
                ],
                [
                    263,
                    179
                ],
                [
                    264,
                    178
                ],
                [
                    265,
                    178
                ],
                [
                    266,
                    177
                ],
                [
                    267,
                    177
                ],
                [
                    267,
                    176
                ],
                [
                    271,
                    172
                ],
                [
                    271,
                    171
                ],
                [
                    272,
                    170
                ],
                [
                    272,
                    167
                ],
                [
                    273,
                    166
                ],
                [
                    273,
                    164
                ],
                [
                    274,
                    163
                ],
                [
                    274,
                    162
                ],
                [
                    275,
                    161
                ],
                [
                    275,
                    159
                ],
                [
                    276,
                    158
                ],
                [
                    276,
                    157
                ],
                [
                    278,
                    155
                ],
                [
                    278,
                    154
                ],
                [
                    279,
                    153
                ],
                [
                    279,
                    148
                ],
                [
                    278,
                    147
                ],
                [
                    278,
                    145
                ],
                [
                    276,
                    143
                ],
                [
                    276,
                    142
                ],
                [
                    275,
                    141
                ],
                [
                    275,
                    140
                ],
                [
                    273,
                    138
                ],
                [
                    272,
                    138
                ],
                [
                    270,
                    136
                ],
                [
                    268,
                    136
                ],
                [
                    267,
                    135
                ],
                [
                    266,
                    135
                ],
                [
                    265,
                    134
                ],
                [
                    263,
                    134
                ],
                [
                    261,
                    132
                ],
                [
                    258,
                    132
                ],
                [
                    257,
                    131
                ],
                [
                    256,
                    131
                ],
                [
                    255,
                    130
                ]
            ],
            "group_id": null,
            "shape_type": "polygon",
            "flags": {}
        },
        {
            "label": "particle",
            "points": [
                [
                    294,
                    143
                ],
                [
                    293,
                    144
                ],
                [
                    290,
                    144
                ],
                [
                    287,
                    147
                ],
                [
                    286,
                    147
                ],
                [
                    285,
                    148
                ],
                [
                    285,
                    149
                ],
                [
                    282,
                    152
                ],
                [
                    281,
                    152
                ],
                [
                    281,
                    154
                ],
                [
                    279,
                    156
                ],
                [
                    278,
                    156
                ],
                [
                    277,
                    157
                ],
                [
                    277,
                    159
                ],
                [
                    276,
                    160
                ],
                [
                    276,
                    161
                ],
                [
                    275,
                    162
                ],
                [
                    275,
                    163
                ],
                [
                    274,
                    164
                ],
                [
                    274,
                    166
                ],
                [
                    273,
                    167
                ],
                [
                    273,
                    171
                ],
                [
                    272,
                    172
                ],
                [
                    272,
                    176
                ],
                [
                    273,
                    177
                ],
                [
                    273,
                    180
                ],
                [
                    275,
                    182
                ],
                [
                    275,
                    184
                ],
                [
                    276,
                    184
                ],
                [
                    277,
                    185
                ],
                [
                    278,
                    185
                ],
                [
                    279,
                    186
                ],
                [
                    280,
                    186
                ],
                [
                    281,
                    187
                ],
                [
                    282,
                    187
                ],
                [
                    283,
                    188
                ],
                [
                    284,
                    188
                ],
                [
                    285,
                    189
                ],
                [
                    289,
                    189
                ],
                [
                    290,
                    190
                ],
                [
                    292,
                    190
                ],
                [
                    293,
                    191
                ],
                [
                    295,
                    191
                ],
                [
                    296,
                    192
                ],
                [
                    299,
                    192
                ],
                [
                    300,
                    193
                ],
                [
                    304,
                    193
                ],
                [
                    305,
                    194
                ],
                [
                    308,
                    194
                ],
                [
                    309,
                    195
                ],
                [
                    309,
                    197
                ],
                [
                    310,
                    198
                ],
                [
                    314,
                    198
                ],
                [
                    315,
                    197
                ],
                [
                    315,
                    196
                ],
                [
                    316,
                    195
                ],
                [
                    317,
                    195
                ],
                [
                    318,
                    194
                ],
                [
                    319,
                    194
                ],
                [
                    319,
                    190
                ],
                [
                    320,
                    189
                ],
                [
                    320,
                    188
                ],
                [
                    321,
                    187
                ],
                [
                    321,
                    186
                ],
                [
                    322,
                    185
                ],
                [
                    322,
                    183
                ],
                [
                    323,
                    182
                ],
                [
                    323,
                    178
                ],
                [
                    324,
                    177
                ],
                [
                    324,
                    175
                ],
                [
                    325,
                    174
                ],
                [
                    325,
                    173
                ],
                [
                    326,
                    172
                ],
                [
                    326,
                    170
                ],
                [
                    328,
                    168
                ],
                [
                    328,
                    167
                ],
                [
                    329,
                    166
                ],
                [
                    329,
                    162
                ],
                [
                    327,
                    160
                ],
                [
                    327,
                    158
                ],
                [
                    323,
                    154
                ],
                [
                    323,
                    153
                ],
                [
                    322,
                    152
                ],
                [
                    321,
                    152
                ],
                [
                    319,
                    150
                ],
                [
                    319,
                    149
                ],
                [
                    315,
                    145
                ],
                [
                    315,
                    144
                ],
                [
                    312,
                    144
                ],
                [
                    311,
                    143
                ],
                [
                    310,
                    143
                ],
                [
                    309,
                    144
                ],
                [
                    295,
                    144
                ]
            ],
            "group_id": null,
            "shape_type": "polygon",
            "flags": {}
        },
        {
            "label": "particle",
            "points": [
                [
                    362,
                    144
                ],
                [
                    361,
                    145
                ],
                [
                    361,
                    146
                ],
                [
                    355,
                    152
                ],
                [
                    353,
                    152
                ],
                [
                    353,
                    153
                ],
                [
                    351,
                    155
                ],
                [
                    350,
                    155
                ],
                [
                    349,
                    156
                ],
                [
                    348,
                    156
                ],
                [
                    346,
                    158
                ],
                [
                    345,
                    158
                ],
                [
                    345,
                    159
                ],
                [
                    343,
                    161
                ],
                [
                    342,
                    161
                ],
                [
                    341,
                    162
                ],
                [
                    341,
                    164
                ],
                [
                    340,
                    165
                ],
                [
                    331,
                    165
                ],
                [
                    329,
                    167
                ],
                [
                    329,
                    168
                ],
                [
                    327,
                    170
                ],
                [
                    327,
                    172
                ],
                [
                    326,
                    173
                ],
                [
                    326,
                    175
                ],
                [
                    325,
                    176
                ],
                [
                    325,
                    177
                ],
                [
                    324,
                    178
                ],
                [
                    324,
                    182
                ],
                [
                    323,
                    183
                ],
                [
                    323,
                    185
                ],
                [
                    322,
                    186
                ],
                [
                    322,
                    187
                ],
                [
                    321,
                    188
                ],
                [
                    321,
                    189
                ],
                [
                    320,
                    190
                ],
                [
                    320,
                    196
                ],
                [
                    319,
                    197
                ],
                [
                    319,
                    201
                ],
                [
                    318,
                    202
                ],
                [
                    318,
                    209
                ],
                [
                    319,
                    210
                ],
                [
                    319,
                    211
                ],
                [
                    320,
                    212
                ],
                [
                    320,
                    213
                ],
                [
                    324,
                    217
                ],
                [
                    326,
                    217
                ],
                [
                    327,
                    218
                ],
                [
                    328,
                    218
                ],
                [
                    329,
                    219
                ],
                [
                    333,
                    219
                ],
                [
                    334,
                    220
                ],
                [
                    336,
                    220
                ],
                [
                    337,
                    221
                ],
                [
                    340,
                    221
                ],
                [
                    341,
                    222
                ],
                [
                    344,
                    222
                ],
                [
                    345,
                    223
                ],
                [
                    350,
                    223
                ],
                [
                    351,
                    224
                ],
                [
                    360,
                    224
                ],
                [
                    361,
                    225
                ],
                [
                    366,
                    225
                ],
                [
                    367,
                    226
                ],
                [
                    375,
                    226
                ],
                [
                    376,
                    225
                ],
                [
                    377,
                    225
                ],
                [
                    377,
                    224
                ],
                [
                    378,
                    223
                ],
                [
                    380,
                    223
                ],
                [
                    385,
                    218
                ],
                [
                    386,
                    218
                ],
                [
                    386,
                    216
                ],
                [
                    387,
                    215
                ],
                [
                    387,
                    214
                ],
                [
                    388,
                    213
                ],
                [
                    388,
                    204
                ],
                [
                    387,
                    203
                ],
                [
                    387,
                    196
                ],
                [
                    386,
                    195
                ],
                [
                    386,
                    183
                ],
                [
                    385,
                    182
                ],
                [
                    385,
                    171
                ],
                [
                    384,
                    170
                ],
                [
                    384,
                    169
                ],
                [
                    383,
                    168
                ],
                [
                    383,
                    166
                ],
                [
                    382,
                    165
                ],
                [
                    382,
                    162
                ],
                [
                    380,
                    160
                ],
                [
                    380,
                    159
                ],
                [
                    379,
                    158
                ],
                [
                    379,
                    157
                ],
                [
                    378,
                    156
                ],
                [
                    378,
                    152
                ],
                [
                    377,
                    151
                ],
                [
                    377,
                    148
                ],
                [
                    376,
                    148
                ],
                [
                    374,
                    146
                ],
                [
                    374,
                    145
                ],
                [
                    373,
                    145
                ],
                [
                    372,
                    144
                ]
            ],
            "group_id": null,
            "shape_type": "polygon",
            "flags": {}
        },
        {
            "label": "particle",
            "points": [
                [
                    278,
                    186
                ],
                [
                    277,
                    187
                ],
                [
                    276,
                    187
                ],
                [
                    275,
                    188
                ],
                [
                    274,
                    188
                ],
                [
                    274,
                    189
                ],
                [
                    273,
                    190
                ],
                [
                    271,
                    190
                ],
                [
                    269,
                    192
                ],
                [
                    269,
                    193
                ],
                [
                    268,
                    194
                ],
                [
                    267,
                    194
                ],
                [
                    265,
                    196
                ],
                [
                    265,
                    197
                ],
                [
                    264,
                    198
                ],
                [
                    264,
                    200
                ],
                [
                    263,
                    201
                ],
                [
                    263,
                    202
                ],
                [
                    262,
                    203
                ],
                [
                    262,
                    204
                ],
                [
                    261,
                    205
                ],
                [
                    261,
                    220
                ],
                [
                    262,
                    221
                ],
                [
                    262,
                    223
                ],
                [
                    263,
                    224
                ],
                [
                    263,
                    225
                ],
                [
                    265,
                    227
                ],
                [
                    265,
                    229
                ],
                [
                    267,
                    231
                ],
                [
                    267,
                    232
                ],
                [
                    268,
                    232
                ],
                [
                    269,
                    233
                ],
                [
                    269,
                    235
                ],
                [
                    270,
                    236
                ],
                [
                    272,
                    236
                ],
                [
                    273,
                    237
                ],
                [
                    274,
                    237
                ],
                [
                    275,
                    238
                ],
                [
                    276,
                    238
                ],
                [
                    277,
                    239
                ],
                [
                    280,
                    239
                ],
                [
                    281,
                    240
                ],
                [
                    288,
                    240
                ],
                [
                    289,
                    241
                ],
                [
                    290,
                    241
                ],
                [
                    291,
                    240
                ],
                [
                    298,
                    240
                ],
                [
                    299,
                    239
                ],
                [
                    299,
                    238
                ],
                [
                    301,
                    236
                ],
                [
                    302,
                    236
                ],
                [
                    303,
                    235
                ],
                [
                    303,
                    234
                ],
                [
                    305,
                    232
                ],
                [
                    306,
                    232
                ],
                [
                    308,
                    230
                ],
                [
                    308,
                    229
                ],
                [
                    312,
                    225
                ],
                [
                    312,
                    222
                ],
                [
                    313,
                    221
                ],
                [
                    313,
                    218
                ],
                [
                    314,
                    217
                ],
                [
                    314,
                    215
                ],
                [
                    313,
                    214
                ],
                [
                    313,
                    211
                ],
                [
                    312,
                    210
                ],
                [
                    312,
                    202
                ],
                [
                    311,
                    201
                ],
                [
                    311,
                    200
                ],
                [
                    308,
                    197
                ],
                [
                    308,
                    195
                ],
                [
                    305,
                    195
                ],
                [
                    304,
                    194
                ],
                [
                    300,
                    194
                ],
                [
                    299,
                    193
                ],
                [
                    296,
                    193
                ],
                [
                    295,
                    192
                ],
                [
                    293,
                    192
                ],
                [
                    292,
                    191
                ],
                [
                    290,
                    191
                ],
                [
                    289,
                    190
                ],
                [
                    285,
                    190
                ],
                [
                    284,
                    189
                ],
                [
                    283,
                    189
                ],
                [
                    282,
                    188
                ],
                [
                    281,
                    188
                ],
                [
                    280,
                    187
                ],
                [
                    279,
                    187
                ]
            ],
            "group_id": null,
            "shape_type": "polygon",
            "flags": {}
        },
        {
            "label": "particle",
            "points": [
                [
                    391,
                    214
                ],
                [
                    389,
                    216
                ],
                [
                    389,
                    217
                ],
                [
                    387,
                    219
                ],
                [
                    385,
                    219
                ],
                [
                    380,
                    224
                ],
                [
                    378,
                    224
                ],
                [
                    378,
                    225
                ],
                [
                    377,
                    226
                ],
                [
                    377,
                    229
                ],
                [
                    376,
                    230
                ],
                [
                    376,
                    231
                ],
                [
                    377,
                    232
                ],
                [
                    377,
                    237
                ],
                [
                    378,
                    238
                ],
                [
                    378,
                    239
                ],
                [
                    382,
                    243
                ],
                [
                    383,
                    243
                ],
                [
                    384,
                    244
                ],
                [
                    385,
                    244
                ],
                [
                    387,
                    246
                ],
                [
                    393,
                    246
                ],
                [
                    394,
                    245
                ],
                [
                    396,
                    245
                ],
                [
                    397,
                    244
                ],
                [
                    404,
                    244
                ],
                [
                    405,
                    245
                ],
                [
                    406,
                    244
                ],
                [
                    406,
                    243
                ],
                [
                    407,
                    242
                ],
                [
                    408,
                    242
                ],
                [
                    408,
                    240
                ],
                [
                    409,
                    239
                ],
                [
                    409,
                    238
                ],
                [
                    411,
                    236
                ],
                [
                    411,
                    234
                ],
                [
                    412,
                    233
                ],
                [
                    412,
                    231
                ],
                [
                    413,
                    230
                ],
                [
                    413,
                    224
                ],
                [
                    412,
                    223
                ],
                [
                    412,
                    222
                ],
                [
                    410,
                    220
                ],
                [
                    410,
                    219
                ],
                [
                    407,
                    216
                ],
                [
                    406,
                    216
                ],
                [
                    405,
                    215
                ],
                [
                    404,
                    215
                ],
                [
                    403,
                    214
                ]
            ],
            "group_id": null,
            "shape_type": "polygon",
            "flags": {}
        },
        {
            "label": "particle",
            "points": [
                [
                    397,
                    245
                ],
                [
                    396,
                    246
                ],
                [
                    394,
                    246
                ],
                [
                    393,
                    247
                ],
                [
                    391,
                    247
                ],
                [
                    390,
                    248
                ],
                [
                    388,
                    248
                ],
                [
                    386,
                    250
                ],
                [
                    386,
                    252
                ],
                [
                    385,
                    253
                ],
                [
                    384,
                    253
                ],
                [
                    382,
                    255
                ],
                [
                    382,
                    256
                ],
                [
                    381,
                    257
                ],
                [
                    380,
                    257
                ],
                [
                    379,
                    258
                ],
                [
                    379,
                    259
                ],
                [
                    378,
                    260
                ],
                [
                    378,
                    261
                ],
                [
                    377,
                    262
                ],
                [
                    377,
                    265
                ],
                [
                    376,
                    266
                ],
                [
                    376,
                    268
                ],
                [
                    377,
                    269
                ],
                [
                    377,
                    271
                ],
                [
                    378,
                    272
                ],
                [
                    378,
                    276
                ],
                [
                    379,
                    277
                ],
                [
                    379,
                    278
                ],
                [
                    380,
                    279
                ],
                [
                    381,
                    279
                ],
                [
                    382,
                    280
                ],
                [
                    382,
                    281
                ],
                [
                    385,
                    281
                ],
                [
                    386,
                    282
                ],
                [
                    391,
                    282
                ],
                [
                    392,
                    281
                ],
                [
                    394,
                    281
                ],
                [
                    395,
                    280
                ],
                [
                    396,
                    280
                ],
                [
                    397,
                    279
                ],
                [
                    399,
                    279
                ],
                [
                    400,
                    278
                ],
                [
                    401,
                    278
                ],
                [
                    402,
                    277
                ],
                [
                    403,
                    277
                ],
                [
                    405,
                    275
                ],
                [
                    407,
                    275
                ],
                [
                    407,
                    273
                ],
                [
                    410,
                    270
                ],
                [
                    411,
                    270
                ],
                [
                    411,
                    267
                ],
                [
                    413,
                    265
                ],
                [
                    413,
                    264
                ],
                [
                    414,
                    263
                ],
                [
                    414,
                    262
                ],
                [
                    415,
                    261
                ],
                [
                    415,
                    253
                ],
                [
                    411,
                    249
                ],
                [
                    411,
                    248
                ],
                [
                    410,
                    248
                ],
                [
                    409,
                    247
                ],
                [
                    408,
                    247
                ],
                [
                    407,
                    246
                ],
                [
                    405,
                    246
                ],
                [
                    404,
                    245
                ]
            ],
            "group_id": null,
            "shape_type": "polygon",
            "flags": {}
        }
    ],
    "imagePath": "",
    "imageData": null,
    "imageHeight": 512,
    "imageWidth": 512
}