{
    "version": "4.5.6",
    "flags": {},
    "shapes": [
        {
            "label": "particle",
            "points": [
                [
                    90,
                    197
                ],
                [
                    89,
                    198
                ],
                [
                    88,
                    198
                ],
                [
                    88,
                    199
                ],
                [
                    86,
                    201
                ],
                [
                    85,
                    201
                ],
                [
                    84,
                    202
                ],
                [
                    84,
                    203
                ],
                [
                    82,
                    205
                ],
                [
                    80,
                    205
                ],
                [
                    80,
                    206
                ],
                [
                    75,
                    211
                ],
                [
                    71,
                    211
                ],
                [
                    70,
                    212
                ],
                [
                    67,
                    212
                ],
                [
                    66,
                    213
                ],
                [
                    64,
                    213
                ],
                [
                    63,
                    214
                ],
                [
                    63,
                    215
                ],
                [
                    61,
                    217
                ],
                [
                    61,
                    222
                ],
                [
                    60,
                    223
                ],
                [
                    60,
                    227
                ],
                [
                    59,
                    228
                ],
                [
                    59,
                    233
                ],
                [
                    55,
                    237
                ],
                [
                    55,
                    238
                ],
                [
                    51,
                    242
                ],
                [
                    51,
                    243
                ],
                [
                    47,
                    247
                ],
                [
                    47,
                    248
                ],
                [
                    46,
                    249
                ],
                [
                    46,
                    250
                ],
                [
                    45,
                    251
                ],
                [
                    44,
                    251
                ],
                [
                    44,
                    252
                ],
                [
                    43,
                    253
                ],
                [
                    43,
                    259
                ],
                [
                    44,
                    260
                ],
                [
                    44,
                    262
                ],
                [
                    45,
                    263
                ],
                [
                    45,
                    264
                ],
                [
                    47,
                    266
                ],
                [
                    47,
                    267
                ],
                [
                    48,
                    268
                ],
                [
                    49,
                    268
                ],
                [
                    51,
                    270
                ],
                [
                    51,
                    271
                ],
                [
                    52,
                    272
                ],
                [
                    53,
                    272
                ],
                [
                    57,
                    276
                ],
                [
                    58,
                    276
                ],
                [
                    60,
                    278
                ],
                [
                    63,
                    278
                ],
                [
                    64,
                    277
                ],
                [
                    65,
                    277
                ],
                [
                    68,
                    280
                ],
                [
                    70,
                    280
                ],
                [
                    72,
                    282
                ],
                [
                    73,
                    282
                ],
                [
                    75,
                    284
                ],
                [
                    90,
                    284
                ],
                [
                    91,
                    283
                ],
                [
                    93,
                    283
                ],
                [
                    94,
                    282
                ],
                [
                    95,
                    282
                ],
                [
                    97,
                    280
                ],
                [
                    110,
                    280
                ],
                [
                    111,
                    281
                ],
                [
                    113,
                    281
                ],
                [
                    113,
                    279
                ],
                [
                    114,
                    278
                ],
                [
                    116,
                    278
                ],
                [
                    116,
                    277
                ],
                [
                    117,
                    276
                ],
                [
                    117,
                    268
                ],
                [
                    116,
                    267
                ],
                [
                    118,
                    265
                ],
                [
                    119,
                    265
                ],
                [
                    120,
                    264
                ],
                [
                    121,
                    264
                ],
                [
                    122,
                    263
                ],
                [
                    123,
                    263
                ],
                [
                    124,
                    262
                ],
                [
                    124,
                    261
                ],
                [
                    125,
                    260
                ],
                [
                    125,
                    256
                ],
                [
                    126,
                    255
                ],
                [
                    126,
                    254
                ],
                [
                    127,
                    253
                ],
                [
                    127,
                    249
                ],
                [
                    126,
                    248
                ],
                [
                    126,
                    246
                ],
                [
                    125,
                    245
                ],
                [
                    125,
                    239
                ],
                [
                    121,
                    235
                ],
                [
                    121,
                    234
                ],
                [
                    120,
                    233
                ],
                [
                    120,
                    232
                ],
                [
                    117,
                    229
                ],
                [
                    117,
                    228
                ],
                [
                    116,
                    227
                ],
                [
                    116,
                    226
                ],
                [
                    115,
                    226
                ],
                [
                    114,
                    225
                ],
                [
                    114,
                    224
                ],
                [
                    113,
                    223
                ],
                [
                    113,
                    222
                ],
                [
                    112,
                    221
                ],
                [
                    112,
                    220
                ],
                [
                    110,
                    218
                ],
                [
                    110,
                    217
                ],
                [
                    109,
                    216
                ],
                [
                    109,
                    215
                ],
                [
                    108,
                    214
                ],
                [
                    108,
                    213
                ],
                [
                    106,
                    211
                ],
                [
                    106,
                    210
                ],
                [
                    105,
                    209
                ],
                [
                    105,
                    208
                ],
                [
                    104,
                    207
                ],
                [
                    104,
                    206
                ],
                [
                    102,
                    204
                ],
                [
                    102,
                    203
                ],
                [
                    100,
                    201
                ],
                [
                    100,
                    199
                ],
                [
                    99,
                    198
                ],
                [
                    99,
                    197
                ]
            ],
            "group_id": null,
            "shape_type": "polygon",
            "flags": {}
        },
        {
            "label": "particle",
            "points": [
                [
                    120,
                    277
                ],
                [
                    119,
                    278
                ],
                [
                    118,
                    278
                ],
                [
                    117,
                    279
                ],
                [
                    114,
                    279
                ],
                [
                    114,
                    282
                ],
                [
                    116,
                    284
                ],
                [
                    116,
                    286
                ],
                [
                    115,
                    287
                ],
                [
                    107,
                    287
                ],
                [
                    106,
                    288
                ],
                [
                    99,
                    288
                ],
                [
                    98,
                    289
                ],
                [
                    97,
                    289
                ],
                [
                    96,
                    290
                ],
                [
                    95,
                    290
                ],
                [
                    94,
                    291
                ],
                [
                    92,
                    291
                ],
                [
                    91,
                    292
                ],
                [
                    89,
                    292
                ],
                [
                    88,
                    293
                ],
                [
                    87,
                    293
                ],
                [
                    84,
                    296
                ],
                [
                    84,
                    300
                ],
                [
                    86,
                    300
                ],
                [
                    88,
                    302
                ],
                [
                    89,
                    302
                ],
                [
                    90,
                    303
                ],
                [
                    91,
                    303
                ],
                [
                    92,
                    304
                ],
                [
                    94,
                    304
                ],
                [
                    96,
                    306
                ],
                [
                    97,
                    306
                ],
                [
                    98,
                    307
                ],
                [
                    99,
                    307
                ],
                [
                    100,
                    308
                ],
                [
                    101,
                    308
                ],
                [
                    102,
                    309
                ],
                [
                    102,
                    312
                ],
                [
                    103,
                    313
                ],
                [
                    103,
                    315
                ],
                [
                    104,
                    316
                ],
                [
                    104,
                    319
                ],
                [
                    105,
                    320
                ],
                [
                    105,
                    321
                ],
                [
                    106,
                    322
                ],
                [
                    105,
                    323
                ],
                [
                    105,
                    327
                ],
                [
                    104,
                    328
                ],
                [
                    104,
                    335
                ],
                [
                    105,
                    336
                ],
                [
                    105,
                    339
                ],
                [
                    106,
                    340
                ],
                [
                    107,
                    340
                ],
                [
                    109,
                    342
                ],
                [
                    112,
                    342
                ],
                [
                    113,
                    343
                ],
                [
                    114,
                    343
                ],
                [
                    116,
                    345
                ],
                [
                    132,
                    345
                ],
                [
                    133,
                    346
                ],
                [
                    136,
                    346
                ],
                [
                    137,
                    347
                ],
                [
                    137,
                    348
                ],
                [
                    138,
                    349
                ],
                [
                    138,
                    351
                ],
                [
                    143,
                    351
                ],
                [
                    144,
                    352
                ],
                [
                    157,
                    352
                ],
                [
                    158,
                    351
                ],
                [
                    159,
                    351
                ],
                [
                    160,
                    350
                ],
                [
                    161,
                    350
                ],
                [
                    162,
                    349
                ],
                [
                    162,
                    348
                ],
                [
                    164,
                    346
                ],
                [
                    166,
                    346
                ],
                [
                    166,
                    345
                ],
                [
                    170,
                    341
                ],
                [
                    170,
                    338
                ],
                [
                    173,
                    335
                ],
                [
                    173,
                    334
                ],
                [
                    174,
                    333
                ],
                [
                    174,
                    321
                ],
                [
                    173,
                    321
                ],
                [
                    170,
                    318
                ],
                [
                    170,
                    316
                ],
                [
                    169,
                    316
                ],
                [
                    167,
                    314
                ],
                [
                    167,
                    313
                ],
                [
                    165,
                    311
                ],
                [
                    166,
                    310
                ],
                [
                    168,
                    310
                ],
                [
                    169,
                    309
                ],
                [
                    170,
                    309
                ],
                [
                    171,
                    308
                ],
                [
                    172,
                    308
                ],
                [
                    173,
                    307
                ],
                [
                    173,
                    305
                ],
                [
                    174,
                    304
                ],
                [
                    174,
                    302
                ],
                [
                    173,
                    301
                ],
                [
                    173,
                    300
                ],
                [
                    171,
                    300
                ],
                [
                    170,
                    299
                ],
                [
                    167,
                    299
                ],
                [
                    166,
                    298
                ],
                [
                    163,
                    298
                ],
                [
                    161,
                    296
                ],
                [
                    161,
                    295
                ],
                [
                    160,
                    294
                ],
                [
                    160,
                    288
                ],
                [
                    159,
                    287
                ],
                [
                    159,
                    283
                ],
                [
                    158,
                    282
                ],
                [
                    158,
                    278
                ],
                [
                    146,
                    278
                ],
                [
                    145,
                    279
                ],
                [
                    144,
                    279
                ],
                [
                    143,
                    280
                ],
                [
                    142,
                    280
                ],
                [
                    139,
                    283
                ],
                [
                    138,
                    283
                ],
                [
                    137,
                    282
                ],
                [
                    137,
                    281
                ],
                [
                    135,
                    279
                ],
                [
                    132,
                    279
                ],
                [
                    131,
                    278
                ],
                [
                    126,
                    278
                ],
                [
                    125,
                    277
                ]
            ],
            "group_id": null,
            "shape_type": "polygon",
            "flags": {}
        },
        {
            "label": "particle",
            "points": [
                [
                    245,
                    132
                ],
                [
                    244,
                    133
                ],
                [
                    237,
                    133
                ],
                [
                    236,
                    134
                ],
                [
                    235,
                    134
                ],
                [
                    234,
                    135
                ],
                [
                    233,
                    135
                ],
                [
                    232,
                    136
                ],
                [
                    229,
                    136
                ],
                [
                    228,
                    137
                ],
                [
                    227,
                    137
                ],
                [
                    226,
                    138
                ],
                [
                    217,
                    138
                ],
                [
                    216,
                    137
                ],
                [
                    216,
                    136
                ],
                [
                    215,
                    135
                ],
                [
                    214,
                    135
                ],
                [
                    213,
                    134
                ],
                [
                    212,
                    134
                ],
                [
                    211,
                    135
                ],
                [
                    207,
                    135
                ],
                [
                    206,
                    136
                ],
                [
                    204,
                    136
                ],
                [
                    203,
                    135
                ],
                [
                    195,
                    135
                ],
                [
                    194,
                    134
                ],
                [
                    192,
                    134
                ],
                [
                    188,
                    138
                ],
                [
                    187,
                    138
                ],
                [
                    186,
                    139
                ],
                [
                    186,
                    144
                ],
                [
                    185,
                    145
                ],
                [
                    185,
                    148
                ],
                [
                    186,
                    149
                ],
                [
                    186,
                    153
                ],
                [
                    187,
                    154
                ],
                [
                    187,
                    156
                ],
                [
                    186,
                    157
                ],
                [
                    186,
                    163
                ],
                [
                    185,
                    164
                ],
                [
                    185,
                    180
                ],
                [
                    186,
                    181
                ],
                [
                    186,
                    183
                ],
                [
                    188,
                    185
                ],
                [
                    188,
                    186
                ],
                [
                    190,
                    188
                ],
                [
                    190,
                    189
                ],
                [
                    192,
                    191
                ],
                [
                    193,
                    191
                ],
                [
                    194,
                    192
                ],
                [
                    194,
                    193
                ],
                [
                    195,
                    194
                ],
                [
                    196,
                    194
                ],
                [
                    197,
                    195
                ],
                [
                    198,
                    195
                ],
                [
                    199,
                    196
                ],
                [
                    199,
                    197
                ],
                [
                    201,
                    199
                ],
                [
                    202,
                    199
                ],
                [
                    203,
                    200
                ],
                [
                    210,
                    200
                ],
                [
                    211,
                    201
                ],
                [
                    229,
                    201
                ],
                [
                    230,
                    200
                ],
                [
                    232,
                    200
                ],
                [
                    234,
                    198
                ],
                [
                    235,
                    198
                ],
                [
                    236,
                    197
                ],
                [
                    237,
                    197
                ],
                [
                    239,
                    195
                ],
                [
                    240,
                    195
                ],
                [
                    240,
                    194
                ],
                [
                    241,
                    193
                ],
                [
                    241,
                    192
                ],
                [
                    242,
                    191
                ],
                [
                    242,
                    190
                ],
                [
                    243,
                    189
                ],
                [
                    242,
                    188
                ],
                [
                    242,
                    187
                ],
                [
                    241,
                    186
                ],
                [
                    241,
                    184
                ],
                [
                    242,
                    183
                ],
                [
                    250,
                    183
                ],
                [
                    250,
                    180
                ],
                [
                    251,
                    179
                ],
                [
                    251,
                    178
                ],
                [
                    250,
                    177
                ],
                [
                    250,
                    175
                ],
                [
                    247,
                    172
                ],
                [
                    247,
                    171
                ],
                [
                    246,
                    171
                ],
                [
                    245,
                    170
                ],
                [
                    245,
                    168
                ],
                [
                    241,
                    164
                ],
                [
                    241,
                    163
                ],
                [
                    238,
                    160
                ],
                [
                    238,
                    159
                ],
                [
                    239,
                    158
                ],
                [
                    240,
                    158
                ],
                [
                    240,
                    157
                ],
                [
                    241,
                    156
                ],
                [
                    241,
                    155
                ],
                [
                    250,
                    146
                ],
                [
                    250,
                    143
                ],
                [
                    251,
                    142
                ],
                [
                    251,
                    139
                ],
                [
                    250,
                    138
                ],
                [
                    250,
                    133
                ],
                [
                    246,
                    133
                ]
            ],
            "group_id": null,
            "shape_type": "polygon",
            "flags": {}
        },
        {
            "label": "particle",
            "points": [
                [
                    357,
                    101
                ],
                [
                    354,
                    104
                ],
                [
                    353,
                    104
                ],
                [
                    353,
                    105
                ],
                [
                    352,
                    106
                ],
                [
                    351,
                    106
                ],
                [
                    344,
                    113
                ],
                [
                    344,
                    137
                ],
                [
                    345,
                    137
                ],
                [
                    348,
                    140
                ],
                [
                    349,
                    140
                ],
                [
                    354,
                    145
                ],
                [
                    357,
                    145
                ],
                [
                    358,
                    146
                ],
                [
                    360,
                    146
                ],
                [
                    361,
                    147
                ],
                [
                    362,
                    146
                ],
                [
                    364,
                    146
                ],
                [
                    365,
                    145
                ],
                [
                    367,
                    145
                ],
                [
                    369,
                    143
                ],
                [
                    370,
                    143
                ],
                [
                    370,
                    142
                ],
                [
                    371,
                    141
                ],
                [
                    372,
                    141
                ],
                [
                    373,
                    140
                ],
                [
                    374,
                    140
                ],
                [
                    376,
                    138
                ],
                [
                    377,
                    138
                ],
                [
                    378,
                    137
                ],
                [
                    378,
                    136
                ],
                [
                    381,
                    133
                ],
                [
                    381,
                    128
                ],
                [
                    382,
                    127
                ],
                [
                    382,
                    119
                ],
                [
                    383,
                    118
                ],
                [
                    382,
                    117
                ],
                [
                    382,
                    116
                ],
                [
                    381,
                    115
                ],
                [
                    381,
                    114
                ],
                [
                    379,
                    112
                ],
                [
                    379,
                    111
                ],
                [
                    378,
                    110
                ],
                [
                    378,
                    109
                ],
                [
                    376,
                    107
                ],
                [
                    375,
                    107
                ],
                [
                    374,
                    106
                ],
                [
                    373,
                    106
                ],
                [
                    370,
                    103
                ],
                [
                    368,
                    103
                ],
                [
                    367,
                    102
                ],
                [
                    365,
                    102
                ],
                [
                    364,
                    101
                ]
            ],
            "group_id": null,
            "shape_type": "polygon",
            "flags": {}
        },
        {
            "label": "particle",
            "points": [
                [
                    289,
                    224
                ],
                [
                    288,
                    225
                ],
                [
                    285,
                    225
                ],
                [
                    285,
                    226
                ],
                [
                    283,
                    228
                ],
                [
                    283,
                    230
                ],
                [
                    281,
                    232
                ],
                [
                    281,
                    235
                ],
                [
                    280,
                    236
                ],
                [
                    280,
                    240
                ],
                [
                    279,
                    241
                ],
                [
                    279,
                    243
                ],
                [
                    278,
                    244
                ],
                [
                    278,
                    246
                ],
                [
                    275,
                    249
                ],
                [
                    274,
                    249
                ],
                [
                    274,
                    250
                ],
                [
                    273,
                    251
                ],
                [
                    273,
                    252
                ],
                [
                    272,
                    253
                ],
                [
                    271,
                    253
                ],
                [
                    270,
                    254
                ],
                [
                    270,
                    255
                ],
                [
                    268,
                    257
                ],
                [
                    267,
                    257
                ],
                [
                    266,
                    258
                ],
                [
                    266,
                    260
                ],
                [
                    265,
                    261
                ],
                [
                    264,
                    261
                ],
                [
                    262,
                    263
                ],
                [
                    262,
                    267
                ],
                [
                    263,
                    268
                ],
                [
                    263,
                    273
                ],
                [
                    264,
                    274
                ],
                [
                    264,
                    275
                ],
                [
                    265,
                    276
                ],
                [
                    265,
                    278
                ],
                [
                    266,
                    279
                ],
                [
                    266,
                    281
                ],
                [
                    268,
                    283
                ],
                [
                    268,
                    284
                ],
                [
                    269,
                    284
                ],
                [
                    270,
                    285
                ],
                [
                    270,
                    286
                ],
                [
                    271,
                    286
                ],
                [
                    274,
                    289
                ],
                [
                    274,
                    290
                ],
                [
                    275,
                    290
                ],
                [
                    277,
                    292
                ],
                [
                    277,
                    295
                ],
                [
                    278,
                    296
                ],
                [
                    278,
                    302
                ],
                [
                    279,
                    303
                ],
                [
                    279,
                    305
                ],
                [
                    280,
                    306
                ],
                [
                    280,
                    307
                ],
                [
                    281,
                    307
                ],
                [
                    282,
                    308
                ],
                [
                    282,
                    309
                ],
                [
                    283,
                    310
                ],
                [
                    283,
                    311
                ],
                [
                    287,
                    311
                ],
                [
                    288,
                    312
                ],
                [
                    294,
                    312
                ],
                [
                    295,
                    313
                ],
                [
                    301,
                    313
                ],
                [
                    303,
                    315
                ],
                [
                    305,
                    315
                ],
                [
                    307,
                    317
                ],
                [
                    308,
                    317
                ],
                [
                    309,
                    318
                ],
                [
                    310,
                    318
                ],
                [
                    311,
                    319
                ],
                [
                    312,
                    319
                ],
                [
                    313,
                    320
                ],
                [
                    314,
                    320
                ],
                [
                    316,
                    322
                ],
                [
                    317,
                    322
                ],
                [
                    318,
                    323
                ],
                [
                    326,
                    323
                ],
                [
                    327,
                    322
                ],
                [
                    328,
                    322
                ],
                [
                    328,
                    321
                ],
                [
                    330,
                    319
                ],
                [
                    332,
                    319
                ],
                [
                    332,
                    318
                ],
                [
                    334,
                    316
                ],
                [
                    334,
                    312
                ],
                [
                    335,
                    311
                ],
                [
                    335,
                    309
                ],
                [
                    334,
                    308
                ],
                [
                    334,
                    307
                ],
                [
                    333,
                    306
                ],
                [
                    333,
                    304
                ],
                [
                    332,
                    303
                ],
                [
                    332,
                    299
                ],
                [
                    333,
                    298
                ],
                [
                    333,
                    297
                ],
                [
                    336,
                    294
                ],
                [
                    336,
                    293
                ],
                [
                    339,
                    290
                ],
                [
                    339,
                    289
                ],
                [
                    338,
                    288
                ],
                [
                    338,
                    287
                ],
                [
                    336,
                    285
                ],
                [
                    336,
                    282
                ],
                [
                    334,
                    280
                ],
                [
                    334,
                    279
                ],
                [
                    332,
                    277
                ],
                [
                    332,
                    275
                ],
                [
                    336,
                    271
                ],
                [
                    336,
                    270
                ],
                [
                    337,
                    269
                ],
                [
                    337,
                    268
                ],
                [
                    340,
                    265
                ],
                [
                    340,
                    259
                ],
                [
                    339,
                    258
                ],
                [
                    339,
                    256
                ],
                [
                    337,
                    254
                ],
                [
                    337,
                    253
                ],
                [
                    336,
                    252
                ],
                [
                    336,
                    251
                ],
                [
                    332,
                    247
                ],
                [
                    332,
                    245
                ],
                [
                    328,
                    241
                ],
                [
                    328,
                    240
                ],
                [
                    327,
                    239
                ],
                [
                    327,
                    238
                ],
                [
                    324,
                    235
                ],
                [
                    324,
                    233
                ],
                [
                    322,
                    231
                ],
                [
                    321,
                    231
                ],
                [
                    319,
                    229
                ],
                [
                    318,
                    229
                ],
                [
                    317,
                    228
                ],
                [
                    315,
                    228
                ],
                [
                    314,
                    227
                ],
                [
                    311,
                    227
                ],
                [
                    310,
                    226
                ],
                [
                    307,
                    226
                ],
                [
                    306,
                    225
                ],
                [
                    303,
                    225
                ],
                [
                    302,
                    224
                ]
            ],
            "group_id": null,
            "shape_type": "polygon",
            "flags": {}
        },
        {
            "label": "particle",
            "points": [
                [
                    449,
                    188
                ],
                [
                    449,
                    189
                ],
                [
                    447,
                    191
                ],
                [
                    446,
                    191
                ],
                [
                    443,
                    194
                ],
                [
                    442,
                    194
                ],
                [
                    441,
                    195
                ],
                [
                    441,
                    196
                ],
                [
                    440,
                    197
                ],
                [
                    437,
                    197
                ],
                [
                    436,
                    198
                ],
                [
                    425,
                    198
                ],
                [
                    425,
                    199
                ],
                [
                    423,
                    201
                ],
                [
                    423,
                    202
                ],
                [
                    420,
                    205
                ],
                [
                    420,
                    206
                ],
                [
                    417,
                    209
                ],
                [
                    416,
                    209
                ],
                [
                    414,
                    211
                ],
                [
                    413,
                    211
                ],
                [
                    411,
                    213
                ],
                [
                    404,
                    213
                ],
                [
                    403,
                    214
                ],
                [
                    398,
                    214
                ],
                [
                    398,
                    215
                ],
                [
                    397,
                    216
                ],
                [
                    397,
                    219
                ],
                [
                    396,
                    220
                ],
                [
                    396,
                    221
                ],
                [
                    397,
                    222
                ],
                [
                    397,
                    223
                ],
                [
                    399,
                    225
                ],
                [
                    399,
                    228
                ],
                [
                    398,
                    229
                ],
                [
                    398,
                    234
                ],
                [
                    399,
                    235
                ],
                [
                    399,
                    241
                ],
                [
                    398,
                    242
                ],
                [
                    398,
                    243
                ],
                [
                    397,
                    244
                ],
                [
                    397,
                    245
                ],
                [
                    395,
                    247
                ],
                [
                    395,
                    248
                ],
                [
                    396,
                    249
                ],
                [
                    396,
                    251
                ],
                [
                    397,
                    252
                ],
                [
                    397,
                    254
                ],
                [
                    398,
                    255
                ],
                [
                    398,
                    257
                ],
                [
                    399,
                    258
                ],
                [
                    399,
                    262
                ],
                [
                    402,
                    265
                ],
                [
                    402,
                    266
                ],
                [
                    403,
                    266
                ],
                [
                    404,
                    267
                ],
                [
                    404,
                    269
                ],
                [
                    405,
                    270
                ],
                [
                    405,
                    271
                ],
                [
                    406,
                    271
                ],
                [
                    407,
                    272
                ],
                [
                    407,
                    273
                ],
                [
                    408,
                    274
                ],
                [
                    408,
                    275
                ],
                [
                    412,
                    279
                ],
                [
                    414,
                    279
                ],
                [
                    418,
                    283
                ],
                [
                    421,
                    283
                ],
                [
                    422,
                    284
                ],
                [
                    423,
                    284
                ],
                [
                    424,
                    285
                ],
                [
                    430,
                    285
                ],
                [
                    432,
                    283
                ],
                [
                    433,
                    283
                ],
                [
                    433,
                    282
                ],
                [
                    435,
                    280
                ],
                [
                    436,
                    280
                ],
                [
                    439,
                    277
                ],
                [
                    441,
                    279
                ],
                [
                    444,
                    279
                ],
                [
                    445,
                    280
                ],
                [
                    450,
                    280
                ],
                [
                    451,
                    279
                ],
                [
                    452,
                    279
                ],
                [
                    453,
                    278
                ],
                [
                    453,
                    277
                ],
                [
                    455,
                    275
                ],
                [
                    456,
                    275
                ],
                [
                    457,
                    274
                ],
                [
                    457,
                    273
                ],
                [
                    459,
                    271
                ],
                [
                    460,
                    271
                ],
                [
                    463,
                    268
                ],
                [
                    464,
                    268
                ],
                [
                    466,
                    266
                ],
                [
                    468,
                    266
                ],
                [
                    469,
                    265
                ],
                [
                    470,
                    265
                ],
                [
                    470,
                    264
                ],
                [
                    471,
                    263
                ],
                [
                    472,
                    263
                ],
                [
                    473,
                    262
                ],
                [
                    476,
                    262
                ],
                [
                    477,
                    261
                ],
                [
                    479,
                    261
                ],
                [
                    480,
                    260
                ],
                [
                    482,
                    260
                ],
                [
                    483,
                    259
                ],
                [
                    484,
                    259
                ],
                [
                    485,
                    258
                ],
                [
                    488,
                    258
                ],
                [
                    491,
                    255
                ],
                [
                    491,
                    254
                ],
                [
                    495,
                    250
                ],
                [
                    495,
                    246
                ],
                [
                    494,
                    245
                ],
                [
                    494,
                    242
                ],
                [
                    493,
                    241
                ],
                [
                    493,
                    239
                ],
                [
                    492,
                    238
                ],
                [
                    489,
                    238
                ],
                [
                    488,
                    237
                ],
                [
                    487,
                    237
                ],
                [
                    486,
                    236
                ],
                [
                    483,
                    236
                ],
                [
                    482,
                    235
                ],
                [
                    481,
                    235
                ],
                [
                    480,
                    234
                ],
                [
                    482,
                    232
                ],
                [
                    482,
                    231
                ],
                [
                    484,
                    229
                ],
                [
                    482,
                    227
                ],
                [
                    482,
                    225
                ],
                [
                    481,
                    224
                ],
                [
                    480,
                    224
                ],
                [
                    477,
                    221
                ],
                [
                    476,
                    221
                ],
                [
                    470,
                    215
                ],
                [
                    470,
                    214
                ],
                [
                    466,
                    210
                ],
                [
                    466,
                    205
                ],
                [
                    465,
                    204
                ],
                [
                    465,
                    201
                ],
                [
                    463,
                    199
                ],
                [
                    463,
                    198
                ],
                [
                    462,
                    197
                ],
                [
                    462,
                    195
                ],
                [
                    461,
                    194
                ],
                [
                    461,
                    193
                ],
                [
                    459,
                    191
                ],
                [
                    459,
                    190
                ],
                [
                    457,
                    188
                ]
            ],
            "group_id": null,
            "shape_type": "polygon",
            "flags": {}
        },
        {
            "label": "particle",
            "points": [
                [
                    252,
                    359
                ],
                [
                    245,
                    366
                ],
                [
                    245,
                    367
                ],
                [
                    244,
                    368
                ],
                [
                    244,
                    370
                ],
                [
                    243,
                    371
                ],
                [
                    243,
                    372
                ],
                [
                    242,
                    373
                ],
                [
                    242,
                    375
                ],
                [
                    241,
                    376
                ],
                [
                    241,
                    380
                ],
                [
                    240,
                    381
                ],
                [
                    240,
                    383
                ],
                [
                    239,
                    384
                ],
                [
                    236,
                    384
                ],
                [
                    235,
                    385
                ],
                [
                    233,
                    385
                ],
                [
                    232,
                    386
                ],
                [
                    219,
                    386
                ],
                [
                    218,
                    387
                ],
                [
                    217,
                    387
                ],
                [
                    217,
                    394
                ],
                [
                    216,
                    395
                ],
                [
                    216,
                    400
                ],
                [
                    215,
                    401
                ],
                [
                    212,
                    401
                ],
                [
                    212,
                    402
                ],
                [
                    211,
                    403
                ],
                [
                    211,
                    404
                ],
                [
                    210,
                    405
                ],
                [
                    210,
                    407
                ],
                [
                    209,
                    408
                ],
                [
                    209,
                    409
                ],
                [
                    208,
                    410
                ],
                [
                    208,
                    419
                ],
                [
                    209,
                    420
                ],
                [
                    209,
                    421
                ],
                [
                    210,
                    421
                ],
                [
                    212,
                    423
                ],
                [
                    212,
                    424
                ],
                [
                    215,
                    427
                ],
                [
                    215,
                    429
                ],
                [
                    213,
                    431
                ],
                [
                    213,
                    432
                ],
                [
                    212,
                    433
                ],
                [
                    212,
                    435
                ],
                [
                    211,
                    436
                ],
                [
                    211,
                    437
                ],
                [
                    209,
                    439
                ],
                [
                    209,
                    446
                ],
                [
                    210,
                    447
                ],
                [
                    211,
                    447
                ],
                [
                    212,
                    448
                ],
                [
                    212,
                    449
                ],
                [
                    220,
                    449
                ],
                [
                    222,
                    447
                ],
                [
                    223,
                    447
                ],
                [
                    224,
                    446
                ],
                [
                    226,
                    446
                ],
                [
                    227,
                    445
                ],
                [
                    228,
                    446
                ],
                [
                    228,
                    451
                ],
                [
                    231,
                    454
                ],
                [
                    235,
                    454
                ],
                [
                    236,
                    455
                ],
                [
                    244,
                    455
                ],
                [
                    245,
                    454
                ],
                [
                    249,
                    454
                ],
                [
                    250,
                    453
                ],
                [
                    252,
                    453
                ],
                [
                    253,
                    452
                ],
                [
                    254,
                    452
                ],
                [
                    255,
                    451
                ],
                [
                    257,
                    451
                ],
                [
                    258,
                    450
                ],
                [
                    262,
                    450
                ],
                [
                    263,
                    449
                ],
                [
                    264,
                    450
                ],
                [
                    273,
                    450
                ],
                [
                    275,
                    452
                ],
                [
                    276,
                    452
                ],
                [
                    278,
                    454
                ],
                [
                    281,
                    454
                ],
                [
                    282,
                    455
                ],
                [
                    285,
                    455
                ],
                [
                    286,
                    456
                ],
                [
                    288,
                    456
                ],
                [
                    289,
                    457
                ],
                [
                    290,
                    457
                ],
                [
                    292,
                    455
                ],
                [
                    292,
                    449
                ],
                [
                    291,
                    448
                ],
                [
                    291,
                    447
                ],
                [
                    288,
                    444
                ],
                [
                    287,
                    444
                ],
                [
                    286,
                    443
                ],
                [
                    286,
                    442
                ],
                [
                    284,
                    442
                ],
                [
                    282,
                    440
                ],
                [
                    282,
                    439
                ],
                [
                    281,
                    439
                ],
                [
                    280,
                    438
                ],
                [
                    279,
                    438
                ],
                [
                    276,
                    435
                ],
                [
                    276,
                    432
                ],
                [
                    277,
                    431
                ],
                [
                    277,
                    427
                ],
                [
                    276,
                    426
                ],
                [
                    276,
                    424
                ],
                [
                    279,
                    421
                ],
                [
                    281,
                    421
                ],
                [
                    285,
                    417
                ],
                [
                    286,
                    417
                ],
                [
                    286,
                    416
                ],
                [
                    290,
                    412
                ],
                [
                    290,
                    410
                ],
                [
                    291,
                    409
                ],
                [
                    291,
                    408
                ],
                [
                    292,
                    407
                ],
                [
                    292,
                    401
                ],
                [
                    290,
                    399
                ],
                [
                    290,
                    397
                ],
                [
                    289,
                    396
                ],
                [
                    288,
                    396
                ],
                [
                    287,
                    395
                ],
                [
                    286,
                    395
                ],
                [
                    285,
                    394
                ],
                [
                    283,
                    394
                ],
                [
                    282,
                    393
                ],
                [
                    271,
                    393
                ],
                [
                    270,
                    392
                ],
                [
                    270,
                    387
                ],
                [
                    269,
                    386
                ],
                [
                    268,
                    386
                ],
                [
                    266,
                    384
                ],
                [
                    265,
                    384
                ],
                [
                    264,
                    383
                ],
                [
                    264,
                    382
                ],
                [
                    265,
                    381
                ],
                [
                    265,
                    380
                ],
                [
                    266,
                    379
                ],
                [
                    266,
                    376
                ],
                [
                    267,
                    375
                ],
                [
                    267,
                    374
                ],
                [
                    268,
                    373
                ],
                [
                    268,
                    365
                ],
                [
                    267,
                    364
                ],
                [
                    267,
                    363
                ],
                [
                    265,
                    361
                ],
                [
                    264,
                    361
                ],
                [
                    263,
                    360
                ],
                [
                    262,
                    360
                ],
                [
                    261,
                    359
                ]
            ],
            "group_id": null,
            "shape_type": "polygon",
            "flags": {}
        }
    ],
    "imagePath": "",
    "imageData": null,
    "imageHeight": 512,
    "imageWidth": 557
}