{
    "version": "4.5.6",
    "flags": {},
    "shapes": [
        {
            "label": "particle",
            "points": [
                [
                    217,
                    0
                ],
                [
                    210,
                    7
                ],
                [
                    210,
                    8
                ],
                [
                    207,
                    11
                ],
                [
                    206,
                    11
                ],
                [
                    206,
                    12
                ],
                [
                    203,
                    15
                ],
                [
                    202,
                    15
                ],
                [
                    202,
                    16
                ],
                [
                    201,
                    17
                ],
                [
                    200,
                    17
                ],
                [
                    199,
                    18
                ],
                [
                    198,
                    18
                ],
                [
                    197,
                    19
                ],
                [
                    196,
                    19
                ],
                [
                    193,
                    22
                ],
                [
                    192,
                    22
                ],
                [
                    191,
                    23
                ],
                [
                    190,
                    23
                ],
                [
                    188,
                    25
                ],
                [
                    187,
                    25
                ],
                [
                    185,
                    27
                ],
                [
                    182,
                    27
                ],
                [
                    180,
                    29
                ],
                [
                    179,
                    29
                ],
                [
                    177,
                    31
                ],
                [
                    174,
                    31
                ],
                [
                    172,
                    33
                ],
                [
                    171,
                    33
                ],
                [
                    169,
                    35
                ],
                [
                    166,
                    35
                ],
                [
                    164,
                    37
                ],
                [
                    163,
                    37
                ],
                [
                    161,
                    39
                ],
                [
                    158,
                    39
                ],
                [
                    156,
                    41
                ],
                [
                    155,
                    41
                ],
                [
                    153,
                    43
                ],
                [
                    151,
                    43
                ],
                [
                    150,
                    44
                ],
                [
                    150,
                    45
                ],
                [
                    148,
                    47
                ],
                [
                    146,
                    47
                ],
                [
                    146,
                    98
                ],
                [
                    145,
                    99
                ],
                [
                    118,
                    99
                ],
                [
                    117,
                    100
                ],
                [
                    117,
                    101
                ],
                [
                    116,
                    102
                ],
                [
                    116,
                    103
                ],
                [
                    115,
                    104
                ],
                [
                    114,
                    104
                ],
                [
                    114,
                    107
                ],
                [
                    112,
                    109
                ],
                [
                    112,
                    110
                ],
                [
                    110,
                    112
                ],
                [
                    110,
                    115
                ],
                [
                    109,
                    116
                ],
                [
                    109,
                    117
                ],
                [
                    108,
                    118
                ],
                [
                    108,
                    119
                ],
                [
                    107,
                    120
                ],
                [
                    107,
                    121
                ],
                [
                    106,
                    122
                ],
                [
                    106,
                    125
                ],
                [
                    105,
                    126
                ],
                [
                    105,
                    127
                ],
                [
                    104,
                    128
                ],
                [
                    104,
                    129
                ],
                [
                    103,
                    130
                ],
                [
                    103,
                    131
                ],
                [
                    102,
                    132
                ],
                [
                    102,
                    139
                ],
                [
                    101,
                    140
                ],
                [
                    101,
                    145
                ],
                [
                    100,
                    146
                ],
                [
                    100,
                    148
                ],
                [
                    99,
                    149
                ],
                [
                    99,
                    151
                ],
                [
                    98,
                    152
                ],
                [
                    98,
                    155
                ],
                [
                    97,
                    156
                ],
                [
                    97,
                    157
                ],
                [
                    96,
                    158
                ],
                [
                    96,
                    159
                ],
                [
                    95,
                    160
                ],
                [
                    95,
                    163
                ],
                [
                    94,
                    164
                ],
                [
                    94,
                    171
                ],
                [
                    93,
                    172
                ],
                [
                    93,
                    175
                ],
                [
                    92,
                    176
                ],
                [
                    92,
                    179
                ],
                [
                    91,
                    180
                ],
                [
                    91,
                    183
                ],
                [
                    90,
                    184
                ],
                [
                    90,
                    194
                ],
                [
                    89,
                    195
                ],
                [
                    89,
                    199
                ],
                [
                    88,
                    200
                ],
                [
                    88,
                    205
                ],
                [
                    87,
                    206
                ],
                [
                    87,
                    210
                ],
                [
                    86,
                    211
                ],
                [
                    86,
                    221
                ],
                [
                    85,
                    222
                ],
                [
                    85,
                    231
                ],
                [
                    84,
                    232
                ],
                [
                    84,
                    241
                ],
                [
                    83,
                    242
                ],
                [
                    83,
                    252
                ],
                [
                    82,
                    253
                ],
                [
                    82,
                    264
                ],
                [
                    84,
                    266
                ],
                [
                    84,
                    267
                ],
                [
                    85,
                    268
                ],
                [
                    85,
                    269
                ],
                [
                    86,
                    270
                ],
                [
                    86,
                    273
                ],
                [
                    88,
                    275
                ],
                [
                    88,
                    276
                ],
                [
                    89,
                    277
                ],
                [
                    89,
                    278
                ],
                [
                    90,
                    279
                ],
                [
                    90,
                    281
                ],
                [
                    91,
                    282
                ],
                [
                    91,
                    283
                ],
                [
                    92,
                    284
                ],
                [
                    92,
                    285
                ],
                [
                    93,
                    286
                ],
                [
                    93,
                    287
                ],
                [
                    94,
                    288
                ],
                [
                    94,
                    290
                ],
                [
                    95,
                    291
                ],
                [
                    95,
                    292
                ],
                [
                    97,
                    294
                ],
                [
                    97,
                    296
                ],
                [
                    98,
                    297
                ],
                [
                    98,
                    299
                ],
                [
                    99,
                    300
                ],
                [
                    99,
                    301
                ],
                [
                    100,
                    302
                ],
                [
                    100,
                    303
                ],
                [
                    101,
                    304
                ],
                [
                    101,
                    305
                ],
                [
                    102,
                    306
                ],
                [
                    102,
                    309
                ],
                [
                    103,
                    310
                ],
                [
                    103,
                    311
                ],
                [
                    104,
                    312
                ],
                [
                    104,
                    313
                ],
                [
                    105,
                    314
                ],
                [
                    105,
                    315
                ],
                [
                    106,
                    316
                ],
                [
                    106,
                    319
                ],
                [
                    107,
                    320
                ],
                [
                    107,
                    321
                ],
                [
                    108,
                    322
                ],
                [
                    108,
                    323
                ],
                [
                    109,
                    324
                ],
                [
                    109,
                    325
                ],
                [
                    110,
                    326
                ],
                [
                    110,
                    329
                ],
                [
                    111,
                    330
                ],
                [
                    111,
                    331
                ],
                [
                    112,
                    332
                ],
                [
                    112,
                    333
                ],
                [
                    113,
                    334
                ],
                [
                    113,
                    336
                ],
                [
                    114,
                    337
                ],
                [
                    114,
                    340
                ],
                [
                    116,
                    342
                ],
                [
                    116,
                    344
                ],
                [
                    118,
                    346
                ],
                [
                    118,
                    349
                ],
                [
                    119,
                    350
                ],
                [
                    119,
                    352
                ],
                [
                    120,
                    353
                ],
                [
                    120,
                    354
                ],
                [
                    121,
                    355
                ],
                [
                    121,
                    356
                ],
                [
                    122,
                    357
                ],
                [
                    122,
                    359
                ],
                [
                    123,
                    360
                ],
                [
                    123,
                    361
                ],
                [
                    124,
                    361
                ],
                [
                    125,
                    362
                ],
                [
                    125,
                    363
                ],
                [
                    126,
                    364
                ],
                [
                    126,
                    366
                ],
                [
                    127,
                    367
                ],
                [
                    127,
                    368
                ],
                [
                    130,
                    371
                ],
                [
                    130,
                    373
                ],
                [
                    131,
                    374
                ],
                [
                    131,
                    375
                ],
                [
                    132,
                    376
                ],
                [
                    132,
                    377
                ],
                [
                    133,
                    377
                ],
                [
                    134,
                    378
                ],
                [
                    134,
                    381
                ],
                [
                    136,
                    383
                ],
                [
                    136,
                    384
                ],
                [
                    137,
                    385
                ],
                [
                    137,
                    386
                ],
                [
                    138,
                    387
                ],
                [
                    138,
                    388
                ],
                [
                    139,
                    389
                ],
                [
                    139,
                    390
                ],
                [
                    141,
                    392
                ],
                [
                    141,
                    393
                ],
                [
                    142,
                    394
                ],
                [
                    142,
                    395
                ],
                [
                    143,
                    396
                ],
                [
                    143,
                    397
                ],
                [
                    145,
                    399
                ],
                [
                    145,
                    400
                ],
                [
                    146,
                    401
                ],
                [
                    146,
                    403
                ],
                [
                    148,
                    405
                ],
                [
                    148,
                    406
                ],
                [
                    150,
                    408
                ],
                [
                    150,
                    410
                ],
                [
                    151,
                    410
                ],
                [
                    153,
                    412
                ],
                [
                    153,
                    413
                ],
                [
                    162,
                    422
                ],
                [
                    162,
                    423
                ],
                [
                    171,
                    432
                ],
                [
                    171,
                    433
                ],
                [
                    172,
                    434
                ],
                [
                    173,
                    434
                ],
                [
                    174,
                    435
                ],
                [
                    174,
                    436
                ],
                [
                    176,
                    438
                ],
                [
                    177,
                    438
                ],
                [
                    178,
                    439
                ],
                [
                    178,
                    440
                ],
                [
                    179,
                    440
                ],
                [
                    180,
                    441
                ],
                [
                    181,
                    441
                ],
                [
                    182,
                    442
                ],
                [
                    185,
                    442
                ],
                [
                    187,
                    444
                ],
                [
                    189,
                    444
                ],
                [
                    191,
                    446
                ],
                [
                    194,
                    446
                ],
                [
                    195,
                    447
                ],
                [
                    196,
                    447
                ],
                [
                    197,
                    448
                ],
                [
                    198,
                    448
                ],
                [
                    199,
                    449
                ],
                [
                    200,
                    449
                ],
                [
                    201,
                    450
                ],
                [
                    203,
                    450
                ],
                [
                    204,
                    451
                ],
                [
                    205,
                    451
                ],
                [
                    206,
                    452
                ],
                [
                    207,
                    452
                ],
                [
                    208,
                    453
                ],
                [
                    209,
                    453
                ],
                [
                    210,
                    454
                ],
                [
                    213,
                    454
                ],
                [
                    215,
                    456
                ],
                [
                    217,
                    456
                ],
                [
                    219,
                    458
                ],
                [
                    222,
                    458
                ],
                [
                    223,
                    459
                ],
                [
                    224,
                    459
                ],
                [
                    225,
                    460
                ],
                [
                    226,
                    460
                ],
                [
                    227,
                    461
                ],
                [
                    228,
                    461
                ],
                [
                    229,
                    462
                ],
                [
                    231,
                    462
                ],
                [
                    232,
                    463
                ],
                [
                    234,
                    463
                ],
                [
                    236,
                    465
                ],
                [
                    237,
                    465
                ],
                [
                    238,
                    466
                ],
                [
                    241,
                    466
                ],
                [
                    242,
                    467
                ],
                [
                    243,
                    467
                ],
                [
                    244,
                    468
                ],
                [
                    245,
                    468
                ],
                [
                    247,
                    470
                ],
                [
                    249,
                    470
                ],
                [
                    250,
                    471
                ],
                [
                    252,
                    471
                ],
                [
                    253,
                    472
                ],
                [
                    254,
                    472
                ],
                [
                    255,
                    473
                ],
                [
                    256,
                    473
                ],
                [
                    257,
                    474
                ],
                [
                    259,
                    474
                ],
                [
                    260,
                    475
                ],
                [
                    262,
                    475
                ],
                [
                    263,
                    476
                ],
                [
                    264,
                    476
                ],
                [
                    265,
                    477
                ],
                [
                    266,
                    477
                ],
                [
                    267,
                    478
                ],
                [
                    272,
                    478
                ],
                [
                    273,
                    479
                ],
                [
                    275,
                    479
                ],
                [
                    276,
                    480
                ],
                [
                    277,
                    480
                ],
                [
                    278,
                    481
                ],
                [
                    281,
                    481
                ],
                [
                    282,
                    482
                ],
                [
                    286,
                    482
                ],
                [
                    287,
                    483
                ],
                [
                    289,
                    483
                ],
                [
                    290,
                    484
                ],
                [
                    292,
                    484
                ],
                [
                    293,
                    485
                ],
                [
                    294,
                    485
                ],
                [
                    295,
                    486
                ],
                [
                    300,
                    486
                ],
                [
                    301,
                    487
                ],
                [
                    317,
                    487
                ],
                [
                    318,
                    488
                ],
                [
                    334,
                    488
                ],
                [
                    335,
                    489
                ],
                [
                    351,
                    489
                ],
                [
                    352,
                    490
                ],
                [
                    356,
                    490
                ],
                [
                    357,
                    489
                ],
                [
                    372,
                    489
                ],
                [
                    373,
                    488
                ],
                [
                    388,
                    488
                ],
                [
                    389,
                    487
                ],
                [
                    403,
                    487
                ],
                [
                    404,
                    486
                ],
                [
                    408,
                    486
                ],
                [
                    409,
                    485
                ],
                [
                    411,
                    485
                ],
                [
                    413,
                    483
                ],
                [
                    415,
                    483
                ],
                [
                    416,
                    482
                ],
                [
                    419,
                    482
                ],
                [
                    420,
                    481
                ],
                [
                    421,
                    481
                ],
                [
                    422,
                    480
                ],
                [
                    423,
                    480
                ],
                [
                    424,
                    479
                ],
                [
                    426,
                    479
                ],
                [
                    427,
                    478
                ],
                [
                    430,
                    478
                ],
                [
                    431,
                    477
                ],
                [
                    432,
                    477
                ],
                [
                    433,
                    476
                ],
                [
                    435,
                    476
                ],
                [
                    437,
                    474
                ],
                [
                    441,
                    474
                ],
                [
                    442,
                    473
                ],
                [
                    443,
                    473
                ],
                [
                    444,
                    472
                ],
                [
                    445,
                    472
                ],
                [
                    446,
                    471
                ],
                [
                    447,
                    471
                ],
                [
                    448,
                    470
                ],
                [
                    450,
                    470
                ],
                [
                    453,
                    467
                ],
                [
                    454,
                    467
                ],
                [
                    455,
                    466
                ],
                [
                    456,
                    466
                ],
                [
                    458,
                    464
                ],
                [
                    459,
                    464
                ],
                [
                    459,
                    463
                ],
                [
                    460,
                    462
                ],
                [
                    462,
                    462
                ],
                [
                    465,
                    459
                ],
                [
                    466,
                    459
                ],
                [
                    467,
                    458
                ],
                [
                    468,
                    458
                ],
                [
                    470,
                    456
                ],
                [
                    471,
                    456
                ],
                [
                    471,
                    455
                ],
                [
                    472,
                    454
                ],
                [
                    474,
                    454
                ],
                [
                    477,
                    451
                ],
                [
                    478,
                    451
                ],
                [
                    479,
                    450
                ],
                [
                    480,
                    450
                ],
                [
                    482,
                    448
                ],
                [
                    483,
                    448
                ],
                [
                    483,
                    447
                ],
                [
                    484,
                    446
                ],
                [
                    486,
                    446
                ],
                [
                    489,
                    443
                ],
                [
                    490,
                    443
                ],
                [
                    491,
                    442
                ],
                [
                    492,
                    442
                ],
                [
                    494,
                    440
                ],
                [
                    495,
                    440
                ],
                [
                    495,
                    439
                ],
                [
                    496,
                    438
                ],
                [
                    498,
                    438
                ],
                [
                    501,
                    435
                ],
                [
                    502,
                    435
                ],
                [
                    503,
                    434
                ],
                [
                    504,
                    434
                ],
                [
                    504,
                    433
                ],
                [
                    511,
                    426
                ],
                [
                    511,
                    425
                ],
                [
                    514,
                    422
                ],
                [
                    515,
                    422
                ],
                [
                    515,
                    420
                ],
                [
                    517,
                    418
                ],
                [
                    518,
                    418
                ],
                [
                    519,
                    417
                ],
                [
                    519,
                    416
                ],
                [
                    523,
                    412
                ],
                [
                    523,
                    411
                ],
                [
                    524,
                    410
                ],
                [
                    525,
                    410
                ],
                [
                    527,
                    408
                ],
                [
                    527,
                    407
                ],
                [
                    533,
                    401
                ],
                [
                    533,
                    400
                ],
                [
                    539,
                    394
                ],
                [
                    539,
                    393
                ],
                [
                    542,
                    390
                ],
                [
                    543,
                    390
                ],
                [
                    543,
                    389
                ],
                [
                    544,
                    388
                ],
                [
                    544,
                    387
                ],
                [
                    545,
                    386
                ],
                [
                    546,
                    386
                ],
                [
                    547,
                    385
                ],
                [
                    547,
                    384
                ],
                [
                    550,
                    381
                ],
                [
                    551,
                    381
                ],
                [
                    551,
                    379
                ],
                [
                    554,
                    376
                ],
                [
                    554,
                    375
                ],
                [
                    555,
                    374
                ],
                [
                    555,
                    371
                ],
                [
                    557,
                    369
                ],
                [
                    557,
                    368
                ],
                [
                    558,
                    367
                ],
                [
                    558,
                    366
                ],
                [
                    559,
                    365
                ],
                [
                    559,
                    362
                ],
                [
                    561,
                    360
                ],
                [
                    561,
                    358
                ],
                [
                    563,
                    356
                ],
                [
                    563,
                    354
                ],
                [
                    564,
                    353
                ],
                [
                    564,
                    352
                ],
                [
                    565,
                    351
                ],
                [
                    565,
                    350
                ],
                [
                    566,
                    349
                ],
                [
                    566,
                    348
                ],
                [
                    567,
                    347
                ],
                [
                    567,
                    345
                ],
                [
                    568,
                    344
                ],
                [
                    568,
                    342
                ],
                [
                    570,
                    340
                ],
                [
                    570,
                    339
                ],
                [
                    571,
                    338
                ],
                [
                    571,
                    335
                ],
                [
                    573,
                    333
                ],
                [
                    573,
                    332
                ],
                [
                    574,
                    331
                ],
                [
                    574,
                    330
                ],
                [
                    575,
                    329
                ],
                [
                    575,
                    326
                ],
                [
                    577,
                    324
                ],
                [
                    577,
                    323
                ],
                [
                    578,
                    322
                ],
                [
                    578,
                    321
                ],
                [
                    579,
                    320
                ],
                [
                    579,
                    319
                ],
                [
                    580,
                    318
                ],
                [
                    580,
                    316
                ],
                [
                    581,
                    315
                ],
                [
                    581,
                    314
                ],
                [
                    582,
                    313
                ],
                [
                    582,
                    312
                ],
                [
                    583,
                    311
                ],
                [
                    583,
                    310
                ],
                [
                    584,
                    309
                ],
                [
                    584,
                    287
                ],
                [
                    585,
                    286
                ],
                [
                    585,
                    275
                ],
                [
                    586,
                    274
                ],
                [
                    586,
                    264
                ],
                [
                    587,
                    263
                ],
                [
                    587,
                    252
                ],
                [
                    588,
                    251
                ],
                [
                    588,
                    231
                ],
                [
                    587,
                    230
                ],
                [
                    587,
                    202
                ],
                [
                    586,
                    201
                ],
                [
                    586,
                    197
                ],
                [
                    585,
                    196
                ],
                [
                    585,
                    193
                ],
                [
                    584,
                    192
                ],
                [
                    584,
                    185
                ],
                [
                    583,
                    184
                ],
                [
                    583,
                    181
                ],
                [
                    582,
                    180
                ],
                [
                    582,
                    177
                ],
                [
                    581,
                    176
                ],
                [
                    581,
                    173
                ],
                [
                    580,
                    172
                ],
                [
                    580,
                    164
                ],
                [
                    579,
                    163
                ],
                [
                    579,
                    160
                ],
                [
                    578,
                    159
                ],
                [
                    578,
                    157
                ],
                [
                    577,
                    156
                ],
                [
                    577,
                    155
                ],
                [
                    576,
                    154
                ],
                [
                    576,
                    153
                ],
                [
                    575,
                    152
                ],
                [
                    575,
                    149
                ],
                [
                    573,
                    147
                ],
                [
                    573,
                    145
                ],
                [
                    571,
                    143
                ],
                [
                    571,
                    140
                ],
                [
                    570,
                    139
                ],
                [
                    570,
                    138
                ],
                [
                    569,
                    137
                ],
                [
                    569,
                    136
                ],
                [
                    568,
                    135
                ],
                [
                    568,
                    134
                ],
                [
                    567,
                    133
                ],
                [
                    567,
                    130
                ],
                [
                    566,
                    129
                ],
                [
                    566,
                    128
                ],
                [
                    564,
                    126
                ],
                [
                    564,
                    124
                ],
                [
                    563,
                    123
                ],
                [
                    563,
                    121
                ],
                [
                    562,
                    120
                ],
                [
                    562,
                    119
                ],
                [
                    561,
                    118
                ],
                [
                    561,
                    117
                ],
                [
                    560,
                    116
                ],
                [
                    560,
                    115
                ],
                [
                    559,
                    114
                ],
                [
                    559,
                    112
                ],
                [
                    558,
                    111
                ],
                [
                    558,
                    110
                ],
                [
                    557,
                    109
                ],
                [
                    557,
                    108
                ],
                [
                    555,
                    106
                ],
                [
                    555,
                    104
                ],
                [
                    554,
                    104
                ],
                [
                    553,
                    103
                ],
                [
                    553,
                    102
                ],
                [
                    551,
                    100
                ],
                [
                    551,
                    99
                ],
                [
                    550,
                    98
                ],
                [
                    550,
                    97
                ],
                [
                    547,
                    94
                ],
                [
                    547,
                    92
                ],
                [
                    546,
                    92
                ],
                [
                    545,
                    91
                ],
                [
                    545,
                    90
                ],
                [
                    543,
                    88
                ],
                [
                    543,
                    87
                ],
                [
                    542,
                    86
                ],
                [
                    542,
                    85
                ],
                [
                    539,
                    82
                ],
                [
                    539,
                    80
                ],
                [
                    535,
                    76
                ],
                [
                    535,
                    75
                ],
                [
                    525,
                    65
                ],
                [
                    524,
                    65
                ],
                [
                    523,
                    64
                ],
                [
                    523,
                    63
                ],
                [
                    522,
                    63
                ],
                [
                    519,
                    60
                ],
                [
                    519,
                    59
                ],
                [
                    518,
                    59
                ],
                [
                    515,
                    56
                ],
                [
                    515,
                    55
                ],
                [
                    514,
                    55
                ],
                [
                    511,
                    52
                ],
                [
                    511,
                    51
                ],
                [
                    510,
                    51
                ],
                [
                    507,
                    48
                ],
                [
                    507,
                    47
                ],
                [
                    505,
                    47
                ],
                [
                    503,
                    45
                ],
                [
                    503,
                    44
                ],
                [
                    502,
                    43
                ],
                [
                    501,
                    43
                ],
                [
                    499,
                    41
                ],
                [
                    499,
                    40
                ],
                [
                    498,
                    39
                ],
                [
                    497,
                    39
                ],
                [
                    495,
                    37
                ],
                [
                    495,
                    36
                ],
                [
                    494,
                    35
                ],
                [
                    493,
                    35
                ],
                [
                    491,
                    33
                ],
                [
                    491,
                    32
                ],
                [
                    490,
                    31
                ],
                [
                    488,
                    31
                ],
                [
                    487,
                    30
                ],
                [
                    487,
                    29
                ],
                [
                    486,
                    28
                ],
                [
                    485,
                    28
                ],
                [
                    483,
                    26
                ],
                [
                    482,
                    26
                ],
                [
                    479,
                    23
                ],
                [
                    478,
                    23
                ],
                [
                    474,
                    19
                ],
                [
                    473,
                    19
                ],
                [
                    469,
                    15
                ],
                [
                    468,
                    15
                ],
                [
                    465,
                    12
                ],
                [
                    464,
                    12
                ],
                [
                    461,
                    9
                ],
                [
                    460,
                    9
                ],
                [
                    459,
                    8
                ],
                [
                    459,
                    7
                ],
                [
                    457,
                    7
                ],
                [
                    455,
                    5
                ],
                [
                    455,
                    4
                ],
                [
                    454,
                    4
                ],
                [
                    453,
                    3
                ],
                [
                    452,
                    3
                ],
                [
                    451,
                    2
                ],
                [
                    451,
                    1
                ],
                [
                    450,
                    1
                ],
                [
                    449,
                    0
                ]
            ],
            "group_id": null,
            "shape_type": "polygon",
            "flags": {}
        },
        {
            "label": "particle",
            "points": [
                [
                    0,
                    289
                ],
                [
                    0,
                    511
                ],
                [
                    276,
                    511
                ],
                [
                    276,
                    510
                ],
                [
                    275,
                    509
                ],
                [
                    275,
                    504
                ],
                [
                    274,
                    503
                ],
                [
                    274,
                    502
                ],
                [
                    273,
                    501
                ],
                [
                    273,
                    499
                ],
                [
                    272,
                    498
                ],
                [
                    272,
                    496
                ],
                [
                    271,
                    495
                ],
                [
                    271,
                    490
                ],
                [
                    270,
                    489
                ],
                [
                    270,
                    488
                ],
                [
                    269,
                    487
                ],
                [
                    269,
                    484
                ],
                [
                    268,
                    483
                ],
                [
                    268,
                    482
                ],
                [
                    267,
                    481
                ],
                [
                    267,
                    479
                ],
                [
                    266,
                    478
                ],
                [
                    264,
                    478
                ],
                [
                    262,
                    476
                ],
                [
                    259,
                    476
                ],
                [
                    258,
                    475
                ],
                [
                    257,
                    475
                ],
                [
                    256,
                    474
                ],
                [
                    255,
                    474
                ],
                [
                    254,
                    473
                ],
                [
                    253,
                    473
                ],
                [
                    252,
                    472
                ],
                [
                    250,
                    472
                ],
                [
                    249,
                    471
                ],
                [
                    247,
                    471
                ],
                [
                    245,
                    469
                ],
                [
                    244,
                    469
                ],
                [
                    243,
                    468
                ],
                [
                    240,
                    468
                ],
                [
                    239,
                    467
                ],
                [
                    238,
                    467
                ],
                [
                    237,
                    466
                ],
                [
                    236,
                    466
                ],
                [
                    234,
                    464
                ],
                [
                    231,
                    464
                ],
                [
                    230,
                    463
                ],
                [
                    229,
                    463
                ],
                [
                    228,
                    462
                ],
                [
                    227,
                    462
                ],
                [
                    226,
                    461
                ],
                [
                    225,
                    461
                ],
                [
                    224,
                    460
                ],
                [
                    221,
                    460
                ],
                [
                    220,
                    459
                ],
                [
                    219,
                    459
                ],
                [
                    218,
                    458
                ],
                [
                    217,
                    458
                ],
                [
                    216,
                    457
                ],
                [
                    215,
                    457
                ],
                [
                    214,
                    456
                ],
                [
                    211,
                    456
                ],
                [
                    209,
                    454
                ],
                [
                    208,
                    454
                ],
                [
                    207,
                    453
                ],
                [
                    206,
                    453
                ],
                [
                    205,
                    452
                ],
                [
                    203,
                    452
                ],
                [
                    202,
                    451
                ],
                [
                    200,
                    451
                ],
                [
                    198,
                    449
                ],
                [
                    196,
                    449
                ],
                [
                    195,
                    448
                ],
                [
                    193,
                    448
                ],
                [
                    192,
                    447
                ],
                [
                    191,
                    447
                ],
                [
                    190,
                    446
                ],
                [
                    189,
                    446
                ],
                [
                    188,
                    445
                ],
                [
                    187,
                    445
                ],
                [
                    186,
                    444
                ],
                [
                    183,
                    444
                ],
                [
                    181,
                    442
                ],
                [
                    179,
                    442
                ],
                [
                    176,
                    439
                ],
                [
                    175,
                    439
                ],
                [
                    173,
                    437
                ],
                [
                    173,
                    436
                ],
                [
                    172,
                    435
                ],
                [
                    171,
                    435
                ],
                [
                    169,
                    433
                ],
                [
                    169,
                    432
                ],
                [
                    168,
                    431
                ],
                [
                    167,
                    431
                ],
                [
                    165,
                    429
                ],
                [
                    165,
                    428
                ],
                [
                    164,
                    427
                ],
                [
                    163,
                    427
                ],
                [
                    161,
                    425
                ],
                [
                    161,
                    424
                ],
                [
                    160,
                    423
                ],
                [
                    159,
                    423
                ],
                [
                    157,
                    421
                ],
                [
                    157,
                    420
                ],
                [
                    156,
                    419
                ],
                [
                    155,
                    419
                ],
                [
                    154,
                    418
                ],
                [
                    154,
                    417
                ],
                [
                    153,
                    416
                ],
                [
                    153,
                    415
                ],
                [
                    151,
                    413
                ],
                [
                    151,
                    412
                ],
                [
                    149,
                    410
                ],
                [
                    149,
                    408
                ],
                [
                    146,
                    405
                ],
                [
                    146,
                    404
                ],
                [
                    145,
                    403
                ],
                [
                    145,
                    402
                ],
                [
                    143,
                    400
                ],
                [
                    143,
                    399
                ],
                [
                    141,
                    397
                ],
                [
                    141,
                    395
                ],
                [
                    140,
                    395
                ],
                [
                    139,
                    394
                ],
                [
                    139,
                    393
                ],
                [
                    138,
                    392
                ],
                [
                    138,
                    391
                ],
                [
                    137,
                    390
                ],
                [
                    137,
                    389
                ],
                [
                    136,
                    388
                ],
                [
                    136,
                    387
                ],
                [
                    135,
                    387
                ],
                [
                    134,
                    386
                ],
                [
                    134,
                    385
                ],
                [
                    133,
                    384
                ],
                [
                    133,
                    383
                ],
                [
                    132,
                    382
                ],
                [
                    132,
                    381
                ],
                [
                    129,
                    378
                ],
                [
                    129,
                    376
                ],
                [
                    128,
                    375
                ],
                [
                    128,
                    374
                ],
                [
                    127,
                    373
                ],
                [
                    127,
                    372
                ],
                [
                    126,
                    371
                ],
                [
                    126,
                    370
                ],
                [
                    125,
                    369
                ],
                [
                    125,
                    366
                ],
                [
                    123,
                    364
                ],
                [
                    123,
                    362
                ],
                [
                    121,
                    360
                ],
                [
                    121,
                    357
                ],
                [
                    120,
                    356
                ],
                [
                    120,
                    355
                ],
                [
                    119,
                    354
                ],
                [
                    119,
                    353
                ],
                [
                    118,
                    352
                ],
                [
                    118,
                    351
                ],
                [
                    117,
                    350
                ],
                [
                    117,
                    347
                ],
                [
                    115,
                    345
                ],
                [
                    115,
                    344
                ],
                [
                    114,
                    343
                ],
                [
                    114,
                    342
                ],
                [
                    113,
                    341
                ],
                [
                    106,
                    341
                ],
                [
                    105,
                    340
                ],
                [
                    97,
                    340
                ],
                [
                    96,
                    339
                ],
                [
                    93,
                    339
                ],
                [
                    92,
                    338
                ],
                [
                    85,
                    338
                ],
                [
                    84,
                    337
                ],
                [
                    81,
                    337
                ],
                [
                    80,
                    336
                ],
                [
                    77,
                    336
                ],
                [
                    76,
                    335
                ],
                [
                    73,
                    335
                ],
                [
                    72,
                    334
                ],
                [
                    64,
                    334
                ],
                [
                    63,
                    333
                ],
                [
                    60,
                    333
                ],
                [
                    59,
                    332
                ],
                [
                    56,
                    332
                ],
                [
                    55,
                    331
                ],
                [
                    53,
                    331
                ],
                [
                    52,
                    330
                ],
                [
                    51,
                    330
                ],
                [
                    50,
                    329
                ],
                [
                    49,
                    329
                ],
                [
                    48,
                    328
                ],
                [
                    48,
                    327
                ],
                [
                    47,
                    327
                ],
                [
                    46,
                    326
                ],
                [
                    45,
                    326
                ],
                [
                    43,
                    324
                ],
                [
                    42,
                    324
                ],
                [
                    40,
                    322
                ],
                [
                    39,
                    322
                ],
                [
                    38,
                    321
                ],
                [
                    37,
                    321
                ],
                [
                    36,
                    320
                ],
                [
                    36,
                    319
                ],
                [
                    35,
                    319
                ],
                [
                    34,
                    318
                ],
                [
                    33,
                    318
                ],
                [
                    31,
                    316
                ],
                [
                    30,
                    316
                ],
                [
                    28,
                    314
                ],
                [
                    27,
                    314
                ],
                [
                    23,
                    310
                ],
                [
                    22,
                    310
                ],
                [
                    19,
                    307
                ],
                [
                    19,
                    306
                ],
                [
                    18,
                    305
                ],
                [
                    17,
                    305
                ],
                [
                    15,
                    303
                ],
                [
                    15,
                    302
                ],
                [
                    14,
                    301
                ],
                [
                    12,
                    301
                ],
                [
                    11,
                    300
                ],
                [
                    11,
                    299
                ],
                [
                    9,
                    297
                ],
                [
                    8,
                    297
                ],
                [
                    7,
                    296
                ],
                [
                    7,
                    295
                ],
                [
                    5,
                    293
                ],
                [
                    4,
                    293
                ]
            ],
            "group_id": null,
            "shape_type": "polygon",
            "flags": {}
        }
    ],
    "imagePath": "",
    "imageData": null,
    "imageHeight": 512,
    "imageWidth": 630
}