{
    "version": "4.5.6",
    "flags": {},
    "shapes": [
        {
            "label": "particle",
            "points": [
                [
                    241,
                    23
                ],
                [
                    240,
                    24
                ],
                [
                    239,
                    24
                ],
                [
                    236,
                    27
                ],
                [
                    235,
                    27
                ],
                [
                    234,
                    28
                ],
                [
                    233,
                    28
                ],
                [
                    230,
                    31
                ],
                [
                    229,
                    31
                ],
                [
                    225,
                    35
                ],
                [
                    224,
                    35
                ],
                [
                    222,
                    37
                ],
                [
                    222,
                    38
                ],
                [
                    221,
                    39
                ],
                [
                    220,
                    39
                ],
                [
                    218,
                    41
                ],
                [
                    218,
                    42
                ],
                [
                    215,
                    45
                ],
                [
                    215,
                    46
                ],
                [
                    214,
                    47
                ],
                [
                    214,
                    48
                ],
                [
                    213,
                    49
                ],
                [
                    213,
                    50
                ],
                [
                    211,
                    52
                ],
                [
                    211,
                    53
                ],
                [
                    210,
                    54
                ],
                [
                    210,
                    70
                ],
                [
                    211,
                    71
                ],
                [
                    211,
                    73
                ],
                [
                    212,
                    74
                ],
                [
                    212,
                    76
                ],
                [
                    213,
                    77
                ],
                [
                    213,
                    79
                ],
                [
                    214,
                    80
                ],
                [
                    214,
                    85
                ],
                [
                    216,
                    87
                ],
                [
                    216,
                    88
                ],
                [
                    218,
                    90
                ],
                [
                    218,
                    92
                ],
                [
                    220,
                    94
                ],
                [
                    220,
                    95
                ],
                [
                    222,
                    97
                ],
                [
                    222,
                    99
                ],
                [
                    224,
                    101
                ],
                [
                    225,
                    101
                ],
                [
                    226,
                    102
                ],
                [
                    227,
                    102
                ],
                [
                    230,
                    105
                ],
                [
                    232,
                    105
                ],
                [
                    233,
                    106
                ],
                [
                    234,
                    106
                ],
                [
                    235,
                    107
                ],
                [
                    235,
                    108
                ],
                [
                    236,
                    108
                ],
                [
                    237,
                    109
                ],
                [
                    238,
                    109
                ],
                [
                    239,
                    110
                ],
                [
                    241,
                    110
                ],
                [
                    242,
                    111
                ],
                [
                    244,
                    111
                ],
                [
                    245,
                    112
                ],
                [
                    248,
                    112
                ],
                [
                    249,
                    113
                ],
                [
                    251,
                    113
                ],
                [
                    252,
                    114
                ],
                [
                    273,
                    114
                ],
                [
                    274,
                    113
                ],
                [
                    276,
                    113
                ],
                [
                    277,
                    112
                ],
                [
                    278,
                    112
                ],
                [
                    279,
                    111
                ],
                [
                    281,
                    111
                ],
                [
                    282,
                    110
                ],
                [
                    284,
                    110
                ],
                [
                    285,
                    109
                ],
                [
                    288,
                    109
                ],
                [
                    292,
                    105
                ],
                [
                    292,
                    103
                ],
                [
                    295,
                    100
                ],
                [
                    295,
                    99
                ],
                [
                    297,
                    97
                ],
                [
                    297,
                    95
                ],
                [
                    301,
                    91
                ],
                [
                    301,
                    89
                ],
                [
                    303,
                    87
                ],
                [
                    303,
                    73
                ],
                [
                    304,
                    72
                ],
                [
                    304,
                    65
                ],
                [
                    301,
                    62
                ],
                [
                    301,
                    60
                ],
                [
                    300,
                    59
                ],
                [
                    300,
                    58
                ],
                [
                    299,
                    57
                ],
                [
                    299,
                    56
                ],
                [
                    298,
                    56
                ],
                [
                    297,
                    55
                ],
                [
                    297,
                    52
                ],
                [
                    294,
                    49
                ],
                [
                    294,
                    48
                ],
                [
                    292,
                    46
                ],
                [
                    292,
                    45
                ],
                [
                    291,
                    44
                ],
                [
                    290,
                    44
                ],
                [
                    281,
                    35
                ],
                [
                    280,
                    35
                ],
                [
                    276,
                    31
                ],
                [
                    274,
                    31
                ],
                [
                    271,
                    28
                ],
                [
                    270,
                    28
                ],
                [
                    269,
                    27
                ],
                [
                    267,
                    27
                ],
                [
                    266,
                    26
                ],
                [
                    265,
                    26
                ],
                [
                    263,
                    24
                ],
                [
                    262,
                    24
                ],
                [
                    261,
                    23
                ]
            ],
            "group_id": null,
            "shape_type": "polygon",
            "flags": {}
        },
        {
            "label": "particle",
            "points": [
                [
                    360,
                    88
                ],
                [
                    359,
                    89
                ],
                [
                    344,
                    89
                ],
                [
                    343,
                    90
                ],
                [
                    334,
                    90
                ],
                [
                    333,
                    91
                ],
                [
                    324,
                    91
                ],
                [
                    323,
                    92
                ],
                [
                    322,
                    92
                ],
                [
                    321,
                    93
                ],
                [
                    320,
                    93
                ],
                [
                    318,
                    95
                ],
                [
                    316,
                    95
                ],
                [
                    314,
                    97
                ],
                [
                    313,
                    97
                ],
                [
                    312,
                    98
                ],
                [
                    311,
                    98
                ],
                [
                    311,
                    99
                ],
                [
                    310,
                    100
                ],
                [
                    308,
                    100
                ],
                [
                    307,
                    101
                ],
                [
                    307,
                    102
                ],
                [
                    303,
                    106
                ],
                [
                    303,
                    107
                ],
                [
                    300,
                    110
                ],
                [
                    300,
                    111
                ],
                [
                    298,
                    113
                ],
                [
                    298,
                    114
                ],
                [
                    296,
                    116
                ],
                [
                    296,
                    119
                ],
                [
                    295,
                    120
                ],
                [
                    295,
                    128
                ],
                [
                    294,
                    129
                ],
                [
                    294,
                    132
                ],
                [
                    293,
                    133
                ],
                [
                    293,
                    137
                ],
                [
                    292,
                    138
                ],
                [
                    292,
                    170
                ],
                [
                    295,
                    173
                ],
                [
                    295,
                    174
                ],
                [
                    296,
                    174
                ],
                [
                    298,
                    176
                ],
                [
                    298,
                    177
                ],
                [
                    307,
                    186
                ],
                [
                    307,
                    187
                ],
                [
                    312,
                    192
                ],
                [
                    313,
                    192
                ],
                [
                    315,
                    194
                ],
                [
                    316,
                    194
                ],
                [
                    317,
                    195
                ],
                [
                    319,
                    195
                ],
                [
                    320,
                    196
                ],
                [
                    321,
                    196
                ],
                [
                    322,
                    197
                ],
                [
                    323,
                    197
                ],
                [
                    325,
                    199
                ],
                [
                    327,
                    199
                ],
                [
                    329,
                    201
                ],
                [
                    330,
                    201
                ],
                [
                    332,
                    203
                ],
                [
                    335,
                    203
                ],
                [
                    336,
                    204
                ],
                [
                    341,
                    204
                ],
                [
                    342,
                    205
                ],
                [
                    346,
                    205
                ],
                [
                    347,
                    206
                ],
                [
                    351,
                    206
                ],
                [
                    352,
                    207
                ],
                [
                    361,
                    207
                ],
                [
                    362,
                    208
                ],
                [
                    365,
                    208
                ],
                [
                    366,
                    207
                ],
                [
                    372,
                    207
                ],
                [
                    373,
                    206
                ],
                [
                    375,
                    206
                ],
                [
                    376,
                    205
                ],
                [
                    378,
                    205
                ],
                [
                    379,
                    204
                ],
                [
                    381,
                    204
                ],
                [
                    382,
                    203
                ],
                [
                    386,
                    203
                ],
                [
                    388,
                    201
                ],
                [
                    389,
                    201
                ],
                [
                    389,
                    200
                ],
                [
                    390,
                    199
                ],
                [
                    392,
                    199
                ],
                [
                    393,
                    198
                ],
                [
                    393,
                    197
                ],
                [
                    394,
                    196
                ],
                [
                    395,
                    196
                ],
                [
                    396,
                    195
                ],
                [
                    397,
                    195
                ],
                [
                    401,
                    191
                ],
                [
                    402,
                    191
                ],
                [
                    405,
                    188
                ],
                [
                    405,
                    187
                ],
                [
                    407,
                    185
                ],
                [
                    407,
                    184
                ],
                [
                    409,
                    182
                ],
                [
                    409,
                    181
                ],
                [
                    413,
                    177
                ],
                [
                    413,
                    175
                ],
                [
                    415,
                    173
                ],
                [
                    415,
                    171
                ],
                [
                    416,
                    170
                ],
                [
                    416,
                    169
                ],
                [
                    417,
                    168
                ],
                [
                    417,
                    165
                ],
                [
                    418,
                    164
                ],
                [
                    418,
                    163
                ],
                [
                    419,
                    162
                ],
                [
                    419,
                    161
                ],
                [
                    420,
                    160
                ],
                [
                    420,
                    158
                ],
                [
                    421,
                    157
                ],
                [
                    421,
                    154
                ],
                [
                    422,
                    153
                ],
                [
                    422,
                    152
                ],
                [
                    423,
                    151
                ],
                [
                    423,
                    150
                ],
                [
                    424,
                    149
                ],
                [
                    423,
                    148
                ],
                [
                    423,
                    145
                ],
                [
                    422,
                    144
                ],
                [
                    422,
                    141
                ],
                [
                    421,
                    140
                ],
                [
                    421,
                    133
                ],
                [
                    420,
                    132
                ],
                [
                    420,
                    129
                ],
                [
                    419,
                    128
                ],
                [
                    419,
                    126
                ],
                [
                    418,
                    125
                ],
                [
                    418,
                    124
                ],
                [
                    417,
                    123
                ],
                [
                    417,
                    120
                ],
                [
                    415,
                    118
                ],
                [
                    415,
                    117
                ],
                [
                    413,
                    115
                ],
                [
                    413,
                    112
                ],
                [
                    399,
                    98
                ],
                [
                    398,
                    98
                ],
                [
                    397,
                    97
                ],
                [
                    397,
                    96
                ],
                [
                    396,
                    95
                ],
                [
                    394,
                    95
                ],
                [
                    393,
                    94
                ],
                [
                    393,
                    93
                ],
                [
                    391,
                    93
                ],
                [
                    390,
                    92
                ],
                [
                    389,
                    92
                ],
                [
                    388,
                    91
                ],
                [
                    385,
                    91
                ],
                [
                    384,
                    90
                ],
                [
                    382,
                    90
                ],
                [
                    381,
                    89
                ],
                [
                    380,
                    89
                ],
                [
                    379,
                    88
                ]
            ],
            "group_id": null,
            "shape_type": "polygon",
            "flags": {}
        },
        {
            "label": "particle",
            "points": [
                [
                    231,
                    293
                ],
                [
                    230,
                    294
                ],
                [
                    224,
                    294
                ],
                [
                    223,
                    295
                ],
                [
                    217,
                    295
                ],
                [
                    216,
                    296
                ],
                [
                    209,
                    296
                ],
                [
                    208,
                    297
                ],
                [
                    199,
                    297
                ],
                [
                    198,
                    298
                ],
                [
                    194,
                    298
                ],
                [
                    193,
                    299
                ],
                [
                    189,
                    299
                ],
                [
                    188,
                    300
                ],
                [
                    184,
                    300
                ],
                [
                    183,
                    301
                ],
                [
                    179,
                    301
                ],
                [
                    178,
                    302
                ],
                [
                    169,
                    302
                ],
                [
                    167,
                    304
                ],
                [
                    166,
                    304
                ],
                [
                    164,
                    306
                ],
                [
                    162,
                    306
                ],
                [
                    159,
                    309
                ],
                [
                    158,
                    309
                ],
                [
                    157,
                    310
                ],
                [
                    156,
                    310
                ],
                [
                    155,
                    311
                ],
                [
                    154,
                    311
                ],
                [
                    151,
                    314
                ],
                [
                    149,
                    314
                ],
                [
                    148,
                    315
                ],
                [
                    148,
                    317
                ],
                [
                    147,
                    318
                ],
                [
                    146,
                    318
                ],
                [
                    146,
                    319
                ],
                [
                    144,
                    321
                ],
                [
                    144,
                    322
                ],
                [
                    140,
                    326
                ],
                [
                    140,
                    327
                ],
                [
                    137,
                    330
                ],
                [
                    137,
                    331
                ],
                [
                    136,
                    332
                ],
                [
                    136,
                    341
                ],
                [
                    135,
                    342
                ],
                [
                    135,
                    345
                ],
                [
                    134,
                    346
                ],
                [
                    134,
                    350
                ],
                [
                    133,
                    351
                ],
                [
                    133,
                    354
                ],
                [
                    132,
                    355
                ],
                [
                    132,
                    365
                ],
                [
                    133,
                    366
                ],
                [
                    133,
                    381
                ],
                [
                    134,
                    382
                ],
                [
                    134,
                    383
                ],
                [
                    136,
                    385
                ],
                [
                    136,
                    387
                ],
                [
                    137,
                    388
                ],
                [
                    137,
                    389
                ],
                [
                    138,
                    390
                ],
                [
                    138,
                    391
                ],
                [
                    140,
                    393
                ],
                [
                    140,
                    396
                ],
                [
                    142,
                    398
                ],
                [
                    142,
                    399
                ],
                [
                    144,
                    401
                ],
                [
                    144,
                    404
                ],
                [
                    145,
                    404
                ],
                [
                    146,
                    405
                ],
                [
                    146,
                    406
                ],
                [
                    148,
                    408
                ],
                [
                    148,
                    410
                ],
                [
                    151,
                    413
                ],
                [
                    151,
                    414
                ],
                [
                    152,
                    415
                ],
                [
                    152,
                    416
                ],
                [
                    153,
                    417
                ],
                [
                    153,
                    418
                ],
                [
                    156,
                    421
                ],
                [
                    156,
                    423
                ],
                [
                    157,
                    424
                ],
                [
                    158,
                    424
                ],
                [
                    160,
                    426
                ],
                [
                    160,
                    427
                ],
                [
                    161,
                    428
                ],
                [
                    163,
                    428
                ],
                [
                    165,
                    430
                ],
                [
                    165,
                    431
                ],
                [
                    166,
                    432
                ],
                [
                    167,
                    432
                ],
                [
                    171,
                    436
                ],
                [
                    172,
                    436
                ],
                [
                    174,
                    438
                ],
                [
                    175,
                    438
                ],
                [
                    177,
                    440
                ],
                [
                    177,
                    441
                ],
                [
                    179,
                    441
                ],
                [
                    182,
                    444
                ],
                [
                    183,
                    444
                ],
                [
                    184,
                    445
                ],
                [
                    187,
                    445
                ],
                [
                    189,
                    447
                ],
                [
                    191,
                    447
                ],
                [
                    193,
                    449
                ],
                [
                    196,
                    449
                ],
                [
                    197,
                    450
                ],
                [
                    198,
                    450
                ],
                [
                    199,
                    451
                ],
                [
                    200,
                    451
                ],
                [
                    201,
                    452
                ],
                [
                    202,
                    452
                ],
                [
                    203,
                    453
                ],
                [
                    210,
                    453
                ],
                [
                    211,
                    454
                ],
                [
                    215,
                    454
                ],
                [
                    216,
                    455
                ],
                [
                    219,
                    455
                ],
                [
                    220,
                    456
                ],
                [
                    224,
                    456
                ],
                [
                    225,
                    457
                ],
                [
                    228,
                    457
                ],
                [
                    229,
                    456
                ],
                [
                    242,
                    456
                ],
                [
                    243,
                    455
                ],
                [
                    245,
                    455
                ],
                [
                    251,
                    449
                ],
                [
                    252,
                    449
                ],
                [
                    254,
                    447
                ],
                [
                    254,
                    446
                ],
                [
                    255,
                    445
                ],
                [
                    259,
                    445
                ],
                [
                    261,
                    443
                ],
                [
                    262,
                    443
                ],
                [
                    264,
                    441
                ],
                [
                    267,
                    441
                ],
                [
                    269,
                    439
                ],
                [
                    270,
                    439
                ],
                [
                    272,
                    437
                ],
                [
                    273,
                    437
                ],
                [
                    274,
                    436
                ],
                [
                    275,
                    436
                ],
                [
                    280,
                    431
                ],
                [
                    281,
                    431
                ],
                [
                    284,
                    428
                ],
                [
                    285,
                    428
                ],
                [
                    286,
                    427
                ],
                [
                    287,
                    427
                ],
                [
                    289,
                    425
                ],
                [
                    290,
                    425
                ],
                [
                    291,
                    424
                ],
                [
                    293,
                    424
                ],
                [
                    294,
                    423
                ],
                [
                    295,
                    423
                ],
                [
                    297,
                    421
                ],
                [
                    298,
                    421
                ],
                [
                    299,
                    420
                ],
                [
                    299,
                    417
                ],
                [
                    300,
                    416
                ],
                [
                    300,
                    414
                ],
                [
                    301,
                    413
                ],
                [
                    301,
                    412
                ],
                [
                    302,
                    411
                ],
                [
                    302,
                    410
                ],
                [
                    303,
                    409
                ],
                [
                    303,
                    408
                ],
                [
                    300,
                    405
                ],
                [
                    300,
                    404
                ],
                [
                    299,
                    403
                ],
                [
                    299,
                    399
                ],
                [
                    300,
                    398
                ],
                [
                    300,
                    395
                ],
                [
                    301,
                    394
                ],
                [
                    301,
                    387
                ],
                [
                    300,
                    386
                ],
                [
                    300,
                    385
                ],
                [
                    299,
                    384
                ],
                [
                    299,
                    376
                ],
                [
                    301,
                    374
                ],
                [
                    301,
                    373
                ],
                [
                    303,
                    371
                ],
                [
                    303,
                    369
                ],
                [
                    306,
                    366
                ],
                [
                    306,
                    365
                ],
                [
                    308,
                    363
                ],
                [
                    308,
                    361
                ],
                [
                    309,
                    360
                ],
                [
                    309,
                    347
                ],
                [
                    308,
                    346
                ],
                [
                    308,
                    345
                ],
                [
                    307,
                    344
                ],
                [
                    307,
                    343
                ],
                [
                    303,
                    339
                ],
                [
                    303,
                    338
                ],
                [
                    302,
                    337
                ],
                [
                    302,
                    336
                ],
                [
                    299,
                    333
                ],
                [
                    299,
                    331
                ],
                [
                    296,
                    328
                ],
                [
                    296,
                    327
                ],
                [
                    295,
                    326
                ],
                [
                    295,
                    325
                ],
                [
                    289,
                    319
                ],
                [
                    289,
                    317
                ],
                [
                    288,
                    316
                ],
                [
                    288,
                    314
                ],
                [
                    287,
                    313
                ],
                [
                    287,
                    310
                ],
                [
                    286,
                    310
                ],
                [
                    285,
                    309
                ],
                [
                    268,
                    309
                ],
                [
                    267,
                    308
                ],
                [
                    267,
                    307
                ],
                [
                    266,
                    307
                ],
                [
                    265,
                    306
                ],
                [
                    263,
                    306
                ],
                [
                    262,
                    305
                ],
                [
                    261,
                    305
                ],
                [
                    258,
                    302
                ],
                [
                    255,
                    302
                ],
                [
                    252,
                    299
                ],
                [
                    251,
                    299
                ],
                [
                    249,
                    297
                ],
                [
                    248,
                    297
                ],
                [
                    244,
                    293
                ]
            ],
            "group_id": null,
            "shape_type": "polygon",
            "flags": {}
        },
        {
            "label": "particle",
            "points": [
                [
                    518,
                    257
                ],
                [
                    517,
                    258
                ],
                [
                    515,
                    258
                ],
                [
                    514,
                    259
                ],
                [
                    513,
                    259
                ],
                [
                    512,
                    260
                ],
                [
                    511,
                    260
                ],
                [
                    510,
                    261
                ],
                [
                    506,
                    261
                ],
                [
                    505,
                    262
                ],
                [
                    504,
                    262
                ],
                [
                    503,
                    263
                ],
                [
                    502,
                    263
                ],
                [
                    501,
                    264
                ],
                [
                    500,
                    264
                ],
                [
                    499,
                    265
                ],
                [
                    498,
                    265
                ],
                [
                    497,
                    266
                ],
                [
                    496,
                    266
                ],
                [
                    495,
                    267
                ],
                [
                    487,
                    267
                ],
                [
                    486,
                    268
                ],
                [
                    473,
                    268
                ],
                [
                    472,
                    269
                ],
                [
                    470,
                    269
                ],
                [
                    470,
                    270
                ],
                [
                    469,
                    271
                ],
                [
                    468,
                    271
                ],
                [
                    467,
                    272
                ],
                [
                    466,
                    272
                ],
                [
                    466,
                    273
                ],
                [
                    465,
                    274
                ],
                [
                    463,
                    274
                ],
                [
                    461,
                    276
                ],
                [
                    460,
                    276
                ],
                [
                    458,
                    278
                ],
                [
                    455,
                    278
                ],
                [
                    453,
                    280
                ],
                [
                    451,
                    280
                ],
                [
                    449,
                    282
                ],
                [
                    448,
                    282
                ],
                [
                    446,
                    284
                ],
                [
                    446,
                    285
                ],
                [
                    445,
                    286
                ],
                [
                    445,
                    287
                ],
                [
                    442,
                    290
                ],
                [
                    442,
                    291
                ],
                [
                    441,
                    292
                ],
                [
                    441,
                    294
                ],
                [
                    442,
                    295
                ],
                [
                    442,
                    320
                ],
                [
                    443,
                    321
                ],
                [
                    443,
                    322
                ],
                [
                    444,
                    323
                ],
                [
                    444,
                    325
                ],
                [
                    445,
                    326
                ],
                [
                    445,
                    327
                ],
                [
                    446,
                    328
                ],
                [
                    446,
                    332
                ],
                [
                    447,
                    333
                ],
                [
                    447,
                    335
                ],
                [
                    448,
                    336
                ],
                [
                    448,
                    338
                ],
                [
                    449,
                    339
                ],
                [
                    449,
                    343
                ],
                [
                    450,
                    344
                ],
                [
                    450,
                    350
                ],
                [
                    451,
                    351
                ],
                [
                    451,
                    354
                ],
                [
                    452,
                    355
                ],
                [
                    452,
                    358
                ],
                [
                    454,
                    360
                ],
                [
                    454,
                    363
                ],
                [
                    456,
                    365
                ],
                [
                    456,
                    366
                ],
                [
                    458,
                    368
                ],
                [
                    458,
                    371
                ],
                [
                    461,
                    374
                ],
                [
                    461,
                    375
                ],
                [
                    462,
                    376
                ],
                [
                    462,
                    378
                ],
                [
                    463,
                    379
                ],
                [
                    463,
                    382
                ],
                [
                    464,
                    383
                ],
                [
                    464,
                    386
                ],
                [
                    465,
                    387
                ],
                [
                    465,
                    390
                ],
                [
                    468,
                    393
                ],
                [
                    468,
                    394
                ],
                [
                    472,
                    398
                ],
                [
                    472,
                    399
                ],
                [
                    473,
                    399
                ],
                [
                    475,
                    401
                ],
                [
                    475,
                    402
                ],
                [
                    477,
                    404
                ],
                [
                    477,
                    405
                ],
                [
                    478,
                    406
                ],
                [
                    478,
                    407
                ],
                [
                    479,
                    408
                ],
                [
                    479,
                    410
                ],
                [
                    480,
                    411
                ],
                [
                    480,
                    412
                ],
                [
                    482,
                    414
                ],
                [
                    482,
                    415
                ],
                [
                    483,
                    416
                ],
                [
                    483,
                    418
                ],
                [
                    484,
                    419
                ],
                [
                    484,
                    420
                ],
                [
                    486,
                    422
                ],
                [
                    486,
                    423
                ],
                [
                    487,
                    424
                ],
                [
                    487,
                    426
                ],
                [
                    488,
                    427
                ],
                [
                    488,
                    428
                ],
                [
                    489,
                    428
                ],
                [
                    491,
                    430
                ],
                [
                    491,
                    431
                ],
                [
                    492,
                    432
                ],
                [
                    493,
                    432
                ],
                [
                    495,
                    434
                ],
                [
                    495,
                    435
                ],
                [
                    496,
                    436
                ],
                [
                    497,
                    436
                ],
                [
                    499,
                    438
                ],
                [
                    499,
                    439
                ],
                [
                    500,
                    440
                ],
                [
                    506,
                    440
                ],
                [
                    507,
                    441
                ],
                [
                    510,
                    441
                ],
                [
                    511,
                    442
                ],
                [
                    514,
                    442
                ],
                [
                    515,
                    443
                ],
                [
                    519,
                    443
                ],
                [
                    520,
                    444
                ],
                [
                    526,
                    444
                ],
                [
                    527,
                    443
                ],
                [
                    533,
                    443
                ],
                [
                    534,
                    442
                ],
                [
                    539,
                    442
                ],
                [
                    540,
                    441
                ],
                [
                    546,
                    441
                ],
                [
                    547,
                    440
                ],
                [
                    554,
                    440
                ],
                [
                    555,
                    439
                ],
                [
                    556,
                    439
                ],
                [
                    557,
                    438
                ],
                [
                    559,
                    438
                ],
                [
                    560,
                    437
                ],
                [
                    561,
                    437
                ],
                [
                    562,
                    436
                ],
                [
                    566,
                    436
                ],
                [
                    567,
                    435
                ],
                [
                    568,
                    435
                ],
                [
                    569,
                    434
                ],
                [
                    570,
                    434
                ],
                [
                    571,
                    433
                ],
                [
                    572,
                    433
                ],
                [
                    575,
                    430
                ],
                [
                    576,
                    430
                ],
                [
                    576,
                    429
                ],
                [
                    577,
                    428
                ],
                [
                    579,
                    428
                ],
                [
                    580,
                    427
                ],
                [
                    580,
                    426
                ],
                [
                    582,
                    424
                ],
                [
                    584,
                    424
                ],
                [
                    584,
                    423
                ],
                [
                    585,
                    422
                ],
                [
                    586,
                    422
                ],
                [
                    589,
                    419
                ],
                [
                    590,
                    419
                ],
                [
                    593,
                    416
                ],
                [
                    593,
                    415
                ],
                [
                    596,
                    412
                ],
                [
                    596,
                    410
                ],
                [
                    597,
                    409
                ],
                [
                    597,
                    406
                ],
                [
                    598,
                    405
                ],
                [
                    598,
                    403
                ],
                [
                    599,
                    402
                ],
                [
                    599,
                    400
                ],
                [
                    600,
                    399
                ],
                [
                    600,
                    394
                ],
                [
                    603,
                    391
                ],
                [
                    603,
                    390
                ],
                [
                    604,
                    389
                ],
                [
                    604,
                    387
                ],
                [
                    606,
                    385
                ],
                [
                    606,
                    384
                ],
                [
                    608,
                    382
                ],
                [
                    608,
                    380
                ],
                [
                    610,
                    378
                ],
                [
                    610,
                    377
                ],
                [
                    612,
                    375
                ],
                [
                    612,
                    373
                ],
                [
                    616,
                    369
                ],
                [
                    616,
                    368
                ],
                [
                    617,
                    367
                ],
                [
                    617,
                    366
                ],
                [
                    621,
                    362
                ],
                [
                    621,
                    361
                ],
                [
                    624,
                    358
                ],
                [
                    624,
                    357
                ],
                [
                    626,
                    355
                ],
                [
                    626,
                    354
                ],
                [
                    629,
                    351
                ],
                [
                    629,
                    350
                ],
                [
                    632,
                    347
                ],
                [
                    633,
                    347
                ],
                [
                    633,
                    338
                ],
                [
                    631,
                    338
                ],
                [
                    628,
                    335
                ],
                [
                    627,
                    335
                ],
                [
                    623,
                    331
                ],
                [
                    623,
                    330
                ],
                [
                    622,
                    330
                ],
                [
                    621,
                    329
                ],
                [
                    621,
                    328
                ],
                [
                    619,
                    326
                ],
                [
                    618,
                    326
                ],
                [
                    617,
                    325
                ],
                [
                    617,
                    324
                ],
                [
                    616,
                    323
                ],
                [
                    616,
                    322
                ],
                [
                    615,
                    322
                ],
                [
                    612,
                    319
                ],
                [
                    612,
                    318
                ],
                [
                    610,
                    316
                ],
                [
                    609,
                    316
                ],
                [
                    608,
                    315
                ],
                [
                    608,
                    314
                ],
                [
                    607,
                    314
                ],
                [
                    603,
                    310
                ],
                [
                    602,
                    310
                ],
                [
                    600,
                    308
                ],
                [
                    600,
                    307
                ],
                [
                    596,
                    303
                ],
                [
                    596,
                    302
                ],
                [
                    594,
                    300
                ],
                [
                    594,
                    299
                ],
                [
                    592,
                    297
                ],
                [
                    592,
                    296
                ],
                [
                    588,
                    292
                ],
                [
                    588,
                    290
                ],
                [
                    587,
                    290
                ],
                [
                    586,
                    289
                ],
                [
                    586,
                    288
                ],
                [
                    580,
                    282
                ],
                [
                    579,
                    282
                ],
                [
                    575,
                    278
                ],
                [
                    573,
                    278
                ],
                [
                    572,
                    277
                ],
                [
                    572,
                    276
                ],
                [
                    571,
                    276
                ],
                [
                    570,
                    275
                ],
                [
                    569,
                    275
                ],
                [
                    568,
                    274
                ],
                [
                    566,
                    274
                ],
                [
                    564,
                    272
                ],
                [
                    563,
                    272
                ],
                [
                    562,
                    271
                ],
                [
                    561,
                    271
                ],
                [
                    560,
                    270
                ],
                [
                    559,
                    270
                ],
                [
                    558,
                    269
                ],
                [
                    556,
                    269
                ],
                [
                    555,
                    268
                ],
                [
                    554,
                    268
                ],
                [
                    552,
                    266
                ],
                [
                    551,
                    266
                ],
                [
                    550,
                    265
                ],
                [
                    549,
                    265
                ],
                [
                    548,
                    264
                ],
                [
                    547,
                    264
                ],
                [
                    546,
                    263
                ],
                [
                    536,
                    263
                ],
                [
                    535,
                    262
                ],
                [
                    531,
                    262
                ],
                [
                    530,
                    261
                ],
                [
                    528,
                    261
                ],
                [
                    527,
                    260
                ],
                [
                    526,
                    260
                ],
                [
                    525,
                    259
                ],
                [
                    524,
                    259
                ],
                [
                    522,
                    257
                ]
            ],
            "group_id": null,
            "shape_type": "polygon",
            "flags": {}
        }
    ],
    "imagePath": "",
    "imageData": null,
    "imageHeight": 512,
    "imageWidth": 733
}