{
    "version": "4.5.6",
    "flags": {},
    "shapes": [
        {
            "label": "particle",
            "points": [
                [
                    275,
                    134
                ],
                [
                    274,
                    135
                ],
                [
                    269,
                    135
                ],
                [
                    268,
                    136
                ],
                [
                    264,
                    136
                ],
                [
                    263,
                    137
                ],
                [
                    253,
                    137
                ],
                [
                    251,
                    139
                ],
                [
                    250,
                    139
                ],
                [
                    248,
                    141
                ],
                [
                    245,
                    141
                ],
                [
                    243,
                    143
                ],
                [
                    242,
                    143
                ],
                [
                    241,
                    144
                ],
                [
                    240,
                    144
                ],
                [
                    239,
                    145
                ],
                [
                    237,
                    145
                ],
                [
                    236,
                    146
                ],
                [
                    235,
                    146
                ],
                [
                    232,
                    149
                ],
                [
                    230,
                    149
                ],
                [
                    226,
                    153
                ],
                [
                    225,
                    153
                ],
                [
                    223,
                    155
                ],
                [
                    222,
                    155
                ],
                [
                    220,
                    157
                ],
                [
                    219,
                    157
                ],
                [
                    218,
                    158
                ],
                [
                    217,
                    158
                ],
                [
                    214,
                    161
                ],
                [
                    213,
                    161
                ],
                [
                    212,
                    162
                ],
                [
                    212,
                    163
                ],
                [
                    209,
                    166
                ],
                [
                    209,
                    167
                ],
                [
                    208,
                    168
                ],
                [
                    208,
                    169
                ],
                [
                    207,
                    170
                ],
                [
                    207,
                    171
                ],
                [
                    204,
                    174
                ],
                [
                    204,
                    176
                ],
                [
                    202,
                    178
                ],
                [
                    202,
                    179
                ],
                [
                    200,
                    181
                ],
                [
                    200,
                    183
                ],
                [
                    199,
                    184
                ],
                [
                    199,
                    185
                ],
                [
                    198,
                    186
                ],
                [
                    198,
                    187
                ],
                [
                    197,
                    188
                ],
                [
                    197,
                    189
                ],
                [
                    196,
                    190
                ],
                [
                    196,
                    193
                ],
                [
                    195,
                    194
                ],
                [
                    195,
                    195
                ],
                [
                    194,
                    196
                ],
                [
                    194,
                    197
                ],
                [
                    193,
                    198
                ],
                [
                    193,
                    199
                ],
                [
                    192,
                    200
                ],
                [
                    192,
                    203
                ],
                [
                    191,
                    204
                ],
                [
                    191,
                    205
                ],
                [
                    190,
                    206
                ],
                [
                    190,
                    207
                ],
                [
                    189,
                    208
                ],
                [
                    189,
                    209
                ],
                [
                    188,
                    210
                ],
                [
                    188,
                    219
                ],
                [
                    187,
                    220
                ],
                [
                    187,
                    225
                ],
                [
                    186,
                    226
                ],
                [
                    186,
                    233
                ],
                [
                    185,
                    234
                ],
                [
                    185,
                    239
                ],
                [
                    186,
                    240
                ],
                [
                    186,
                    243
                ],
                [
                    187,
                    244
                ],
                [
                    187,
                    247
                ],
                [
                    188,
                    248
                ],
                [
                    188,
                    255
                ],
                [
                    189,
                    256
                ],
                [
                    189,
                    259
                ],
                [
                    190,
                    260
                ],
                [
                    190,
                    264
                ],
                [
                    191,
                    265
                ],
                [
                    191,
                    268
                ],
                [
                    192,
                    269
                ],
                [
                    192,
                    274
                ],
                [
                    193,
                    275
                ],
                [
                    193,
                    276
                ],
                [
                    194,
                    277
                ],
                [
                    194,
                    279
                ],
                [
                    195,
                    280
                ],
                [
                    195,
                    281
                ],
                [
                    196,
                    282
                ],
                [
                    196,
                    286
                ],
                [
                    198,
                    288
                ],
                [
                    198,
                    290
                ],
                [
                    199,
                    291
                ],
                [
                    199,
                    292
                ],
                [
                    200,
                    293
                ],
                [
                    200,
                    296
                ],
                [
                    201,
                    297
                ],
                [
                    201,
                    298
                ],
                [
                    202,
                    299
                ],
                [
                    202,
                    300
                ],
                [
                    203,
                    301
                ],
                [
                    203,
                    302
                ],
                [
                    204,
                    303
                ],
                [
                    204,
                    305
                ],
                [
                    205,
                    306
                ],
                [
                    205,
                    307
                ],
                [
                    206,
                    308
                ],
                [
                    206,
                    309
                ],
                [
                    207,
                    310
                ],
                [
                    207,
                    311
                ],
                [
                    208,
                    312
                ],
                [
                    208,
                    314
                ],
                [
                    209,
                    315
                ],
                [
                    209,
                    316
                ],
                [
                    210,
                    317
                ],
                [
                    210,
                    318
                ],
                [
                    211,
                    319
                ],
                [
                    211,
                    320
                ],
                [
                    212,
                    321
                ],
                [
                    212,
                    322
                ],
                [
                    213,
                    322
                ],
                [
                    215,
                    324
                ],
                [
                    216,
                    324
                ],
                [
                    217,
                    325
                ],
                [
                    218,
                    325
                ],
                [
                    219,
                    326
                ],
                [
                    220,
                    326
                ],
                [
                    221,
                    327
                ],
                [
                    221,
                    328
                ],
                [
                    223,
                    328
                ],
                [
                    226,
                    331
                ],
                [
                    227,
                    331
                ],
                [
                    228,
                    332
                ],
                [
                    229,
                    332
                ],
                [
                    230,
                    333
                ],
                [
                    231,
                    333
                ],
                [
                    233,
                    335
                ],
                [
                    235,
                    335
                ],
                [
                    236,
                    336
                ],
                [
                    240,
                    336
                ],
                [
                    241,
                    337
                ],
                [
                    244,
                    337
                ],
                [
                    245,
                    338
                ],
                [
                    247,
                    338
                ],
                [
                    248,
                    339
                ],
                [
                    249,
                    339
                ],
                [
                    250,
                    340
                ],
                [
                    255,
                    340
                ],
                [
                    256,
                    341
                ],
                [
                    258,
                    341
                ],
                [
                    259,
                    342
                ],
                [
                    260,
                    342
                ],
                [
                    261,
                    343
                ],
                [
                    263,
                    343
                ],
                [
                    264,
                    344
                ],
                [
                    268,
                    344
                ],
                [
                    269,
                    345
                ],
                [
                    271,
                    345
                ],
                [
                    272,
                    346
                ],
                [
                    273,
                    346
                ],
                [
                    274,
                    347
                ],
                [
                    276,
                    347
                ],
                [
                    277,
                    348
                ],
                [
                    280,
                    348
                ],
                [
                    281,
                    349
                ],
                [
                    283,
                    349
                ],
                [
                    284,
                    350
                ],
                [
                    285,
                    350
                ],
                [
                    286,
                    351
                ],
                [
                    288,
                    351
                ],
                [
                    289,
                    352
                ],
                [
                    292,
                    352
                ],
                [
                    293,
                    353
                ],
                [
                    294,
                    353
                ],
                [
                    295,
                    354
                ],
                [
                    297,
                    354
                ],
                [
                    298,
                    355
                ],
                [
                    301,
                    355
                ],
                [
                    302,
                    354
                ],
                [
                    305,
                    354
                ],
                [
                    306,
                    353
                ],
                [
                    310,
                    353
                ],
                [
                    311,
                    352
                ],
                [
                    318,
                    352
                ],
                [
                    319,
                    351
                ],
                [
                    322,
                    351
                ],
                [
                    323,
                    350
                ],
                [
                    324,
                    350
                ],
                [
                    325,
                    349
                ],
                [
                    327,
                    349
                ],
                [
                    328,
                    348
                ],
                [
                    333,
                    348
                ],
                [
                    334,
                    347
                ],
                [
                    335,
                    347
                ],
                [
                    336,
                    346
                ],
                [
                    337,
                    346
                ],
                [
                    339,
                    344
                ],
                [
                    341,
                    344
                ],
                [
                    344,
                    341
                ],
                [
                    345,
                    341
                ],
                [
                    346,
                    340
                ],
                [
                    347,
                    340
                ],
                [
                    348,
                    339
                ],
                [
                    349,
                    339
                ],
                [
                    352,
                    336
                ],
                [
                    354,
                    336
                ],
                [
                    358,
                    332
                ],
                [
                    359,
                    332
                ],
                [
                    362,
                    329
                ],
                [
                    363,
                    329
                ],
                [
                    366,
                    326
                ],
                [
                    367,
                    326
                ],
                [
                    367,
                    325
                ],
                [
                    368,
                    324
                ],
                [
                    370,
                    324
                ],
                [
                    371,
                    323
                ],
                [
                    371,
                    322
                ],
                [
                    373,
                    320
                ],
                [
                    375,
                    320
                ],
                [
                    375,
                    319
                ],
                [
                    378,
                    316
                ],
                [
                    379,
                    316
                ],
                [
                    379,
                    315
                ],
                [
                    380,
                    314
                ],
                [
                    380,
                    313
                ],
                [
                    381,
                    312
                ],
                [
                    382,
                    312
                ],
                [
                    383,
                    311
                ],
                [
                    383,
                    310
                ],
                [
                    385,
                    308
                ],
                [
                    386,
                    308
                ],
                [
                    386,
                    307
                ],
                [
                    387,
                    306
                ],
                [
                    387,
                    305
                ],
                [
                    388,
                    304
                ],
                [
                    389,
                    304
                ],
                [
                    391,
                    302
                ],
                [
                    391,
                    300
                ],
                [
                    392,
                    299
                ],
                [
                    392,
                    297
                ],
                [
                    394,
                    295
                ],
                [
                    394,
                    294
                ],
                [
                    395,
                    293
                ],
                [
                    395,
                    291
                ],
                [
                    396,
                    290
                ],
                [
                    396,
                    289
                ],
                [
                    398,
                    287
                ],
                [
                    398,
                    286
                ],
                [
                    399,
                    285
                ],
                [
                    399,
                    282
                ],
                [
                    400,
                    281
                ],
                [
                    400,
                    280
                ],
                [
                    402,
                    278
                ],
                [
                    402,
                    277
                ],
                [
                    403,
                    276
                ],
                [
                    403,
                    273
                ],
                [
                    404,
                    272
                ],
                [
                    404,
                    271
                ],
                [
                    405,
                    270
                ],
                [
                    405,
                    269
                ],
                [
                    407,
                    267
                ],
                [
                    407,
                    264
                ],
                [
                    408,
                    263
                ],
                [
                    408,
                    260
                ],
                [
                    409,
                    259
                ],
                [
                    409,
                    249
                ],
                [
                    410,
                    248
                ],
                [
                    410,
                    239
                ],
                [
                    411,
                    238
                ],
                [
                    410,
                    237
                ],
                [
                    410,
                    234
                ],
                [
                    409,
                    233
                ],
                [
                    409,
                    229
                ],
                [
                    408,
                    228
                ],
                [
                    408,
                    225
                ],
                [
                    407,
                    224
                ],
                [
                    407,
                    216
                ],
                [
                    406,
                    215
                ],
                [
                    406,
                    211
                ],
                [
                    405,
                    210
                ],
                [
                    405,
                    207
                ],
                [
                    403,
                    205
                ],
                [
                    403,
                    203
                ],
                [
                    401,
                    201
                ],
                [
                    401,
                    200
                ],
                [
                    399,
                    198
                ],
                [
                    399,
                    196
                ],
                [
                    398,
                    195
                ],
                [
                    398,
                    194
                ],
                [
                    395,
                    191
                ],
                [
                    395,
                    189
                ],
                [
                    394,
                    188
                ],
                [
                    394,
                    187
                ],
                [
                    391,
                    184
                ],
                [
                    391,
                    182
                ],
                [
                    390,
                    181
                ],
                [
                    389,
                    181
                ],
                [
                    387,
                    179
                ],
                [
                    387,
                    178
                ],
                [
                    386,
                    178
                ],
                [
                    382,
                    174
                ],
                [
                    381,
                    174
                ],
                [
                    377,
                    170
                ],
                [
                    376,
                    170
                ],
                [
                    375,
                    169
                ],
                [
                    375,
                    168
                ],
                [
                    374,
                    167
                ],
                [
                    373,
                    167
                ],
                [
                    369,
                    163
                ],
                [
                    368,
                    163
                ],
                [
                    366,
                    161
                ],
                [
                    364,
                    161
                ],
                [
                    363,
                    160
                ],
                [
                    361,
                    160
                ],
                [
                    359,
                    158
                ],
                [
                    358,
                    158
                ],
                [
                    357,
                    157
                ],
                [
                    355,
                    157
                ],
                [
                    354,
                    156
                ],
                [
                    352,
                    156
                ],
                [
                    350,
                    154
                ],
                [
                    349,
                    154
                ],
                [
                    348,
                    153
                ],
                [
                    346,
                    153
                ],
                [
                    345,
                    152
                ],
                [
                    344,
                    152
                ],
                [
                    343,
                    151
                ],
                [
                    342,
                    151
                ],
                [
                    341,
                    150
                ],
                [
                    340,
                    150
                ],
                [
                    339,
                    149
                ],
                [
                    337,
                    149
                ],
                [
                    336,
                    148
                ],
                [
                    335,
                    148
                ],
                [
                    334,
                    147
                ],
                [
                    333,
                    147
                ],
                [
                    332,
                    146
                ],
                [
                    331,
                    146
                ],
                [
                    330,
                    145
                ],
                [
                    327,
                    145
                ],
                [
                    326,
                    144
                ],
                [
                    324,
                    144
                ],
                [
                    323,
                    143
                ],
                [
                    322,
                    143
                ],
                [
                    321,
                    142
                ],
                [
                    320,
                    142
                ],
                [
                    319,
                    141
                ],
                [
                    315,
                    141
                ],
                [
                    313,
                    139
                ],
                [
                    311,
                    139
                ],
                [
                    310,
                    138
                ],
                [
                    309,
                    138
                ],
                [
                    308,
                    137
                ],
                [
                    303,
                    137
                ],
                [
                    302,
                    136
                ],
                [
                    300,
                    136
                ],
                [
                    299,
                    135
                ],
                [
                    287,
                    135
                ],
                [
                    286,
                    134
                ]
            ],
            "group_id": null,
            "shape_type": "polygon",
            "flags": {}
        }
    ],
    "imagePath": "",
    "imageData": null,
    "imageHeight": 512,
    "imageWidth": 528
}