{
    "version": "4.5.6",
    "flags": {},
    "shapes": [
        {
            "label": "particle",
            "points": [
                [
                    229,
                    75
                ],
                [
                    228,
                    76
                ],
                [
                    227,
                    76
                ],
                [
                    225,
                    78
                ],
                [
                    225,
                    82
                ],
                [
                    226,
                    83
                ],
                [
                    226,
                    85
                ],
                [
                    228,
                    87
                ],
                [
                    228,
                    88
                ],
                [
                    231,
                    91
                ],
                [
                    238,
                    91
                ],
                [
                    241,
                    88
                ],
                [
                    241,
                    83
                ],
                [
                    240,
                    82
                ],
                [
                    240,
                    81
                ],
                [
                    238,
                    79
                ],
                [
                    238,
                    78
                ],
                [
                    237,
                    77
                ],
                [
                    237,
                    76
                ],
                [
                    232,
                    76
                ],
                [
                    231,
                    75
                ]
            ],
            "group_id": null,
            "shape_type": "polygon",
            "flags": {}
        },
        {
            "label": "particle",
            "points": [
                [
                    216,
                    81
                ],
                [
                    216,
                    82
                ],
                [
                    214,
                    84
                ],
                [
                    214,
                    92
                ],
                [
                    215,
                    93
                ],
                [
                    217,
                    93
                ],
                [
                    218,
                    94
                ],
                [
                    226,
                    94
                ],
                [
                    226,
                    93
                ],
                [
                    227,
                    92
                ],
                [
                    227,
                    90
                ],
                [
                    228,
                    89
                ],
                [
                    226,
                    87
                ],
                [
                    226,
                    86
                ],
                [
                    225,
                    85
                ],
                [
                    225,
                    83
                ],
                [
                    224,
                    82
                ],
                [
                    224,
                    81
                ]
            ],
            "group_id": null,
            "shape_type": "polygon",
            "flags": {}
        },
        {
            "label": "particle",
            "points": [
                [
                    213,
                    95
                ],
                [
                    210,
                    98
                ],
                [
                    210,
                    99
                ],
                [
                    209,
                    100
                ],
                [
                    209,
                    107
                ],
                [
                    210,
                    107
                ],
                [
                    211,
                    108
                ],
                [
                    211,
                    110
                ],
                [
                    212,
                    111
                ],
                [
                    215,
                    111
                ],
                [
                    216,
                    112
                ],
                [
                    225,
                    112
                ],
                [
                    226,
                    111
                ],
                [
                    227,
                    111
                ],
                [
                    228,
                    110
                ],
                [
                    228,
                    104
                ],
                [
                    229,
                    103
                ],
                [
                    229,
                    102
                ],
                [
                    228,
                    101
                ],
                [
                    228,
                    98
                ],
                [
                    226,
                    96
                ],
                [
                    222,
                    96
                ],
                [
                    221,
                    95
                ]
            ],
            "group_id": null,
            "shape_type": "polygon",
            "flags": {}
        },
        {
            "label": "particle",
            "points": [
                [
                    35,
                    171
                ],
                [
                    34,
                    172
                ],
                [
                    34,
                    173
                ],
                [
                    33,
                    174
                ],
                [
                    32,
                    174
                ],
                [
                    31,
                    175
                ],
                [
                    31,
                    179
                ],
                [
                    33,
                    181
                ],
                [
                    33,
                    182
                ],
                [
                    34,
                    182
                ],
                [
                    35,
                    183
                ],
                [
                    35,
                    184
                ],
                [
                    44,
                    184
                ],
                [
                    44,
                    183
                ],
                [
                    45,
                    182
                ],
                [
                    45,
                    181
                ],
                [
                    46,
                    180
                ],
                [
                    46,
                    174
                ],
                [
                    45,
                    173
                ],
                [
                    45,
                    172
                ],
                [
                    44,
                    171
                ]
            ],
            "group_id": null,
            "shape_type": "polygon",
            "flags": {}
        },
        {
            "label": "particle",
            "points": [
                [
                    234,
                    264
                ],
                [
                    233,
                    265
                ],
                [
                    232,
                    265
                ],
                [
                    229,
                    268
                ],
                [
                    229,
                    271
                ],
                [
                    231,
                    273
                ],
                [
                    231,
                    274
                ],
                [
                    232,
                    275
                ],
                [
                    232,
                    277
                ],
                [
                    234,
                    279
                ],
                [
                    242,
                    279
                ],
                [
                    242,
                    278
                ],
                [
                    244,
                    276
                ],
                [
                    244,
                    274
                ],
                [
                    245,
                    273
                ],
                [
                    245,
                    270
                ],
                [
                    244,
                    269
                ],
                [
                    244,
                    267
                ],
                [
                    243,
                    266
                ],
                [
                    243,
                    265
                ],
                [
                    242,
                    264
                ]
            ],
            "group_id": null,
            "shape_type": "polygon",
            "flags": {}
        },
        {
            "label": "particle",
            "points": [
                [
                    455,
                    463
                ],
                [
                    454,
                    464
                ],
                [
                    450,
                    464
                ],
                [
                    449,
                    465
                ],
                [
                    449,
                    466
                ],
                [
                    448,
                    467
                ],
                [
                    448,
                    469
                ],
                [
                    447,
                    470
                ],
                [
                    448,
                    471
                ],
                [
                    448,
                    474
                ],
                [
                    449,
                    475
                ],
                [
                    450,
                    475
                ],
                [
                    451,
                    476
                ],
                [
                    451,
                    477
                ],
                [
                    453,
                    479
                ],
                [
                    457,
                    479
                ],
                [
                    458,
                    478
                ],
                [
                    459,
                    478
                ],
                [
                    460,
                    477
                ],
                [
                    461,
                    477
                ],
                [
                    461,
                    476
                ],
                [
                    463,
                    474
                ],
                [
                    463,
                    470
                ],
                [
                    462,
                    469
                ],
                [
                    462,
                    468
                ],
                [
                    461,
                    467
                ],
                [
                    461,
                    465
                ],
                [
                    460,
                    464
                ],
                [
                    459,
                    464
                ],
                [
                    458,
                    463
                ]
            ],
            "group_id": null,
            "shape_type": "polygon",
            "flags": {}
        }
    ],
    "imagePath": "",
    "imageData": null,
    "imageHeight": 512,
    "imageWidth": 512
}