{
    "version": "4.5.6",
    "flags": {},
    "shapes": [
        {
            "label": "particle",
            "points": [
                [
                    56,
                    22
                ],
                [
                    55,
                    23
                ],
                [
                    48,
                    23
                ],
                [
                    47,
                    24
                ],
                [
                    44,
                    24
                ],
                [
                    43,
                    25
                ],
                [
                    41,
                    25
                ],
                [
                    40,
                    26
                ],
                [
                    39,
                    26
                ],
                [
                    38,
                    27
                ],
                [
                    37,
                    27
                ],
                [
                    36,
                    28
                ],
                [
                    34,
                    28
                ],
                [
                    33,
                    29
                ],
                [
                    32,
                    29
                ],
                [
                    29,
                    32
                ],
                [
                    28,
                    32
                ],
                [
                    24,
                    36
                ],
                [
                    23,
                    36
                ],
                [
                    23,
                    37
                ],
                [
                    22,
                    38
                ],
                [
                    22,
                    39
                ],
                [
                    21,
                    40
                ],
                [
                    20,
                    40
                ],
                [
                    19,
                    41
                ],
                [
                    19,
                    42
                ],
                [
                    18,
                    43
                ],
                [
                    18,
                    45
                ],
                [
                    17,
                    46
                ],
                [
                    17,
                    51
                ],
                [
                    18,
                    52
                ],
                [
                    18,
                    53
                ],
                [
                    19,
                    54
                ],
                [
                    19,
                    62
                ],
                [
                    18,
                    63
                ],
                [
                    18,
                    64
                ],
                [
                    17,
                    65
                ],
                [
                    17,
                    66
                ],
                [
                    16,
                    67
                ],
                [
                    16,
                    68
                ],
                [
                    15,
                    69
                ],
                [
                    15,
                    71
                ],
                [
                    14,
                    72
                ],
                [
                    14,
                    74
                ],
                [
                    15,
                    75
                ],
                [
                    15,
                    99
                ],
                [
                    16,
                    100
                ],
                [
                    16,
                    109
                ],
                [
                    17,
                    110
                ],
                [
                    17,
                    118
                ],
                [
                    18,
                    119
                ],
                [
                    18,
                    123
                ],
                [
                    19,
                    124
                ],
                [
                    19,
                    130
                ],
                [
                    20,
                    131
                ],
                [
                    20,
                    132
                ],
                [
                    21,
                    133
                ],
                [
                    21,
                    134
                ],
                [
                    23,
                    136
                ],
                [
                    23,
                    138
                ],
                [
                    25,
                    140
                ],
                [
                    25,
                    141
                ],
                [
                    28,
                    144
                ],
                [
                    28,
                    145
                ],
                [
                    29,
                    146
                ],
                [
                    30,
                    146
                ],
                [
                    31,
                    147
                ],
                [
                    31,
                    149
                ],
                [
                    32,
                    150
                ],
                [
                    33,
                    150
                ],
                [
                    34,
                    151
                ],
                [
                    36,
                    151
                ],
                [
                    38,
                    153
                ],
                [
                    39,
                    153
                ],
                [
                    41,
                    155
                ],
                [
                    43,
                    155
                ],
                [
                    44,
                    156
                ],
                [
                    45,
                    156
                ],
                [
                    46,
                    157
                ],
                [
                    47,
                    157
                ],
                [
                    49,
                    159
                ],
                [
                    70,
                    159
                ],
                [
                    71,
                    158
                ],
                [
                    73,
                    158
                ],
                [
                    74,
                    157
                ],
                [
                    75,
                    157
                ],
                [
                    76,
                    156
                ],
                [
                    77,
                    156
                ],
                [
                    78,
                    155
                ],
                [
                    80,
                    155
                ],
                [
                    82,
                    153
                ],
                [
                    83,
                    153
                ],
                [
                    84,
                    152
                ],
                [
                    85,
                    152
                ],
                [
                    86,
                    151
                ],
                [
                    87,
                    151
                ],
                [
                    90,
                    148
                ],
                [
                    90,
                    147
                ],
                [
                    91,
                    146
                ],
                [
                    92,
                    146
                ],
                [
                    94,
                    144
                ],
                [
                    94,
                    143
                ],
                [
                    99,
                    138
                ],
                [
                    99,
                    137
                ],
                [
                    102,
                    134
                ],
                [
                    102,
                    129
                ],
                [
                    103,
                    128
                ],
                [
                    103,
                    126
                ],
                [
                    104,
                    125
                ],
                [
                    104,
                    123
                ],
                [
                    105,
                    122
                ],
                [
                    105,
                    119
                ],
                [
                    106,
                    118
                ],
                [
                    106,
                    111
                ],
                [
                    107,
                    110
                ],
                [
                    107,
                    91
                ],
                [
                    106,
                    90
                ],
                [
                    106,
                    73
                ],
                [
                    105,
                    72
                ],
                [
                    105,
                    68
                ],
                [
                    104,
                    67
                ],
                [
                    104,
                    64
                ],
                [
                    103,
                    63
                ],
                [
                    103,
                    60
                ],
                [
                    102,
                    59
                ],
                [
                    102,
                    54
                ],
                [
                    101,
                    53
                ],
                [
                    101,
                    52
                ],
                [
                    100,
                    51
                ],
                [
                    100,
                    49
                ],
                [
                    99,
                    48
                ],
                [
                    99,
                    47
                ],
                [
                    98,
                    46
                ],
                [
                    98,
                    44
                ],
                [
                    97,
                    43
                ],
                [
                    97,
                    42
                ],
                [
                    94,
                    39
                ],
                [
                    94,
                    37
                ],
                [
                    93,
                    36
                ],
                [
                    91,
                    36
                ],
                [
                    90,
                    35
                ],
                [
                    89,
                    35
                ],
                [
                    88,
                    34
                ],
                [
                    87,
                    34
                ],
                [
                    86,
                    33
                ],
                [
                    85,
                    33
                ],
                [
                    84,
                    32
                ],
                [
                    82,
                    32
                ],
                [
                    81,
                    31
                ],
                [
                    80,
                    31
                ],
                [
                    79,
                    30
                ],
                [
                    78,
                    30
                ],
                [
                    76,
                    28
                ],
                [
                    74,
                    28
                ],
                [
                    70,
                    24
                ],
                [
                    69,
                    24
                ],
                [
                    68,
                    23
                ],
                [
                    66,
                    23
                ],
                [
                    65,
                    22
                ]
            ],
            "group_id": null,
            "shape_type": "polygon",
            "flags": {}
        },
        {
            "label": "particle",
            "points": [
                [
                    186,
                    58
                ],
                [
                    184,
                    60
                ],
                [
                    183,
                    60
                ],
                [
                    182,
                    61
                ],
                [
                    177,
                    61
                ],
                [
                    176,
                    62
                ],
                [
                    173,
                    62
                ],
                [
                    169,
                    66
                ],
                [
                    169,
                    67
                ],
                [
                    166,
                    70
                ],
                [
                    165,
                    70
                ],
                [
                    165,
                    71
                ],
                [
                    160,
                    76
                ],
                [
                    160,
                    78
                ],
                [
                    159,
                    79
                ],
                [
                    159,
                    80
                ],
                [
                    158,
                    81
                ],
                [
                    158,
                    82
                ],
                [
                    157,
                    83
                ],
                [
                    157,
                    124
                ],
                [
                    159,
                    126
                ],
                [
                    159,
                    127
                ],
                [
                    161,
                    129
                ],
                [
                    161,
                    132
                ],
                [
                    162,
                    133
                ],
                [
                    162,
                    134
                ],
                [
                    163,
                    135
                ],
                [
                    163,
                    136
                ],
                [
                    165,
                    138
                ],
                [
                    165,
                    141
                ],
                [
                    167,
                    143
                ],
                [
                    167,
                    144
                ],
                [
                    169,
                    146
                ],
                [
                    169,
                    147
                ],
                [
                    173,
                    151
                ],
                [
                    173,
                    153
                ],
                [
                    174,
                    153
                ],
                [
                    175,
                    154
                ],
                [
                    176,
                    154
                ],
                [
                    179,
                    157
                ],
                [
                    180,
                    157
                ],
                [
                    181,
                    158
                ],
                [
                    182,
                    158
                ],
                [
                    184,
                    160
                ],
                [
                    185,
                    160
                ],
                [
                    186,
                    161
                ],
                [
                    190,
                    161
                ],
                [
                    191,
                    162
                ],
                [
                    202,
                    162
                ],
                [
                    203,
                    161
                ],
                [
                    210,
                    161
                ],
                [
                    210,
                    160
                ],
                [
                    213,
                    157
                ],
                [
                    214,
                    157
                ],
                [
                    215,
                    156
                ],
                [
                    215,
                    154
                ],
                [
                    216,
                    153
                ],
                [
                    217,
                    153
                ],
                [
                    218,
                    152
                ],
                [
                    218,
                    151
                ],
                [
                    219,
                    150
                ],
                [
                    219,
                    149
                ],
                [
                    221,
                    147
                ],
                [
                    221,
                    146
                ],
                [
                    223,
                    144
                ],
                [
                    223,
                    142
                ],
                [
                    224,
                    141
                ],
                [
                    225,
                    141
                ],
                [
                    225,
                    140
                ],
                [
                    226,
                    139
                ],
                [
                    226,
                    138
                ],
                [
                    227,
                    137
                ],
                [
                    227,
                    136
                ],
                [
                    229,
                    134
                ],
                [
                    229,
                    133
                ],
                [
                    230,
                    132
                ],
                [
                    231,
                    132
                ],
                [
                    231,
                    131
                ],
                [
                    232,
                    130
                ],
                [
                    232,
                    129
                ],
                [
                    234,
                    127
                ],
                [
                    234,
                    125
                ],
                [
                    235,
                    124
                ],
                [
                    235,
                    92
                ],
                [
                    234,
                    91
                ],
                [
                    234,
                    87
                ],
                [
                    232,
                    85
                ],
                [
                    232,
                    84
                ],
                [
                    231,
                    83
                ],
                [
                    231,
                    81
                ],
                [
                    230,
                    80
                ],
                [
                    230,
                    79
                ],
                [
                    229,
                    79
                ],
                [
                    227,
                    77
                ],
                [
                    227,
                    76
                ],
                [
                    226,
                    75
                ],
                [
                    225,
                    75
                ],
                [
                    223,
                    73
                ],
                [
                    223,
                    71
                ],
                [
                    222,
                    70
                ],
                [
                    221,
                    70
                ],
                [
                    217,
                    66
                ],
                [
                    216,
                    66
                ],
                [
                    215,
                    65
                ],
                [
                    214,
                    65
                ],
                [
                    213,
                    64
                ],
                [
                    211,
                    64
                ],
                [
                    210,
                    63
                ],
                [
                    208,
                    63
                ],
                [
                    207,
                    62
                ],
                [
                    203,
                    62
                ],
                [
                    201,
                    60
                ],
                [
                    200,
                    60
                ],
                [
                    199,
                    59
                ],
                [
                    198,
                    59
                ],
                [
                    197,
                    58
                ]
            ],
            "group_id": null,
            "shape_type": "polygon",
            "flags": {}
        },
        {
            "label": "particle",
            "points": [
                [
                    332,
                    37
                ],
                [
                    331,
                    38
                ],
                [
                    322,
                    38
                ],
                [
                    321,
                    39
                ],
                [
                    317,
                    39
                ],
                [
                    316,
                    40
                ],
                [
                    312,
                    40
                ],
                [
                    311,
                    41
                ],
                [
                    304,
                    41
                ],
                [
                    303,
                    42
                ],
                [
                    302,
                    42
                ],
                [
                    301,
                    43
                ],
                [
                    300,
                    43
                ],
                [
                    298,
                    45
                ],
                [
                    296,
                    45
                ],
                [
                    294,
                    47
                ],
                [
                    293,
                    47
                ],
                [
                    291,
                    49
                ],
                [
                    290,
                    49
                ],
                [
                    289,
                    50
                ],
                [
                    288,
                    50
                ],
                [
                    288,
                    53
                ],
                [
                    287,
                    54
                ],
                [
                    287,
                    57
                ],
                [
                    289,
                    57
                ],
                [
                    290,
                    58
                ],
                [
                    290,
                    59
                ],
                [
                    289,
                    60
                ],
                [
                    289,
                    61
                ],
                [
                    288,
                    62
                ],
                [
                    288,
                    63
                ],
                [
                    287,
                    64
                ],
                [
                    287,
                    65
                ],
                [
                    286,
                    66
                ],
                [
                    285,
                    66
                ],
                [
                    285,
                    67
                ],
                [
                    284,
                    68
                ],
                [
                    284,
                    75
                ],
                [
                    285,
                    76
                ],
                [
                    285,
                    78
                ],
                [
                    286,
                    79
                ],
                [
                    286,
                    90
                ],
                [
                    287,
                    91
                ],
                [
                    287,
                    102
                ],
                [
                    288,
                    103
                ],
                [
                    288,
                    104
                ],
                [
                    289,
                    105
                ],
                [
                    289,
                    106
                ],
                [
                    291,
                    108
                ],
                [
                    291,
                    109
                ],
                [
                    292,
                    110
                ],
                [
                    292,
                    111
                ],
                [
                    293,
                    111
                ],
                [
                    294,
                    112
                ],
                [
                    295,
                    112
                ],
                [
                    298,
                    115
                ],
                [
                    300,
                    115
                ],
                [
                    301,
                    116
                ],
                [
                    302,
                    116
                ],
                [
                    304,
                    118
                ],
                [
                    306,
                    118
                ],
                [
                    307,
                    119
                ],
                [
                    310,
                    119
                ],
                [
                    311,
                    120
                ],
                [
                    312,
                    120
                ],
                [
                    313,
                    121
                ],
                [
                    314,
                    121
                ],
                [
                    315,
                    122
                ],
                [
                    316,
                    122
                ],
                [
                    317,
                    123
                ],
                [
                    318,
                    123
                ],
                [
                    319,
                    124
                ],
                [
                    320,
                    124
                ],
                [
                    321,
                    125
                ],
                [
                    336,
                    125
                ],
                [
                    337,
                    124
                ],
                [
                    341,
                    124
                ],
                [
                    342,
                    123
                ],
                [
                    345,
                    123
                ],
                [
                    346,
                    122
                ],
                [
                    348,
                    122
                ],
                [
                    349,
                    121
                ],
                [
                    350,
                    121
                ],
                [
                    351,
                    120
                ],
                [
                    352,
                    120
                ],
                [
                    353,
                    119
                ],
                [
                    355,
                    119
                ],
                [
                    356,
                    118
                ],
                [
                    357,
                    118
                ],
                [
                    359,
                    116
                ],
                [
                    360,
                    116
                ],
                [
                    361,
                    115
                ],
                [
                    364,
                    115
                ],
                [
                    365,
                    114
                ],
                [
                    366,
                    114
                ],
                [
                    368,
                    112
                ],
                [
                    369,
                    112
                ],
                [
                    374,
                    107
                ],
                [
                    374,
                    105
                ],
                [
                    376,
                    103
                ],
                [
                    376,
                    101
                ],
                [
                    378,
                    99
                ],
                [
                    378,
                    95
                ],
                [
                    380,
                    93
                ],
                [
                    380,
                    91
                ],
                [
                    382,
                    89
                ],
                [
                    382,
                    86
                ],
                [
                    381,
                    85
                ],
                [
                    381,
                    78
                ],
                [
                    380,
                    77
                ],
                [
                    380,
                    75
                ],
                [
                    378,
                    73
                ],
                [
                    378,
                    68
                ],
                [
                    377,
                    67
                ],
                [
                    377,
                    66
                ],
                [
                    376,
                    65
                ],
                [
                    376,
                    63
                ],
                [
                    375,
                    62
                ],
                [
                    375,
                    61
                ],
                [
                    374,
                    60
                ],
                [
                    374,
                    57
                ],
                [
                    372,
                    55
                ],
                [
                    372,
                    54
                ],
                [
                    369,
                    51
                ],
                [
                    369,
                    50
                ],
                [
                    368,
                    49
                ],
                [
                    367,
                    49
                ],
                [
                    364,
                    46
                ],
                [
                    363,
                    46
                ],
                [
                    362,
                    45
                ],
                [
                    359,
                    45
                ],
                [
                    358,
                    44
                ],
                [
                    356,
                    44
                ],
                [
                    355,
                    43
                ],
                [
                    354,
                    43
                ],
                [
                    353,
                    42
                ],
                [
                    352,
                    42
                ],
                [
                    351,
                    41
                ],
                [
                    347,
                    41
                ],
                [
                    346,
                    40
                ],
                [
                    344,
                    40
                ],
                [
                    343,
                    39
                ],
                [
                    340,
                    39
                ],
                [
                    339,
                    38
                ],
                [
                    335,
                    38
                ],
                [
                    334,
                    37
                ]
            ],
            "group_id": null,
            "shape_type": "polygon",
            "flags": {}
        },
        {
            "label": "particle",
            "points": [
                [
                    460,
                    51
                ],
                [
                    458,
                    53
                ],
                [
                    457,
                    53
                ],
                [
                    456,
                    54
                ],
                [
                    455,
                    54
                ],
                [
                    453,
                    56
                ],
                [
                    447,
                    56
                ],
                [
                    446,
                    57
                ],
                [
                    445,
                    57
                ],
                [
                    444,
                    58
                ],
                [
                    443,
                    58
                ],
                [
                    442,
                    59
                ],
                [
                    441,
                    59
                ],
                [
                    440,
                    60
                ],
                [
                    437,
                    60
                ],
                [
                    435,
                    62
                ],
                [
                    434,
                    62
                ],
                [
                    434,
                    63
                ],
                [
                    433,
                    64
                ],
                [
                    431,
                    64
                ],
                [
                    430,
                    65
                ],
                [
                    430,
                    66
                ],
                [
                    428,
                    68
                ],
                [
                    427,
                    68
                ],
                [
                    426,
                    69
                ],
                [
                    426,
                    70
                ],
                [
                    423,
                    73
                ],
                [
                    423,
                    74
                ],
                [
                    422,
                    75
                ],
                [
                    422,
                    103
                ],
                [
                    421,
                    104
                ],
                [
                    421,
                    105
                ],
                [
                    420,
                    106
                ],
                [
                    420,
                    112
                ],
                [
                    419,
                    113
                ],
                [
                    419,
                    119
                ],
                [
                    420,
                    120
                ],
                [
                    420,
                    121
                ],
                [
                    421,
                    121
                ],
                [
                    422,
                    122
                ],
                [
                    422,
                    124
                ],
                [
                    428,
                    130
                ],
                [
                    429,
                    130
                ],
                [
                    430,
                    131
                ],
                [
                    430,
                    132
                ],
                [
                    432,
                    134
                ],
                [
                    433,
                    134
                ],
                [
                    434,
                    135
                ],
                [
                    434,
                    136
                ],
                [
                    436,
                    138
                ],
                [
                    437,
                    138
                ],
                [
                    441,
                    142
                ],
                [
                    442,
                    142
                ],
                [
                    447,
                    147
                ],
                [
                    448,
                    147
                ],
                [
                    449,
                    148
                ],
                [
                    450,
                    148
                ],
                [
                    451,
                    149
                ],
                [
                    451,
                    150
                ],
                [
                    454,
                    150
                ],
                [
                    455,
                    151
                ],
                [
                    455,
                    152
                ],
                [
                    456,
                    152
                ],
                [
                    457,
                    153
                ],
                [
                    458,
                    153
                ],
                [
                    459,
                    154
                ],
                [
                    462,
                    154
                ],
                [
                    464,
                    156
                ],
                [
                    465,
                    156
                ],
                [
                    467,
                    158
                ],
                [
                    486,
                    158
                ],
                [
                    487,
                    157
                ],
                [
                    489,
                    157
                ],
                [
                    490,
                    156
                ],
                [
                    493,
                    156
                ],
                [
                    494,
                    155
                ],
                [
                    496,
                    155
                ],
                [
                    497,
                    154
                ],
                [
                    499,
                    154
                ],
                [
                    501,
                    152
                ],
                [
                    502,
                    152
                ],
                [
                    503,
                    151
                ],
                [
                    504,
                    151
                ],
                [
                    505,
                    150
                ],
                [
                    507,
                    150
                ],
                [
                    508,
                    149
                ],
                [
                    508,
                    148
                ],
                [
                    510,
                    146
                ],
                [
                    512,
                    146
                ],
                [
                    512,
                    145
                ],
                [
                    515,
                    142
                ],
                [
                    516,
                    142
                ],
                [
                    516,
                    141
                ],
                [
                    519,
                    138
                ],
                [
                    520,
                    138
                ],
                [
                    520,
                    136
                ],
                [
                    522,
                    134
                ],
                [
                    523,
                    134
                ],
                [
                    524,
                    133
                ],
                [
                    524,
                    132
                ],
                [
                    528,
                    128
                ],
                [
                    528,
                    127
                ],
                [
                    530,
                    125
                ],
                [
                    530,
                    124
                ],
                [
                    532,
                    122
                ],
                [
                    532,
                    120
                ],
                [
                    533,
                    119
                ],
                [
                    533,
                    118
                ],
                [
                    535,
                    116
                ],
                [
                    535,
                    115
                ],
                [
                    536,
                    114
                ],
                [
                    536,
                    93
                ],
                [
                    535,
                    92
                ],
                [
                    535,
                    90
                ],
                [
                    534,
                    89
                ],
                [
                    534,
                    88
                ],
                [
                    533,
                    87
                ],
                [
                    533,
                    85
                ],
                [
                    532,
                    84
                ],
                [
                    532,
                    80
                ],
                [
                    531,
                    79
                ],
                [
                    531,
                    78
                ],
                [
                    530,
                    77
                ],
                [
                    530,
                    76
                ],
                [
                    529,
                    75
                ],
                [
                    529,
                    74
                ],
                [
                    528,
                    73
                ],
                [
                    528,
                    72
                ],
                [
                    527,
                    72
                ],
                [
                    526,
                    71
                ],
                [
                    526,
                    70
                ],
                [
                    523,
                    67
                ],
                [
                    522,
                    67
                ],
                [
                    519,
                    64
                ],
                [
                    517,
                    64
                ],
                [
                    515,
                    62
                ],
                [
                    514,
                    62
                ],
                [
                    512,
                    60
                ],
                [
                    509,
                    60
                ],
                [
                    508,
                    59
                ],
                [
                    506,
                    59
                ],
                [
                    505,
                    58
                ],
                [
                    503,
                    58
                ],
                [
                    502,
                    57
                ],
                [
                    499,
                    57
                ],
                [
                    498,
                    56
                ],
                [
                    491,
                    56
                ],
                [
                    490,
                    55
                ],
                [
                    488,
                    55
                ],
                [
                    487,
                    54
                ],
                [
                    486,
                    54
                ],
                [
                    485,
                    53
                ],
                [
                    484,
                    53
                ],
                [
                    483,
                    52
                ],
                [
                    480,
                    52
                ],
                [
                    479,
                    51
                ]
            ],
            "group_id": null,
            "shape_type": "polygon",
            "flags": {}
        },
        {
            "label": "particle",
            "points": [
                [
                    345,
                    193
                ],
                [
                    344,
                    194
                ],
                [
                    341,
                    194
                ],
                [
                    340,
                    195
                ],
                [
                    338,
                    195
                ],
                [
                    337,
                    196
                ],
                [
                    335,
                    196
                ],
                [
                    334,
                    197
                ],
                [
                    329,
                    197
                ],
                [
                    327,
                    199
                ],
                [
                    326,
                    199
                ],
                [
                    324,
                    201
                ],
                [
                    322,
                    201
                ],
                [
                    322,
                    202
                ],
                [
                    321,
                    203
                ],
                [
                    320,
                    203
                ],
                [
                    313,
                    210
                ],
                [
                    313,
                    220
                ],
                [
                    314,
                    221
                ],
                [
                    314,
                    224
                ],
                [
                    313,
                    225
                ],
                [
                    313,
                    226
                ],
                [
                    312,
                    227
                ],
                [
                    312,
                    229
                ],
                [
                    310,
                    231
                ],
                [
                    310,
                    233
                ],
                [
                    309,
                    234
                ],
                [
                    309,
                    242
                ],
                [
                    310,
                    243
                ],
                [
                    310,
                    250
                ],
                [
                    311,
                    251
                ],
                [
                    311,
                    254
                ],
                [
                    312,
                    255
                ],
                [
                    312,
                    259
                ],
                [
                    313,
                    260
                ],
                [
                    313,
                    277
                ],
                [
                    314,
                    278
                ],
                [
                    314,
                    283
                ],
                [
                    323,
                    292
                ],
                [
                    324,
                    292
                ],
                [
                    326,
                    294
                ],
                [
                    327,
                    294
                ],
                [
                    328,
                    295
                ],
                [
                    330,
                    295
                ],
                [
                    331,
                    296
                ],
                [
                    332,
                    296
                ],
                [
                    335,
                    299
                ],
                [
                    337,
                    299
                ],
                [
                    340,
                    302
                ],
                [
                    341,
                    302
                ],
                [
                    342,
                    303
                ],
                [
                    346,
                    303
                ],
                [
                    347,
                    304
                ],
                [
                    348,
                    304
                ],
                [
                    349,
                    305
                ],
                [
                    350,
                    305
                ],
                [
                    351,
                    306
                ],
                [
                    354,
                    306
                ],
                [
                    355,
                    307
                ],
                [
                    359,
                    307
                ],
                [
                    360,
                    308
                ],
                [
                    365,
                    308
                ],
                [
                    366,
                    307
                ],
                [
                    368,
                    307
                ],
                [
                    369,
                    306
                ],
                [
                    370,
                    306
                ],
                [
                    371,
                    305
                ],
                [
                    372,
                    305
                ],
                [
                    373,
                    304
                ],
                [
                    375,
                    304
                ],
                [
                    376,
                    303
                ],
                [
                    378,
                    303
                ],
                [
                    379,
                    302
                ],
                [
                    380,
                    302
                ],
                [
                    382,
                    300
                ],
                [
                    383,
                    300
                ],
                [
                    384,
                    299
                ],
                [
                    386,
                    299
                ],
                [
                    389,
                    296
                ],
                [
                    390,
                    296
                ],
                [
                    391,
                    295
                ],
                [
                    393,
                    295
                ],
                [
                    394,
                    294
                ],
                [
                    395,
                    294
                ],
                [
                    397,
                    292
                ],
                [
                    398,
                    292
                ],
                [
                    399,
                    291
                ],
                [
                    400,
                    291
                ],
                [
                    401,
                    290
                ],
                [
                    401,
                    288
                ],
                [
                    403,
                    286
                ],
                [
                    403,
                    285
                ],
                [
                    405,
                    283
                ],
                [
                    405,
                    280
                ],
                [
                    406,
                    279
                ],
                [
                    406,
                    278
                ],
                [
                    407,
                    277
                ],
                [
                    407,
                    276
                ],
                [
                    408,
                    275
                ],
                [
                    408,
                    272
                ],
                [
                    409,
                    271
                ],
                [
                    409,
                    265
                ],
                [
                    410,
                    264
                ],
                [
                    410,
                    259
                ],
                [
                    411,
                    258
                ],
                [
                    411,
                    245
                ],
                [
                    410,
                    244
                ],
                [
                    410,
                    237
                ],
                [
                    409,
                    236
                ],
                [
                    409,
                    231
                ],
                [
                    408,
                    230
                ],
                [
                    408,
                    229
                ],
                [
                    407,
                    228
                ],
                [
                    407,
                    226
                ],
                [
                    405,
                    224
                ],
                [
                    405,
                    222
                ],
                [
                    402,
                    219
                ],
                [
                    402,
                    218
                ],
                [
                    401,
                    217
                ],
                [
                    401,
                    210
                ],
                [
                    400,
                    209
                ],
                [
                    398,
                    209
                ],
                [
                    396,
                    207
                ],
                [
                    394,
                    207
                ],
                [
                    392,
                    205
                ],
                [
                    392,
                    204
                ],
                [
                    391,
                    203
                ],
                [
                    391,
                    202
                ],
                [
                    382,
                    202
                ],
                [
                    381,
                    201
                ],
                [
                    380,
                    201
                ],
                [
                    379,
                    200
                ],
                [
                    378,
                    200
                ],
                [
                    375,
                    197
                ],
                [
                    373,
                    197
                ],
                [
                    372,
                    196
                ],
                [
                    372,
                    195
                ],
                [
                    371,
                    195
                ],
                [
                    370,
                    194
                ],
                [
                    367,
                    194
                ],
                [
                    366,
                    193
                ]
            ],
            "group_id": null,
            "shape_type": "polygon",
            "flags": {}
        },
        {
            "label": "particle",
            "points": [
                [
                    406,
                    371
                ],
                [
                    405,
                    372
                ],
                [
                    404,
                    372
                ],
                [
                    403,
                    373
                ],
                [
                    402,
                    373
                ],
                [
                    400,
                    375
                ],
                [
                    399,
                    375
                ],
                [
                    394,
                    380
                ],
                [
                    393,
                    380
                ],
                [
                    389,
                    384
                ],
                [
                    389,
                    385
                ],
                [
                    386,
                    388
                ],
                [
                    385,
                    388
                ],
                [
                    385,
                    389
                ],
                [
                    382,
                    392
                ],
                [
                    381,
                    392
                ],
                [
                    381,
                    394
                ],
                [
                    379,
                    396
                ],
                [
                    378,
                    396
                ],
                [
                    378,
                    397
                ],
                [
                    377,
                    398
                ],
                [
                    377,
                    401
                ],
                [
                    376,
                    402
                ],
                [
                    376,
                    403
                ],
                [
                    374,
                    405
                ],
                [
                    374,
                    407
                ],
                [
                    373,
                    408
                ],
                [
                    373,
                    411
                ],
                [
                    372,
                    412
                ],
                [
                    372,
                    414
                ],
                [
                    371,
                    415
                ],
                [
                    371,
                    416
                ],
                [
                    370,
                    417
                ],
                [
                    370,
                    419
                ],
                [
                    369,
                    420
                ],
                [
                    369,
                    430
                ],
                [
                    370,
                    431
                ],
                [
                    370,
                    433
                ],
                [
                    371,
                    434
                ],
                [
                    371,
                    436
                ],
                [
                    372,
                    437
                ],
                [
                    372,
                    439
                ],
                [
                    373,
                    440
                ],
                [
                    373,
                    443
                ],
                [
                    374,
                    444
                ],
                [
                    374,
                    445
                ],
                [
                    375,
                    446
                ],
                [
                    375,
                    448
                ],
                [
                    377,
                    450
                ],
                [
                    377,
                    453
                ],
                [
                    385,
                    461
                ],
                [
                    385,
                    462
                ],
                [
                    393,
                    470
                ],
                [
                    393,
                    471
                ],
                [
                    395,
                    473
                ],
                [
                    396,
                    473
                ],
                [
                    397,
                    474
                ],
                [
                    398,
                    474
                ],
                [
                    400,
                    476
                ],
                [
                    401,
                    476
                ],
                [
                    403,
                    478
                ],
                [
                    405,
                    478
                ],
                [
                    407,
                    480
                ],
                [
                    408,
                    480
                ],
                [
                    409,
                    481
                ],
                [
                    410,
                    481
                ],
                [
                    411,
                    482
                ],
                [
                    414,
                    482
                ],
                [
                    415,
                    483
                ],
                [
                    434,
                    483
                ],
                [
                    435,
                    482
                ],
                [
                    438,
                    482
                ],
                [
                    439,
                    481
                ],
                [
                    441,
                    481
                ],
                [
                    442,
                    480
                ],
                [
                    443,
                    480
                ],
                [
                    444,
                    479
                ],
                [
                    445,
                    479
                ],
                [
                    446,
                    478
                ],
                [
                    449,
                    478
                ],
                [
                    450,
                    477
                ],
                [
                    451,
                    477
                ],
                [
                    454,
                    474
                ],
                [
                    455,
                    474
                ],
                [
                    456,
                    473
                ],
                [
                    457,
                    473
                ],
                [
                    461,
                    469
                ],
                [
                    461,
                    468
                ],
                [
                    463,
                    466
                ],
                [
                    463,
                    465
                ],
                [
                    464,
                    464
                ],
                [
                    464,
                    463
                ],
                [
                    467,
                    460
                ],
                [
                    467,
                    459
                ],
                [
                    468,
                    458
                ],
                [
                    471,
                    458
                ],
                [
                    471,
                    457
                ],
                [
                    473,
                    455
                ],
                [
                    473,
                    454
                ],
                [
                    474,
                    453
                ],
                [
                    474,
                    449
                ],
                [
                    475,
                    448
                ],
                [
                    475,
                    430
                ],
                [
                    476,
                    429
                ],
                [
                    476,
                    428
                ],
                [
                    477,
                    427
                ],
                [
                    477,
                    417
                ],
                [
                    475,
                    415
                ],
                [
                    475,
                    412
                ],
                [
                    474,
                    411
                ],
                [
                    474,
                    410
                ],
                [
                    473,
                    409
                ],
                [
                    473,
                    408
                ],
                [
                    472,
                    407
                ],
                [
                    472,
                    406
                ],
                [
                    471,
                    405
                ],
                [
                    471,
                    403
                ],
                [
                    470,
                    402
                ],
                [
                    470,
                    401
                ],
                [
                    469,
                    400
                ],
                [
                    469,
                    399
                ],
                [
                    468,
                    398
                ],
                [
                    468,
                    397
                ],
                [
                    467,
                    396
                ],
                [
                    467,
                    394
                ],
                [
                    465,
                    392
                ],
                [
                    464,
                    392
                ],
                [
                    459,
                    387
                ],
                [
                    458,
                    387
                ],
                [
                    455,
                    384
                ],
                [
                    452,
                    384
                ],
                [
                    451,
                    383
                ],
                [
                    451,
                    382
                ],
                [
                    450,
                    382
                ],
                [
                    449,
                    381
                ],
                [
                    448,
                    381
                ],
                [
                    447,
                    380
                ],
                [
                    446,
                    380
                ],
                [
                    445,
                    379
                ],
                [
                    444,
                    379
                ],
                [
                    443,
                    378
                ],
                [
                    442,
                    378
                ],
                [
                    441,
                    377
                ],
                [
                    439,
                    377
                ],
                [
                    437,
                    375
                ],
                [
                    434,
                    375
                ],
                [
                    433,
                    374
                ],
                [
                    432,
                    374
                ],
                [
                    431,
                    373
                ],
                [
                    430,
                    373
                ],
                [
                    429,
                    372
                ],
                [
                    428,
                    372
                ],
                [
                    427,
                    371
                ]
            ],
            "group_id": null,
            "shape_type": "polygon",
            "flags": {}
        },
        {
            "label": "particle",
            "points": [
                [
                    131,
                    232
                ],
                [
                    130,
                    233
                ],
                [
                    128,
                    233
                ],
                [
                    127,
                    234
                ],
                [
                    124,
                    234
                ],
                [
                    123,
                    235
                ],
                [
                    121,
                    235
                ],
                [
                    120,
                    236
                ],
                [
                    114,
                    236
                ],
                [
                    113,
                    237
                ],
                [
                    110,
                    237
                ],
                [
                    109,
                    238
                ],
                [
                    108,
                    238
                ],
                [
                    107,
                    239
                ],
                [
                    106,
                    239
                ],
                [
                    105,
                    240
                ],
                [
                    103,
                    240
                ],
                [
                    101,
                    242
                ],
                [
                    99,
                    242
                ],
                [
                    94,
                    247
                ],
                [
                    94,
                    248
                ],
                [
                    91,
                    251
                ],
                [
                    91,
                    253
                ],
                [
                    90,
                    254
                ],
                [
                    90,
                    256
                ],
                [
                    91,
                    257
                ],
                [
                    92,
                    257
                ],
                [
                    93,
                    258
                ],
                [
                    93,
                    261
                ],
                [
                    90,
                    264
                ],
                [
                    90,
                    265
                ],
                [
                    89,
                    266
                ],
                [
                    89,
                    268
                ],
                [
                    87,
                    270
                ],
                [
                    87,
                    271
                ],
                [
                    86,
                    272
                ],
                [
                    86,
                    281
                ],
                [
                    87,
                    282
                ],
                [
                    87,
                    290
                ],
                [
                    88,
                    291
                ],
                [
                    88,
                    292
                ],
                [
                    89,
                    293
                ],
                [
                    89,
                    294
                ],
                [
                    90,
                    295
                ],
                [
                    90,
                    310
                ],
                [
                    91,
                    311
                ],
                [
                    91,
                    313
                ],
                [
                    92,
                    314
                ],
                [
                    92,
                    315
                ],
                [
                    93,
                    315
                ],
                [
                    94,
                    316
                ],
                [
                    94,
                    318
                ],
                [
                    95,
                    319
                ],
                [
                    96,
                    319
                ],
                [
                    97,
                    320
                ],
                [
                    97,
                    321
                ],
                [
                    99,
                    323
                ],
                [
                    103,
                    323
                ],
                [
                    104,
                    324
                ],
                [
                    105,
                    324
                ],
                [
                    106,
                    325
                ],
                [
                    107,
                    325
                ],
                [
                    108,
                    326
                ],
                [
                    109,
                    326
                ],
                [
                    110,
                    327
                ],
                [
                    111,
                    327
                ],
                [
                    112,
                    328
                ],
                [
                    113,
                    328
                ],
                [
                    114,
                    329
                ],
                [
                    114,
                    330
                ],
                [
                    115,
                    330
                ],
                [
                    116,
                    331
                ],
                [
                    118,
                    331
                ],
                [
                    119,
                    332
                ],
                [
                    121,
                    332
                ],
                [
                    123,
                    334
                ],
                [
                    125,
                    334
                ],
                [
                    126,
                    335
                ],
                [
                    133,
                    335
                ],
                [
                    134,
                    336
                ],
                [
                    138,
                    336
                ],
                [
                    139,
                    337
                ],
                [
                    143,
                    337
                ],
                [
                    144,
                    336
                ],
                [
                    152,
                    336
                ],
                [
                    153,
                    335
                ],
                [
                    156,
                    335
                ],
                [
                    157,
                    334
                ],
                [
                    159,
                    334
                ],
                [
                    160,
                    333
                ],
                [
                    161,
                    333
                ],
                [
                    162,
                    332
                ],
                [
                    163,
                    332
                ],
                [
                    164,
                    331
                ],
                [
                    167,
                    331
                ],
                [
                    169,
                    329
                ],
                [
                    171,
                    329
                ],
                [
                    173,
                    327
                ],
                [
                    176,
                    327
                ],
                [
                    178,
                    325
                ],
                [
                    179,
                    325
                ],
                [
                    180,
                    324
                ],
                [
                    181,
                    324
                ],
                [
                    182,
                    323
                ],
                [
                    185,
                    323
                ],
                [
                    189,
                    319
                ],
                [
                    189,
                    318
                ],
                [
                    192,
                    315
                ],
                [
                    192,
                    314
                ],
                [
                    193,
                    313
                ],
                [
                    193,
                    310
                ],
                [
                    194,
                    309
                ],
                [
                    194,
                    307
                ],
                [
                    195,
                    306
                ],
                [
                    195,
                    305
                ],
                [
                    196,
                    304
                ],
                [
                    196,
                    303
                ],
                [
                    197,
                    302
                ],
                [
                    197,
                    297
                ],
                [
                    201,
                    293
                ],
                [
                    201,
                    283
                ],
                [
                    199,
                    281
                ],
                [
                    199,
                    280
                ],
                [
                    198,
                    279
                ],
                [
                    198,
                    278
                ],
                [
                    197,
                    277
                ],
                [
                    197,
                    273
                ],
                [
                    196,
                    272
                ],
                [
                    196,
                    269
                ],
                [
                    195,
                    268
                ],
                [
                    195,
                    265
                ],
                [
                    194,
                    264
                ],
                [
                    194,
                    261
                ],
                [
                    193,
                    260
                ],
                [
                    193,
                    259
                ],
                [
                    192,
                    258
                ],
                [
                    192,
                    257
                ],
                [
                    191,
                    257
                ],
                [
                    189,
                    255
                ],
                [
                    189,
                    253
                ],
                [
                    185,
                    249
                ],
                [
                    185,
                    248
                ],
                [
                    183,
                    246
                ],
                [
                    183,
                    245
                ],
                [
                    181,
                    243
                ],
                [
                    180,
                    243
                ],
                [
                    179,
                    242
                ],
                [
                    176,
                    242
                ],
                [
                    175,
                    241
                ],
                [
                    169,
                    241
                ],
                [
                    168,
                    240
                ],
                [
                    164,
                    240
                ],
                [
                    163,
                    239
                ],
                [
                    162,
                    239
                ],
                [
                    161,
                    238
                ],
                [
                    160,
                    238
                ],
                [
                    159,
                    237
                ],
                [
                    158,
                    237
                ],
                [
                    157,
                    236
                ],
                [
                    155,
                    236
                ],
                [
                    154,
                    235
                ],
                [
                    153,
                    235
                ],
                [
                    151,
                    233
                ],
                [
                    138,
                    233
                ],
                [
                    137,
                    232
                ]
            ],
            "group_id": null,
            "shape_type": "polygon",
            "flags": {}
        }
    ],
    "imagePath": "",
    "imageData": null,
    "imageHeight": 512,
    "imageWidth": 555
}