{
    "version": "4.5.6",
    "flags": {},
    "shapes": [
        {
            "label": "particle",
            "points": [
                [
                    354,
                    35
                ],
                [
                    353,
                    36
                ],
                [
                    352,
                    36
                ],
                [
                    351,
                    37
                ],
                [
                    350,
                    37
                ],
                [
                    350,
                    39
                ],
                [
                    352,
                    41
                ],
                [
                    352,
                    42
                ],
                [
                    354,
                    44
                ],
                [
                    354,
                    49
                ],
                [
                    352,
                    51
                ],
                [
                    351,
                    51
                ],
                [
                    350,
                    52
                ],
                [
                    351,
                    53
                ],
                [
                    351,
                    54
                ],
                [
                    352,
                    55
                ],
                [
                    353,
                    55
                ],
                [
                    354,
                    56
                ],
                [
                    354,
                    58
                ],
                [
                    356,
                    60
                ],
                [
                    357,
                    60
                ],
                [
                    358,
                    61
                ],
                [
                    358,
                    63
                ],
                [
                    359,
                    64
                ],
                [
                    360,
                    64
                ],
                [
                    361,
                    65
                ],
                [
                    361,
                    66
                ],
                [
                    362,
                    67
                ],
                [
                    362,
                    78
                ],
                [
                    363,
                    79
                ],
                [
                    363,
                    80
                ],
                [
                    364,
                    81
                ],
                [
                    364,
                    82
                ],
                [
                    365,
                    83
                ],
                [
                    365,
                    84
                ],
                [
                    366,
                    85
                ],
                [
                    366,
                    87
                ],
                [
                    367,
                    88
                ],
                [
                    367,
                    89
                ],
                [
                    368,
                    90
                ],
                [
                    368,
                    93
                ],
                [
                    369,
                    94
                ],
                [
                    369,
                    96
                ],
                [
                    370,
                    97
                ],
                [
                    370,
                    102
                ],
                [
                    371,
                    103
                ],
                [
                    371,
                    105
                ],
                [
                    372,
                    106
                ],
                [
                    372,
                    108
                ],
                [
                    374,
                    110
                ],
                [
                    374,
                    111
                ],
                [
                    376,
                    113
                ],
                [
                    376,
                    114
                ],
                [
                    377,
                    115
                ],
                [
                    377,
                    119
                ],
                [
                    378,
                    120
                ],
                [
                    378,
                    123
                ],
                [
                    379,
                    123
                ],
                [
                    380,
                    124
                ],
                [
                    389,
                    124
                ],
                [
                    390,
                    123
                ],
                [
                    391,
                    123
                ],
                [
                    393,
                    121
                ],
                [
                    394,
                    121
                ],
                [
                    397,
                    118
                ],
                [
                    398,
                    118
                ],
                [
                    399,
                    117
                ],
                [
                    399,
                    114
                ],
                [
                    398,
                    113
                ],
                [
                    399,
                    112
                ],
                [
                    399,
                    110
                ],
                [
                    401,
                    108
                ],
                [
                    401,
                    107
                ],
                [
                    403,
                    105
                ],
                [
                    403,
                    103
                ],
                [
                    408,
                    98
                ],
                [
                    409,
                    98
                ],
                [
                    410,
                    97
                ],
                [
                    413,
                    97
                ],
                [
                    414,
                    96
                ],
                [
                    415,
                    96
                ],
                [
                    416,
                    95
                ],
                [
                    417,
                    95
                ],
                [
                    418,
                    94
                ],
                [
                    419,
                    94
                ],
                [
                    420,
                    93
                ],
                [
                    423,
                    93
                ],
                [
                    424,
                    92
                ],
                [
                    424,
                    91
                ],
                [
                    426,
                    89
                ],
                [
                    426,
                    88
                ],
                [
                    427,
                    87
                ],
                [
                    427,
                    85
                ],
                [
                    428,
                    84
                ],
                [
                    428,
                    83
                ],
                [
                    429,
                    82
                ],
                [
                    429,
                    81
                ],
                [
                    430,
                    80
                ],
                [
                    431,
                    80
                ],
                [
                    431,
                    79
                ],
                [
                    433,
                    77
                ],
                [
                    434,
                    77
                ],
                [
                    435,
                    76
                ],
                [
                    436,
                    76
                ],
                [
                    436,
                    75
                ],
                [
                    439,
                    72
                ],
                [
                    440,
                    72
                ],
                [
                    440,
                    71
                ],
                [
                    443,
                    68
                ],
                [
                    444,
                    68
                ],
                [
                    444,
                    67
                ],
                [
                    448,
                    63
                ],
                [
                    448,
                    61
                ],
                [
                    450,
                    59
                ],
                [
                    450,
                    58
                ],
                [
                    452,
                    56
                ],
                [
                    452,
                    54
                ],
                [
                    454,
                    52
                ],
                [
                    454,
                    51
                ],
                [
                    455,
                    50
                ],
                [
                    454,
                    50
                ],
                [
                    452,
                    48
                ],
                [
                    451,
                    48
                ],
                [
                    450,
                    49
                ],
                [
                    404,
                    49
                ],
                [
                    403,
                    48
                ],
                [
                    400,
                    48
                ],
                [
                    399,
                    47
                ],
                [
                    393,
                    47
                ],
                [
                    392,
                    46
                ],
                [
                    389,
                    46
                ],
                [
                    387,
                    44
                ],
                [
                    385,
                    44
                ],
                [
                    384,
                    43
                ],
                [
                    381,
                    43
                ],
                [
                    380,
                    42
                ],
                [
                    379,
                    42
                ],
                [
                    378,
                    41
                ],
                [
                    377,
                    41
                ],
                [
                    376,
                    40
                ],
                [
                    374,
                    40
                ],
                [
                    372,
                    42
                ],
                [
                    370,
                    40
                ],
                [
                    368,
                    40
                ],
                [
                    367,
                    39
                ],
                [
                    363,
                    39
                ],
                [
                    362,
                    38
                ],
                [
                    361,
                    38
                ],
                [
                    360,
                    37
                ],
                [
                    359,
                    37
                ],
                [
                    358,
                    36
                ],
                [
                    356,
                    36
                ],
                [
                    355,
                    35
                ]
            ],
            "group_id": null,
            "shape_type": "polygon",
            "flags": {}
        },
        {
            "label": "particle",
            "points": [
                [
                    255,
                    198
                ],
                [
                    253,
                    200
                ],
                [
                    252,
                    200
                ],
                [
                    250,
                    202
                ],
                [
                    250,
                    203
                ],
                [
                    249,
                    204
                ],
                [
                    249,
                    205
                ],
                [
                    250,
                    206
                ],
                [
                    250,
                    207
                ],
                [
                    251,
                    208
                ],
                [
                    251,
                    209
                ],
                [
                    253,
                    211
                ],
                [
                    253,
                    212
                ],
                [
                    254,
                    213
                ],
                [
                    254,
                    214
                ],
                [
                    256,
                    216
                ],
                [
                    256,
                    218
                ],
                [
                    258,
                    220
                ],
                [
                    258,
                    221
                ],
                [
                    261,
                    224
                ],
                [
                    261,
                    226
                ],
                [
                    262,
                    227
                ],
                [
                    262,
                    228
                ],
                [
                    263,
                    228
                ],
                [
                    264,
                    229
                ],
                [
                    264,
                    230
                ],
                [
                    265,
                    231
                ],
                [
                    265,
                    232
                ],
                [
                    266,
                    233
                ],
                [
                    266,
                    234
                ],
                [
                    267,
                    235
                ],
                [
                    267,
                    236
                ],
                [
                    268,
                    237
                ],
                [
                    268,
                    238
                ],
                [
                    269,
                    239
                ],
                [
                    269,
                    243
                ],
                [
                    270,
                    244
                ],
                [
                    271,
                    244
                ],
                [
                    273,
                    246
                ],
                [
                    273,
                    247
                ],
                [
                    274,
                    248
                ],
                [
                    276,
                    248
                ],
                [
                    277,
                    249
                ],
                [
                    277,
                    250
                ],
                [
                    278,
                    251
                ],
                [
                    278,
                    252
                ],
                [
                    280,
                    254
                ],
                [
                    280,
                    255
                ],
                [
                    281,
                    256
                ],
                [
                    281,
                    258
                ],
                [
                    283,
                    260
                ],
                [
                    283,
                    261
                ],
                [
                    284,
                    262
                ],
                [
                    284,
                    269
                ],
                [
                    285,
                    270
                ],
                [
                    285,
                    271
                ],
                [
                    287,
                    273
                ],
                [
                    288,
                    273
                ],
                [
                    289,
                    274
                ],
                [
                    289,
                    276
                ],
                [
                    292,
                    279
                ],
                [
                    292,
                    282
                ],
                [
                    291,
                    283
                ],
                [
                    291,
                    284
                ],
                [
                    292,
                    285
                ],
                [
                    293,
                    285
                ],
                [
                    294,
                    286
                ],
                [
                    298,
                    286
                ],
                [
                    298,
                    283
                ],
                [
                    299,
                    282
                ],
                [
                    300,
                    282
                ],
                [
                    301,
                    281
                ],
                [
                    302,
                    281
                ],
                [
                    303,
                    280
                ],
                [
                    305,
                    280
                ],
                [
                    307,
                    278
                ],
                [
                    309,
                    278
                ],
                [
                    313,
                    274
                ],
                [
                    313,
                    273
                ],
                [
                    312,
                    273
                ],
                [
                    311,
                    272
                ],
                [
                    311,
                    271
                ],
                [
                    310,
                    270
                ],
                [
                    310,
                    269
                ],
                [
                    311,
                    268
                ],
                [
                    311,
                    267
                ],
                [
                    314,
                    264
                ],
                [
                    314,
                    262
                ],
                [
                    315,
                    261
                ],
                [
                    315,
                    260
                ],
                [
                    316,
                    259
                ],
                [
                    316,
                    258
                ],
                [
                    318,
                    256
                ],
                [
                    318,
                    254
                ],
                [
                    319,
                    253
                ],
                [
                    321,
                    253
                ],
                [
                    323,
                    251
                ],
                [
                    325,
                    251
                ],
                [
                    326,
                    252
                ],
                [
                    329,
                    252
                ],
                [
                    329,
                    251
                ],
                [
                    330,
                    250
                ],
                [
                    330,
                    248
                ],
                [
                    331,
                    247
                ],
                [
                    331,
                    245
                ],
                [
                    335,
                    241
                ],
                [
                    335,
                    240
                ],
                [
                    339,
                    236
                ],
                [
                    339,
                    235
                ],
                [
                    342,
                    232
                ],
                [
                    343,
                    232
                ],
                [
                    343,
                    230
                ],
                [
                    345,
                    228
                ],
                [
                    346,
                    228
                ],
                [
                    347,
                    227
                ],
                [
                    347,
                    225
                ],
                [
                    349,
                    223
                ],
                [
                    350,
                    223
                ],
                [
                    351,
                    222
                ],
                [
                    351,
                    220
                ],
                [
                    352,
                    219
                ],
                [
                    353,
                    219
                ],
                [
                    354,
                    218
                ],
                [
                    354,
                    217
                ],
                [
                    358,
                    213
                ],
                [
                    358,
                    212
                ],
                [
                    359,
                    211
                ],
                [
                    359,
                    208
                ],
                [
                    357,
                    208
                ],
                [
                    356,
                    207
                ],
                [
                    341,
                    207
                ],
                [
                    340,
                    206
                ],
                [
                    333,
                    206
                ],
                [
                    332,
                    205
                ],
                [
                    326,
                    205
                ],
                [
                    325,
                    204
                ],
                [
                    318,
                    204
                ],
                [
                    317,
                    203
                ],
                [
                    295,
                    203
                ],
                [
                    294,
                    202
                ],
                [
                    287,
                    202
                ],
                [
                    286,
                    201
                ],
                [
                    280,
                    201
                ],
                [
                    279,
                    200
                ],
                [
                    273,
                    200
                ],
                [
                    272,
                    199
                ],
                [
                    266,
                    199
                ],
                [
                    265,
                    198
                ]
            ],
            "group_id": null,
            "shape_type": "polygon",
            "flags": {}
        },
        {
            "label": "particle",
            "points": [
                [
                    254,
                    166
                ],
                [
                    250,
                    170
                ],
                [
                    249,
                    170
                ],
                [
                    248,
                    171
                ],
                [
                    247,
                    171
                ],
                [
                    244,
                    174
                ],
                [
                    242,
                    174
                ],
                [
                    239,
                    177
                ],
                [
                    238,
                    177
                ],
                [
                    237,
                    178
                ],
                [
                    236,
                    178
                ],
                [
                    234,
                    180
                ],
                [
                    233,
                    180
                ],
                [
                    233,
                    181
                ],
                [
                    232,
                    182
                ],
                [
                    230,
                    182
                ],
                [
                    228,
                    184
                ],
                [
                    227,
                    184
                ],
                [
                    226,
                    185
                ],
                [
                    225,
                    185
                ],
                [
                    224,
                    184
                ],
                [
                    224,
                    182
                ],
                [
                    223,
                    181
                ],
                [
                    223,
                    180
                ],
                [
                    222,
                    179
                ],
                [
                    207,
                    194
                ],
                [
                    206,
                    194
                ],
                [
                    205,
                    195
                ],
                [
                    203,
                    195
                ],
                [
                    202,
                    196
                ],
                [
                    200,
                    196
                ],
                [
                    198,
                    198
                ],
                [
                    196,
                    198
                ],
                [
                    196,
                    199
                ],
                [
                    197,
                    199
                ],
                [
                    199,
                    201
                ],
                [
                    197,
                    203
                ],
                [
                    191,
                    203
                ],
                [
                    190,
                    204
                ],
                [
                    188,
                    204
                ],
                [
                    189,
                    204
                ],
                [
                    191,
                    206
                ],
                [
                    192,
                    206
                ],
                [
                    193,
                    207
                ],
                [
                    194,
                    207
                ],
                [
                    195,
                    208
                ],
                [
                    197,
                    208
                ],
                [
                    199,
                    210
                ],
                [
                    200,
                    210
                ],
                [
                    201,
                    211
                ],
                [
                    202,
                    211
                ],
                [
                    203,
                    212
                ],
                [
                    204,
                    212
                ],
                [
                    205,
                    213
                ],
                [
                    206,
                    213
                ],
                [
                    208,
                    215
                ],
                [
                    210,
                    215
                ],
                [
                    211,
                    216
                ],
                [
                    212,
                    216
                ],
                [
                    213,
                    217
                ],
                [
                    214,
                    217
                ],
                [
                    216,
                    219
                ],
                [
                    218,
                    219
                ],
                [
                    220,
                    221
                ],
                [
                    221,
                    221
                ],
                [
                    222,
                    222
                ],
                [
                    223,
                    222
                ],
                [
                    225,
                    224
                ],
                [
                    228,
                    224
                ],
                [
                    230,
                    226
                ],
                [
                    231,
                    226
                ],
                [
                    233,
                    228
                ],
                [
                    236,
                    228
                ],
                [
                    238,
                    230
                ],
                [
                    239,
                    230
                ],
                [
                    241,
                    232
                ],
                [
                    244,
                    232
                ],
                [
                    246,
                    234
                ],
                [
                    247,
                    234
                ],
                [
                    249,
                    236
                ],
                [
                    252,
                    236
                ],
                [
                    254,
                    238
                ],
                [
                    255,
                    238
                ],
                [
                    256,
                    239
                ],
                [
                    257,
                    239
                ],
                [
                    258,
                    240
                ],
                [
                    260,
                    240
                ],
                [
                    262,
                    242
                ],
                [
                    262,
                    237
                ],
                [
                    261,
                    236
                ],
                [
                    261,
                    234
                ],
                [
                    260,
                    233
                ],
                [
                    260,
                    231
                ],
                [
                    259,
                    230
                ],
                [
                    259,
                    228
                ],
                [
                    258,
                    227
                ],
                [
                    258,
                    222
                ],
                [
                    257,
                    221
                ],
                [
                    257,
                    220
                ],
                [
                    255,
                    218
                ],
                [
                    255,
                    217
                ],
                [
                    254,
                    216
                ],
                [
                    254,
                    215
                ],
                [
                    253,
                    214
                ],
                [
                    253,
                    213
                ],
                [
                    252,
                    212
                ],
                [
                    252,
                    211
                ],
                [
                    249,
                    208
                ],
                [
                    249,
                    206
                ],
                [
                    248,
                    205
                ],
                [
                    248,
                    204
                ],
                [
                    249,
                    203
                ],
                [
                    249,
                    202
                ],
                [
                    252,
                    199
                ],
                [
                    253,
                    199
                ],
                [
                    254,
                    198
                ],
                [
                    254,
                    197
                ],
                [
                    256,
                    195
                ],
                [
                    257,
                    195
                ],
                [
                    257,
                    194
                ],
                [
                    258,
                    193
                ],
                [
                    258,
                    190
                ],
                [
                    259,
                    189
                ],
                [
                    259,
                    187
                ],
                [
                    260,
                    186
                ],
                [
                    260,
                    183
                ],
                [
                    261,
                    182
                ],
                [
                    261,
                    177
                ],
                [
                    260,
                    176
                ],
                [
                    260,
                    166
                ]
            ],
            "group_id": null,
            "shape_type": "polygon",
            "flags": {}
        },
        {
            "label": "particle",
            "points": [
                [
                    187,
                    205
                ],
                [
                    187,
                    269
                ],
                [
                    185,
                    271
                ],
                [
                    183,
                    271
                ],
                [
                    182,
                    272
                ],
                [
                    181,
                    272
                ],
                [
                    181,
                    274
                ],
                [
                    182,
                    275
                ],
                [
                    183,
                    275
                ],
                [
                    184,
                    276
                ],
                [
                    184,
                    277
                ],
                [
                    186,
                    279
                ],
                [
                    186,
                    284
                ],
                [
                    185,
                    285
                ],
                [
                    185,
                    290
                ],
                [
                    184,
                    291
                ],
                [
                    184,
                    294
                ],
                [
                    185,
                    293
                ],
                [
                    186,
                    293
                ],
                [
                    189,
                    290
                ],
                [
                    190,
                    290
                ],
                [
                    191,
                    289
                ],
                [
                    192,
                    289
                ],
                [
                    193,
                    288
                ],
                [
                    194,
                    288
                ],
                [
                    197,
                    285
                ],
                [
                    199,
                    285
                ],
                [
                    200,
                    284
                ],
                [
                    201,
                    284
                ],
                [
                    202,
                    283
                ],
                [
                    203,
                    283
                ],
                [
                    205,
                    281
                ],
                [
                    206,
                    281
                ],
                [
                    208,
                    279
                ],
                [
                    210,
                    279
                ],
                [
                    212,
                    277
                ],
                [
                    213,
                    277
                ],
                [
                    215,
                    275
                ],
                [
                    217,
                    275
                ],
                [
                    220,
                    272
                ],
                [
                    221,
                    272
                ],
                [
                    222,
                    271
                ],
                [
                    223,
                    271
                ],
                [
                    224,
                    270
                ],
                [
                    225,
                    270
                ],
                [
                    228,
                    267
                ],
                [
                    230,
                    267
                ],
                [
                    232,
                    265
                ],
                [
                    233,
                    265
                ],
                [
                    235,
                    263
                ],
                [
                    237,
                    263
                ],
                [
                    240,
                    260
                ],
                [
                    241,
                    260
                ],
                [
                    242,
                    259
                ],
                [
                    243,
                    259
                ],
                [
                    244,
                    258
                ],
                [
                    245,
                    258
                ],
                [
                    248,
                    255
                ],
                [
                    249,
                    255
                ],
                [
                    250,
                    254
                ],
                [
                    251,
                    254
                ],
                [
                    252,
                    253
                ],
                [
                    253,
                    253
                ],
                [
                    256,
                    250
                ],
                [
                    260,
                    250
                ],
                [
                    261,
                    249
                ],
                [
                    262,
                    249
                ],
                [
                    263,
                    248
                ],
                [
                    263,
                    245
                ],
                [
                    262,
                    244
                ],
                [
                    261,
                    244
                ],
                [
                    259,
                    242
                ],
                [
                    257,
                    242
                ],
                [
                    255,
                    240
                ],
                [
                    254,
                    240
                ],
                [
                    253,
                    239
                ],
                [
                    252,
                    239
                ],
                [
                    251,
                    238
                ],
                [
                    249,
                    238
                ],
                [
                    247,
                    236
                ],
                [
                    246,
                    236
                ],
                [
                    245,
                    235
                ],
                [
                    244,
                    235
                ],
                [
                    243,
                    234
                ],
                [
                    242,
                    234
                ],
                [
                    241,
                    233
                ],
                [
                    240,
                    233
                ],
                [
                    238,
                    231
                ],
                [
                    237,
                    231
                ],
                [
                    236,
                    230
                ],
                [
                    234,
                    230
                ],
                [
                    233,
                    229
                ],
                [
                    232,
                    229
                ],
                [
                    229,
                    226
                ],
                [
                    228,
                    226
                ],
                [
                    227,
                    225
                ],
                [
                    225,
                    225
                ],
                [
                    223,
                    223
                ],
                [
                    222,
                    223
                ],
                [
                    221,
                    222
                ],
                [
                    220,
                    222
                ],
                [
                    219,
                    221
                ],
                [
                    217,
                    221
                ],
                [
                    214,
                    218
                ],
                [
                    213,
                    218
                ],
                [
                    212,
                    217
                ],
                [
                    210,
                    217
                ],
                [
                    209,
                    216
                ],
                [
                    208,
                    216
                ],
                [
                    206,
                    214
                ],
                [
                    205,
                    214
                ],
                [
                    204,
                    213
                ],
                [
                    203,
                    213
                ],
                [
                    202,
                    212
                ],
                [
                    201,
                    212
                ],
                [
                    200,
                    211
                ],
                [
                    199,
                    211
                ],
                [
                    197,
                    209
                ],
                [
                    195,
                    209
                ],
                [
                    194,
                    208
                ],
                [
                    193,
                    208
                ],
                [
                    192,
                    207
                ],
                [
                    191,
                    207
                ],
                [
                    189,
                    205
                ]
            ],
            "group_id": null,
            "shape_type": "polygon",
            "flags": {}
        },
        {
            "label": "particle",
            "points": [
                [
                    229,
                    272
                ],
                [
                    228,
                    273
                ],
                [
                    227,
                    273
                ],
                [
                    226,
                    274
                ],
                [
                    224,
                    274
                ],
                [
                    223,
                    275
                ],
                [
                    222,
                    275
                ],
                [
                    221,
                    276
                ],
                [
                    220,
                    276
                ],
                [
                    219,
                    277
                ],
                [
                    218,
                    277
                ],
                [
                    217,
                    278
                ],
                [
                    215,
                    278
                ],
                [
                    214,
                    279
                ],
                [
                    213,
                    279
                ],
                [
                    212,
                    280
                ],
                [
                    211,
                    280
                ],
                [
                    210,
                    281
                ],
                [
                    209,
                    281
                ],
                [
                    208,
                    282
                ],
                [
                    206,
                    282
                ],
                [
                    205,
                    283
                ],
                [
                    204,
                    283
                ],
                [
                    203,
                    284
                ],
                [
                    202,
                    284
                ],
                [
                    201,
                    285
                ],
                [
                    200,
                    285
                ],
                [
                    199,
                    286
                ],
                [
                    197,
                    286
                ],
                [
                    194,
                    289
                ],
                [
                    193,
                    289
                ],
                [
                    192,
                    290
                ],
                [
                    191,
                    290
                ],
                [
                    190,
                    291
                ],
                [
                    189,
                    291
                ],
                [
                    186,
                    294
                ],
                [
                    185,
                    294
                ],
                [
                    184,
                    295
                ],
                [
                    183,
                    294
                ],
                [
                    183,
                    288
                ],
                [
                    184,
                    287
                ],
                [
                    184,
                    284
                ],
                [
                    183,
                    283
                ],
                [
                    180,
                    283
                ],
                [
                    179,
                    282
                ],
                [
                    175,
                    282
                ],
                [
                    174,
                    281
                ],
                [
                    172,
                    281
                ],
                [
                    171,
                    280
                ],
                [
                    169,
                    280
                ],
                [
                    168,
                    279
                ],
                [
                    167,
                    280
                ],
                [
                    166,
                    280
                ],
                [
                    165,
                    281
                ],
                [
                    163,
                    281
                ],
                [
                    162,
                    282
                ],
                [
                    158,
                    282
                ],
                [
                    157,
                    283
                ],
                [
                    155,
                    283
                ],
                [
                    154,
                    282
                ],
                [
                    146,
                    282
                ],
                [
                    145,
                    281
                ],
                [
                    144,
                    281
                ],
                [
                    144,
                    283
                ],
                [
                    143,
                    284
                ],
                [
                    143,
                    286
                ],
                [
                    147,
                    290
                ],
                [
                    148,
                    290
                ],
                [
                    150,
                    292
                ],
                [
                    150,
                    293
                ],
                [
                    151,
                    294
                ],
                [
                    151,
                    295
                ],
                [
                    152,
                    296
                ],
                [
                    152,
                    297
                ],
                [
                    153,
                    298
                ],
                [
                    153,
                    299
                ],
                [
                    154,
                    300
                ],
                [
                    154,
                    301
                ],
                [
                    155,
                    301
                ],
                [
                    157,
                    303
                ],
                [
                    158,
                    303
                ],
                [
                    162,
                    307
                ],
                [
                    163,
                    307
                ],
                [
                    164,
                    308
                ],
                [
                    165,
                    308
                ],
                [
                    167,
                    310
                ],
                [
                    167,
                    311
                ],
                [
                    169,
                    311
                ],
                [
                    170,
                    312
                ],
                [
                    170,
                    314
                ],
                [
                    169,
                    315
                ],
                [
                    169,
                    323
                ],
                [
                    171,
                    325
                ],
                [
                    171,
                    327
                ],
                [
                    172,
                    327
                ],
                [
                    173,
                    328
                ],
                [
                    173,
                    329
                ],
                [
                    175,
                    331
                ],
                [
                    175,
                    332
                ],
                [
                    176,
                    333
                ],
                [
                    176,
                    334
                ],
                [
                    179,
                    337
                ],
                [
                    179,
                    339
                ],
                [
                    182,
                    342
                ],
                [
                    182,
                    343
                ],
                [
                    183,
                    344
                ],
                [
                    183,
                    345
                ],
                [
                    185,
                    347
                ],
                [
                    185,
                    348
                ],
                [
                    186,
                    348
                ],
                [
                    187,
                    349
                ],
                [
                    187,
                    350
                ],
                [
                    188,
                    351
                ],
                [
                    188,
                    352
                ],
                [
                    189,
                    353
                ],
                [
                    189,
                    352
                ],
                [
                    191,
                    350
                ],
                [
                    191,
                    349
                ],
                [
                    192,
                    348
                ],
                [
                    192,
                    347
                ],
                [
                    193,
                    346
                ],
                [
                    193,
                    343
                ],
                [
                    195,
                    341
                ],
                [
                    195,
                    339
                ],
                [
                    196,
                    338
                ],
                [
                    196,
                    337
                ],
                [
                    197,
                    336
                ],
                [
                    197,
                    335
                ],
                [
                    198,
                    334
                ],
                [
                    198,
                    332
                ],
                [
                    199,
                    331
                ],
                [
                    199,
                    330
                ],
                [
                    200,
                    329
                ],
                [
                    200,
                    328
                ],
                [
                    201,
                    327
                ],
                [
                    201,
                    325
                ],
                [
                    202,
                    324
                ],
                [
                    202,
                    323
                ],
                [
                    204,
                    321
                ],
                [
                    204,
                    319
                ],
                [
                    205,
                    318
                ],
                [
                    205,
                    316
                ],
                [
                    206,
                    315
                ],
                [
                    206,
                    314
                ],
                [
                    207,
                    313
                ],
                [
                    207,
                    312
                ],
                [
                    208,
                    311
                ],
                [
                    208,
                    310
                ],
                [
                    209,
                    309
                ],
                [
                    209,
                    307
                ],
                [
                    210,
                    306
                ],
                [
                    210,
                    305
                ],
                [
                    211,
                    304
                ],
                [
                    211,
                    303
                ],
                [
                    213,
                    301
                ],
                [
                    213,
                    300
                ],
                [
                    214,
                    299
                ],
                [
                    214,
                    297
                ],
                [
                    216,
                    295
                ],
                [
                    216,
                    294
                ],
                [
                    217,
                    293
                ],
                [
                    217,
                    291
                ],
                [
                    220,
                    288
                ],
                [
                    220,
                    287
                ],
                [
                    221,
                    286
                ],
                [
                    221,
                    285
                ],
                [
                    222,
                    284
                ],
                [
                    222,
                    283
                ],
                [
                    223,
                    282
                ],
                [
                    224,
                    282
                ],
                [
                    224,
                    281
                ],
                [
                    225,
                    280
                ],
                [
                    225,
                    279
                ],
                [
                    226,
                    278
                ],
                [
                    226,
                    277
                ],
                [
                    229,
                    274
                ]
            ],
            "group_id": null,
            "shape_type": "polygon",
            "flags": {}
        },
        {
            "label": "particle",
            "points": [
                [
                    214,
                    300
                ],
                [
                    214,
                    301
                ],
                [
                    212,
                    303
                ],
                [
                    212,
                    304
                ],
                [
                    211,
                    305
                ],
                [
                    211,
                    306
                ],
                [
                    210,
                    307
                ],
                [
                    210,
                    309
                ],
                [
                    209,
                    310
                ],
                [
                    209,
                    311
                ],
                [
                    208,
                    312
                ],
                [
                    208,
                    313
                ],
                [
                    207,
                    314
                ],
                [
                    207,
                    315
                ],
                [
                    206,
                    316
                ],
                [
                    206,
                    318
                ],
                [
                    205,
                    319
                ],
                [
                    205,
                    321
                ],
                [
                    203,
                    323
                ],
                [
                    203,
                    324
                ],
                [
                    202,
                    325
                ],
                [
                    202,
                    328
                ],
                [
                    200,
                    330
                ],
                [
                    200,
                    331
                ],
                [
                    199,
                    332
                ],
                [
                    199,
                    334
                ],
                [
                    198,
                    335
                ],
                [
                    198,
                    337
                ],
                [
                    196,
                    339
                ],
                [
                    196,
                    341
                ],
                [
                    194,
                    343
                ],
                [
                    194,
                    346
                ],
                [
                    193,
                    347
                ],
                [
                    193,
                    348
                ],
                [
                    192,
                    349
                ],
                [
                    192,
                    350
                ],
                [
                    190,
                    352
                ],
                [
                    190,
                    355
                ],
                [
                    189,
                    356
                ],
                [
                    189,
                    357
                ],
                [
                    187,
                    359
                ],
                [
                    187,
                    360
                ],
                [
                    186,
                    361
                ],
                [
                    186,
                    362
                ],
                [
                    185,
                    363
                ],
                [
                    185,
                    366
                ],
                [
                    183,
                    368
                ],
                [
                    183,
                    370
                ],
                [
                    181,
                    372
                ],
                [
                    181,
                    376
                ],
                [
                    180,
                    377
                ],
                [
                    180,
                    380
                ],
                [
                    179,
                    381
                ],
                [
                    179,
                    383
                ],
                [
                    182,
                    383
                ],
                [
                    183,
                    382
                ],
                [
                    187,
                    382
                ],
                [
                    188,
                    381
                ],
                [
                    192,
                    381
                ],
                [
                    193,
                    380
                ],
                [
                    201,
                    380
                ],
                [
                    202,
                    379
                ],
                [
                    205,
                    379
                ],
                [
                    206,
                    378
                ],
                [
                    208,
                    378
                ],
                [
                    209,
                    377
                ],
                [
                    210,
                    377
                ],
                [
                    211,
                    376
                ],
                [
                    212,
                    376
                ],
                [
                    213,
                    375
                ],
                [
                    215,
                    375
                ],
                [
                    216,
                    374
                ],
                [
                    218,
                    374
                ],
                [
                    220,
                    372
                ],
                [
                    221,
                    372
                ],
                [
                    222,
                    371
                ],
                [
                    225,
                    371
                ],
                [
                    226,
                    370
                ],
                [
                    227,
                    370
                ],
                [
                    229,
                    368
                ],
                [
                    230,
                    368
                ],
                [
                    231,
                    367
                ],
                [
                    234,
                    367
                ],
                [
                    236,
                    365
                ],
                [
                    237,
                    365
                ],
                [
                    238,
                    364
                ],
                [
                    239,
                    364
                ],
                [
                    240,
                    363
                ],
                [
                    243,
                    363
                ],
                [
                    244,
                    362
                ],
                [
                    245,
                    362
                ],
                [
                    246,
                    361
                ],
                [
                    247,
                    361
                ],
                [
                    249,
                    359
                ],
                [
                    252,
                    359
                ],
                [
                    253,
                    358
                ],
                [
                    254,
                    358
                ],
                [
                    255,
                    357
                ],
                [
                    257,
                    357
                ],
                [
                    258,
                    356
                ],
                [
                    261,
                    356
                ],
                [
                    262,
                    355
                ],
                [
                    268,
                    355
                ],
                [
                    269,
                    354
                ],
                [
                    272,
                    354
                ],
                [
                    273,
                    353
                ],
                [
                    273,
                    349
                ],
                [
                    271,
                    347
                ],
                [
                    269,
                    347
                ],
                [
                    268,
                    346
                ],
                [
                    268,
                    345
                ],
                [
                    267,
                    344
                ],
                [
                    266,
                    344
                ],
                [
                    265,
                    343
                ],
                [
                    264,
                    343
                ],
                [
                    260,
                    339
                ],
                [
                    258,
                    339
                ],
                [
                    256,
                    337
                ],
                [
                    256,
                    336
                ],
                [
                    255,
                    336
                ],
                [
                    254,
                    335
                ],
                [
                    253,
                    335
                ],
                [
                    250,
                    332
                ],
                [
                    249,
                    332
                ],
                [
                    247,
                    330
                ],
                [
                    246,
                    330
                ],
                [
                    242,
                    326
                ],
                [
                    241,
                    326
                ],
                [
                    239,
                    324
                ],
                [
                    239,
                    322
                ],
                [
                    238,
                    321
                ],
                [
                    238,
                    320
                ],
                [
                    237,
                    319
                ],
                [
                    237,
                    318
                ],
                [
                    236,
                    318
                ],
                [
                    235,
                    317
                ],
                [
                    235,
                    316
                ],
                [
                    234,
                    315
                ],
                [
                    233,
                    315
                ],
                [
                    229,
                    311
                ],
                [
                    228,
                    311
                ],
                [
                    225,
                    308
                ],
                [
                    224,
                    308
                ],
                [
                    223,
                    307
                ],
                [
                    223,
                    306
                ],
                [
                    222,
                    306
                ],
                [
                    220,
                    304
                ],
                [
                    219,
                    304
                ],
                [
                    218,
                    303
                ],
                [
                    218,
                    302
                ],
                [
                    217,
                    302
                ],
                [
                    215,
                    300
                ]
            ],
            "group_id": null,
            "shape_type": "polygon",
            "flags": {}
        },
        {
            "label": "particle",
            "points": [
                [
                    183,
                    387
                ],
                [
                    182,
                    388
                ],
                [
                    180,
                    388
                ],
                [
                    180,
                    389
                ],
                [
                    178,
                    391
                ],
                [
                    178,
                    398
                ],
                [
                    179,
                    399
                ],
                [
                    179,
                    401
                ],
                [
                    180,
                    402
                ],
                [
                    180,
                    403
                ],
                [
                    181,
                    404
                ],
                [
                    181,
                    407
                ],
                [
                    182,
                    408
                ],
                [
                    182,
                    410
                ],
                [
                    183,
                    411
                ],
                [
                    183,
                    456
                ],
                [
                    182,
                    457
                ],
                [
                    182,
                    459
                ],
                [
                    180,
                    461
                ],
                [
                    180,
                    463
                ],
                [
                    179,
                    464
                ],
                [
                    179,
                    465
                ],
                [
                    178,
                    466
                ],
                [
                    178,
                    469
                ],
                [
                    177,
                    470
                ],
                [
                    177,
                    471
                ],
                [
                    175,
                    473
                ],
                [
                    175,
                    474
                ],
                [
                    174,
                    475
                ],
                [
                    174,
                    502
                ],
                [
                    175,
                    503
                ],
                [
                    175,
                    508
                ],
                [
                    177,
                    506
                ],
                [
                    178,
                    506
                ],
                [
                    178,
                    505
                ],
                [
                    182,
                    501
                ],
                [
                    183,
                    501
                ],
                [
                    183,
                    500
                ],
                [
                    185,
                    498
                ],
                [
                    186,
                    498
                ],
                [
                    187,
                    499
                ],
                [
                    187,
                    501
                ],
                [
                    188,
                    502
                ],
                [
                    188,
                    503
                ],
                [
                    189,
                    504
                ],
                [
                    189,
                    505
                ],
                [
                    191,
                    507
                ],
                [
                    194,
                    504
                ],
                [
                    195,
                    504
                ],
                [
                    195,
                    503
                ],
                [
                    197,
                    501
                ],
                [
                    198,
                    501
                ],
                [
                    199,
                    500
                ],
                [
                    199,
                    499
                ],
                [
                    200,
                    498
                ],
                [
                    201,
                    498
                ],
                [
                    202,
                    497
                ],
                [
                    203,
                    497
                ],
                [
                    203,
                    496
                ],
                [
                    206,
                    493
                ],
                [
                    207,
                    493
                ],
                [
                    209,
                    491
                ],
                [
                    210,
                    491
                ],
                [
                    212,
                    489
                ],
                [
                    213,
                    489
                ],
                [
                    215,
                    487
                ],
                [
                    216,
                    487
                ],
                [
                    216,
                    486
                ],
                [
                    217,
                    485
                ],
                [
                    219,
                    485
                ],
                [
                    223,
                    481
                ],
                [
                    224,
                    481
                ],
                [
                    226,
                    479
                ],
                [
                    227,
                    479
                ],
                [
                    229,
                    477
                ],
                [
                    230,
                    477
                ],
                [
                    234,
                    473
                ],
                [
                    236,
                    473
                ],
                [
                    238,
                    471
                ],
                [
                    239,
                    471
                ],
                [
                    241,
                    469
                ],
                [
                    243,
                    469
                ],
                [
                    244,
                    468
                ],
                [
                    245,
                    468
                ],
                [
                    247,
                    466
                ],
                [
                    248,
                    466
                ],
                [
                    249,
                    465
                ],
                [
                    250,
                    465
                ],
                [
                    251,
                    464
                ],
                [
                    252,
                    464
                ],
                [
                    254,
                    462
                ],
                [
                    255,
                    462
                ],
                [
                    256,
                    461
                ],
                [
                    257,
                    461
                ],
                [
                    258,
                    460
                ],
                [
                    259,
                    460
                ],
                [
                    260,
                    459
                ],
                [
                    261,
                    459
                ],
                [
                    262,
                    458
                ],
                [
                    265,
                    458
                ],
                [
                    266,
                    457
                ],
                [
                    269,
                    457
                ],
                [
                    269,
                    456
                ],
                [
                    273,
                    452
                ],
                [
                    274,
                    452
                ],
                [
                    274,
                    451
                ],
                [
                    277,
                    448
                ],
                [
                    278,
                    448
                ],
                [
                    278,
                    447
                ],
                [
                    281,
                    444
                ],
                [
                    282,
                    444
                ],
                [
                    284,
                    442
                ],
                [
                    282,
                    440
                ],
                [
                    279,
                    440
                ],
                [
                    278,
                    439
                ],
                [
                    277,
                    439
                ],
                [
                    276,
                    438
                ],
                [
                    275,
                    438
                ],
                [
                    273,
                    436
                ],
                [
                    270,
                    436
                ],
                [
                    269,
                    435
                ],
                [
                    268,
                    435
                ],
                [
                    267,
                    434
                ],
                [
                    266,
                    434
                ],
                [
                    265,
                    433
                ],
                [
                    264,
                    433
                ],
                [
                    263,
                    432
                ],
                [
                    261,
                    432
                ],
                [
                    260,
                    431
                ],
                [
                    258,
                    431
                ],
                [
                    256,
                    429
                ],
                [
                    255,
                    429
                ],
                [
                    254,
                    428
                ],
                [
                    251,
                    428
                ],
                [
                    249,
                    426
                ],
                [
                    248,
                    426
                ],
                [
                    247,
                    425
                ],
                [
                    246,
                    425
                ],
                [
                    245,
                    424
                ],
                [
                    242,
                    424
                ],
                [
                    240,
                    422
                ],
                [
                    239,
                    422
                ],
                [
                    238,
                    421
                ],
                [
                    237,
                    421
                ],
                [
                    236,
                    420
                ],
                [
                    234,
                    420
                ],
                [
                    232,
                    418
                ],
                [
                    231,
                    418
                ],
                [
                    230,
                    417
                ],
                [
                    229,
                    417
                ],
                [
                    228,
                    416
                ],
                [
                    227,
                    416
                ],
                [
                    226,
                    415
                ],
                [
                    225,
                    415
                ],
                [
                    223,
                    413
                ],
                [
                    222,
                    413
                ],
                [
                    221,
                    412
                ],
                [
                    219,
                    412
                ],
                [
                    218,
                    411
                ],
                [
                    217,
                    411
                ],
                [
                    215,
                    409
                ],
                [
                    214,
                    409
                ],
                [
                    213,
                    408
                ],
                [
                    212,
                    408
                ],
                [
                    210,
                    406
                ],
                [
                    210,
                    404
                ],
                [
                    211,
                    403
                ],
                [
                    211,
                    401
                ],
                [
                    210,
                    400
                ],
                [
                    208,
                    400
                ],
                [
                    207,
                    399
                ],
                [
                    203,
                    399
                ],
                [
                    202,
                    398
                ],
                [
                    200,
                    398
                ],
                [
                    199,
                    397
                ],
                [
                    198,
                    397
                ],
                [
                    197,
                    396
                ],
                [
                    196,
                    396
                ],
                [
                    195,
                    395
                ],
                [
                    194,
                    395
                ],
                [
                    190,
                    391
                ],
                [
                    189,
                    391
                ],
                [
                    185,
                    387
                ]
            ],
            "group_id": null,
            "shape_type": "polygon",
            "flags": {}
        }
    ],
    "imagePath": "",
    "imageData": null,
    "imageHeight": 512,
    "imageWidth": 512
}