{
    "version": "4.5.6",
    "flags": {},
    "shapes": [
        {
            "label": "particle",
            "points": [
                [
                    133,
                    29
                ],
                [
                    132,
                    30
                ],
                [
                    129,
                    30
                ],
                [
                    128,
                    31
                ],
                [
                    127,
                    31
                ],
                [
                    126,
                    32
                ],
                [
                    121,
                    32
                ],
                [
                    120,
                    33
                ],
                [
                    118,
                    33
                ],
                [
                    117,
                    34
                ],
                [
                    116,
                    34
                ],
                [
                    115,
                    35
                ],
                [
                    113,
                    35
                ],
                [
                    112,
                    36
                ],
                [
                    109,
                    36
                ],
                [
                    108,
                    37
                ],
                [
                    108,
                    38
                ],
                [
                    106,
                    40
                ],
                [
                    105,
                    40
                ],
                [
                    104,
                    41
                ],
                [
                    104,
                    42
                ],
                [
                    100,
                    46
                ],
                [
                    100,
                    47
                ],
                [
                    99,
                    48
                ],
                [
                    98,
                    48
                ],
                [
                    98,
                    49
                ],
                [
                    97,
                    50
                ],
                [
                    97,
                    51
                ],
                [
                    96,
                    52
                ],
                [
                    96,
                    56
                ],
                [
                    94,
                    58
                ],
                [
                    94,
                    60
                ],
                [
                    92,
                    62
                ],
                [
                    92,
                    66
                ],
                [
                    91,
                    67
                ],
                [
                    91,
                    81
                ],
                [
                    92,
                    82
                ],
                [
                    92,
                    89
                ],
                [
                    94,
                    91
                ],
                [
                    94,
                    93
                ],
                [
                    95,
                    94
                ],
                [
                    95,
                    95
                ],
                [
                    96,
                    96
                ],
                [
                    96,
                    99
                ],
                [
                    97,
                    100
                ],
                [
                    97,
                    102
                ],
                [
                    98,
                    103
                ],
                [
                    99,
                    103
                ],
                [
                    100,
                    104
                ],
                [
                    100,
                    105
                ],
                [
                    102,
                    107
                ],
                [
                    103,
                    107
                ],
                [
                    109,
                    113
                ],
                [
                    110,
                    113
                ],
                [
                    112,
                    115
                ],
                [
                    114,
                    115
                ],
                [
                    116,
                    117
                ],
                [
                    118,
                    117
                ],
                [
                    120,
                    119
                ],
                [
                    123,
                    119
                ],
                [
                    124,
                    120
                ],
                [
                    125,
                    120
                ],
                [
                    126,
                    121
                ],
                [
                    127,
                    121
                ],
                [
                    128,
                    122
                ],
                [
                    141,
                    122
                ],
                [
                    143,
                    120
                ],
                [
                    144,
                    120
                ],
                [
                    145,
                    119
                ],
                [
                    146,
                    119
                ],
                [
                    147,
                    118
                ],
                [
                    148,
                    118
                ],
                [
                    151,
                    115
                ],
                [
                    153,
                    115
                ],
                [
                    156,
                    112
                ],
                [
                    157,
                    112
                ],
                [
                    159,
                    110
                ],
                [
                    160,
                    110
                ],
                [
                    163,
                    107
                ],
                [
                    164,
                    107
                ],
                [
                    165,
                    106
                ],
                [
                    166,
                    106
                ],
                [
                    166,
                    104
                ],
                [
                    167,
                    103
                ],
                [
                    168,
                    103
                ],
                [
                    168,
                    102
                ],
                [
                    170,
                    100
                ],
                [
                    170,
                    98
                ],
                [
                    172,
                    96
                ],
                [
                    172,
                    95
                ],
                [
                    173,
                    94
                ],
                [
                    174,
                    94
                ],
                [
                    174,
                    91
                ],
                [
                    175,
                    90
                ],
                [
                    176,
                    90
                ],
                [
                    176,
                    89
                ],
                [
                    177,
                    88
                ],
                [
                    177,
                    83
                ],
                [
                    178,
                    82
                ],
                [
                    178,
                    65
                ],
                [
                    177,
                    64
                ],
                [
                    177,
                    62
                ],
                [
                    175,
                    60
                ],
                [
                    175,
                    59
                ],
                [
                    174,
                    58
                ],
                [
                    174,
                    56
                ],
                [
                    173,
                    55
                ],
                [
                    173,
                    54
                ],
                [
                    171,
                    52
                ],
                [
                    171,
                    50
                ],
                [
                    170,
                    49
                ],
                [
                    170,
                    48
                ],
                [
                    169,
                    47
                ],
                [
                    169,
                    46
                ],
                [
                    163,
                    40
                ],
                [
                    162,
                    40
                ],
                [
                    160,
                    38
                ],
                [
                    159,
                    38
                ],
                [
                    157,
                    36
                ],
                [
                    154,
                    36
                ],
                [
                    152,
                    34
                ],
                [
                    151,
                    34
                ],
                [
                    149,
                    32
                ],
                [
                    145,
                    32
                ],
                [
                    144,
                    31
                ],
                [
                    141,
                    31
                ],
                [
                    140,
                    30
                ],
                [
                    138,
                    30
                ],
                [
                    137,
                    29
                ]
            ],
            "group_id": null,
            "shape_type": "polygon",
            "flags": {}
        },
        {
            "label": "particle",
            "points": [
                [
                    244,
                    4
                ],
                [
                    243,
                    5
                ],
                [
                    238,
                    5
                ],
                [
                    237,
                    6
                ],
                [
                    236,
                    6
                ],
                [
                    235,
                    7
                ],
                [
                    233,
                    7
                ],
                [
                    232,
                    8
                ],
                [
                    231,
                    8
                ],
                [
                    227,
                    12
                ],
                [
                    225,
                    12
                ],
                [
                    224,
                    13
                ],
                [
                    224,
                    14
                ],
                [
                    222,
                    16
                ],
                [
                    222,
                    17
                ],
                [
                    221,
                    18
                ],
                [
                    221,
                    21
                ],
                [
                    220,
                    22
                ],
                [
                    220,
                    23
                ],
                [
                    218,
                    25
                ],
                [
                    218,
                    27
                ],
                [
                    217,
                    28
                ],
                [
                    217,
                    29
                ],
                [
                    216,
                    30
                ],
                [
                    216,
                    34
                ],
                [
                    215,
                    35
                ],
                [
                    215,
                    44
                ],
                [
                    216,
                    45
                ],
                [
                    216,
                    53
                ],
                [
                    220,
                    57
                ],
                [
                    220,
                    58
                ],
                [
                    221,
                    59
                ],
                [
                    221,
                    60
                ],
                [
                    225,
                    64
                ],
                [
                    225,
                    66
                ],
                [
                    229,
                    70
                ],
                [
                    229,
                    71
                ],
                [
                    233,
                    75
                ],
                [
                    233,
                    76
                ],
                [
                    236,
                    79
                ],
                [
                    238,
                    79
                ],
                [
                    241,
                    82
                ],
                [
                    242,
                    82
                ],
                [
                    243,
                    83
                ],
                [
                    245,
                    83
                ],
                [
                    246,
                    84
                ],
                [
                    251,
                    84
                ],
                [
                    252,
                    85
                ],
                [
                    257,
                    85
                ],
                [
                    258,
                    86
                ],
                [
                    264,
                    86
                ],
                [
                    265,
                    85
                ],
                [
                    267,
                    85
                ],
                [
                    268,
                    84
                ],
                [
                    270,
                    84
                ],
                [
                    271,
                    83
                ],
                [
                    275,
                    83
                ],
                [
                    275,
                    82
                ],
                [
                    278,
                    79
                ],
                [
                    279,
                    79
                ],
                [
                    279,
                    78
                ],
                [
                    282,
                    75
                ],
                [
                    283,
                    75
                ],
                [
                    283,
                    73
                ],
                [
                    287,
                    69
                ],
                [
                    287,
                    68
                ],
                [
                    288,
                    67
                ],
                [
                    288,
                    66
                ],
                [
                    289,
                    65
                ],
                [
                    289,
                    64
                ],
                [
                    291,
                    62
                ],
                [
                    291,
                    56
                ],
                [
                    292,
                    55
                ],
                [
                    292,
                    48
                ],
                [
                    293,
                    47
                ],
                [
                    293,
                    46
                ],
                [
                    292,
                    45
                ],
                [
                    292,
                    36
                ],
                [
                    291,
                    35
                ],
                [
                    291,
                    32
                ],
                [
                    290,
                    31
                ],
                [
                    290,
                    29
                ],
                [
                    288,
                    27
                ],
                [
                    288,
                    25
                ],
                [
                    287,
                    24
                ],
                [
                    287,
                    21
                ],
                [
                    286,
                    21
                ],
                [
                    283,
                    18
                ],
                [
                    283,
                    16
                ],
                [
                    282,
                    16
                ],
                [
                    279,
                    13
                ],
                [
                    279,
                    12
                ],
                [
                    277,
                    12
                ],
                [
                    276,
                    11
                ],
                [
                    275,
                    11
                ],
                [
                    274,
                    10
                ],
                [
                    273,
                    10
                ],
                [
                    271,
                    8
                ],
                [
                    267,
                    8
                ],
                [
                    266,
                    7
                ],
                [
                    265,
                    7
                ],
                [
                    264,
                    6
                ],
                [
                    262,
                    6
                ],
                [
                    261,
                    5
                ],
                [
                    258,
                    5
                ],
                [
                    257,
                    4
                ]
            ],
            "group_id": null,
            "shape_type": "polygon",
            "flags": {}
        },
        {
            "label": "particle",
            "points": [
                [
                    250,
                    134
                ],
                [
                    249,
                    135
                ],
                [
                    244,
                    135
                ],
                [
                    243,
                    136
                ],
                [
                    242,
                    136
                ],
                [
                    241,
                    137
                ],
                [
                    239,
                    137
                ],
                [
                    238,
                    138
                ],
                [
                    237,
                    138
                ],
                [
                    236,
                    139
                ],
                [
                    233,
                    139
                ],
                [
                    232,
                    140
                ],
                [
                    231,
                    140
                ],
                [
                    231,
                    141
                ],
                [
                    229,
                    143
                ],
                [
                    227,
                    143
                ],
                [
                    227,
                    144
                ],
                [
                    224,
                    147
                ],
                [
                    223,
                    147
                ],
                [
                    223,
                    148
                ],
                [
                    220,
                    151
                ],
                [
                    219,
                    151
                ],
                [
                    219,
                    152
                ],
                [
                    216,
                    155
                ],
                [
                    216,
                    158
                ],
                [
                    215,
                    159
                ],
                [
                    215,
                    162
                ],
                [
                    214,
                    163
                ],
                [
                    214,
                    170
                ],
                [
                    213,
                    171
                ],
                [
                    213,
                    173
                ],
                [
                    214,
                    174
                ],
                [
                    214,
                    192
                ],
                [
                    217,
                    195
                ],
                [
                    217,
                    196
                ],
                [
                    221,
                    200
                ],
                [
                    221,
                    201
                ],
                [
                    222,
                    201
                ],
                [
                    223,
                    202
                ],
                [
                    223,
                    203
                ],
                [
                    225,
                    205
                ],
                [
                    226,
                    205
                ],
                [
                    227,
                    206
                ],
                [
                    227,
                    207
                ],
                [
                    231,
                    211
                ],
                [
                    232,
                    211
                ],
                [
                    233,
                    212
                ],
                [
                    234,
                    212
                ],
                [
                    235,
                    213
                ],
                [
                    238,
                    213
                ],
                [
                    240,
                    215
                ],
                [
                    241,
                    215
                ],
                [
                    242,
                    216
                ],
                [
                    243,
                    216
                ],
                [
                    244,
                    217
                ],
                [
                    247,
                    217
                ],
                [
                    248,
                    218
                ],
                [
                    251,
                    218
                ],
                [
                    252,
                    219
                ],
                [
                    255,
                    219
                ],
                [
                    256,
                    220
                ],
                [
                    260,
                    220
                ],
                [
                    261,
                    219
                ],
                [
                    262,
                    219
                ],
                [
                    263,
                    218
                ],
                [
                    264,
                    218
                ],
                [
                    265,
                    217
                ],
                [
                    268,
                    217
                ],
                [
                    270,
                    215
                ],
                [
                    273,
                    215
                ],
                [
                    274,
                    216
                ],
                [
                    281,
                    216
                ],
                [
                    281,
                    213
                ],
                [
                    282,
                    212
                ],
                [
                    282,
                    206
                ],
                [
                    287,
                    201
                ],
                [
                    289,
                    201
                ],
                [
                    289,
                    200
                ],
                [
                    290,
                    199
                ],
                [
                    291,
                    199
                ],
                [
                    293,
                    197
                ],
                [
                    294,
                    197
                ],
                [
                    296,
                    195
                ],
                [
                    296,
                    179
                ],
                [
                    295,
                    178
                ],
                [
                    295,
                    172
                ],
                [
                    294,
                    171
                ],
                [
                    294,
                    164
                ],
                [
                    293,
                    163
                ],
                [
                    293,
                    159
                ],
                [
                    289,
                    155
                ],
                [
                    289,
                    154
                ],
                [
                    287,
                    152
                ],
                [
                    287,
                    151
                ],
                [
                    286,
                    151
                ],
                [
                    285,
                    150
                ],
                [
                    285,
                    149
                ],
                [
                    284,
                    148
                ],
                [
                    284,
                    147
                ],
                [
                    283,
                    147
                ],
                [
                    281,
                    145
                ],
                [
                    281,
                    143
                ],
                [
                    280,
                    143
                ],
                [
                    276,
                    139
                ],
                [
                    274,
                    139
                ],
                [
                    270,
                    135
                ],
                [
                    269,
                    135
                ],
                [
                    268,
                    134
                ]
            ],
            "group_id": null,
            "shape_type": "polygon",
            "flags": {}
        },
        {
            "label": "particle",
            "points": [
                [
                    211,
                    215
                ],
                [
                    210,
                    216
                ],
                [
                    206,
                    216
                ],
                [
                    205,
                    217
                ],
                [
                    203,
                    217
                ],
                [
                    201,
                    219
                ],
                [
                    199,
                    219
                ],
                [
                    198,
                    220
                ],
                [
                    197,
                    220
                ],
                [
                    196,
                    221
                ],
                [
                    195,
                    221
                ],
                [
                    193,
                    223
                ],
                [
                    190,
                    223
                ],
                [
                    188,
                    225
                ],
                [
                    187,
                    225
                ],
                [
                    185,
                    227
                ],
                [
                    183,
                    227
                ],
                [
                    182,
                    228
                ],
                [
                    182,
                    229
                ],
                [
                    179,
                    232
                ],
                [
                    179,
                    233
                ],
                [
                    178,
                    234
                ],
                [
                    178,
                    236
                ],
                [
                    176,
                    238
                ],
                [
                    176,
                    239
                ],
                [
                    174,
                    241
                ],
                [
                    174,
                    243
                ],
                [
                    173,
                    244
                ],
                [
                    173,
                    249
                ],
                [
                    172,
                    250
                ],
                [
                    172,
                    266
                ],
                [
                    174,
                    268
                ],
                [
                    174,
                    269
                ],
                [
                    178,
                    273
                ],
                [
                    178,
                    274
                ],
                [
                    182,
                    278
                ],
                [
                    182,
                    279
                ],
                [
                    184,
                    281
                ],
                [
                    185,
                    281
                ],
                [
                    186,
                    282
                ],
                [
                    187,
                    282
                ],
                [
                    188,
                    283
                ],
                [
                    189,
                    283
                ],
                [
                    190,
                    284
                ],
                [
                    190,
                    285
                ],
                [
                    191,
                    285
                ],
                [
                    192,
                    286
                ],
                [
                    193,
                    286
                ],
                [
                    194,
                    287
                ],
                [
                    195,
                    287
                ],
                [
                    196,
                    288
                ],
                [
                    207,
                    288
                ],
                [
                    208,
                    287
                ],
                [
                    217,
                    287
                ],
                [
                    218,
                    286
                ],
                [
                    227,
                    286
                ],
                [
                    229,
                    284
                ],
                [
                    230,
                    284
                ],
                [
                    231,
                    283
                ],
                [
                    232,
                    283
                ],
                [
                    233,
                    282
                ],
                [
                    234,
                    282
                ],
                [
                    235,
                    281
                ],
                [
                    236,
                    281
                ],
                [
                    236,
                    280
                ],
                [
                    237,
                    279
                ],
                [
                    238,
                    279
                ],
                [
                    239,
                    278
                ],
                [
                    240,
                    278
                ],
                [
                    240,
                    277
                ],
                [
                    244,
                    273
                ],
                [
                    244,
                    272
                ],
                [
                    246,
                    270
                ],
                [
                    247,
                    270
                ],
                [
                    248,
                    269
                ],
                [
                    248,
                    266
                ],
                [
                    249,
                    265
                ],
                [
                    249,
                    257
                ],
                [
                    250,
                    256
                ],
                [
                    250,
                    249
                ],
                [
                    251,
                    248
                ],
                [
                    251,
                    245
                ],
                [
                    249,
                    243
                ],
                [
                    249,
                    242
                ],
                [
                    248,
                    241
                ],
                [
                    248,
                    239
                ],
                [
                    247,
                    238
                ],
                [
                    247,
                    236
                ],
                [
                    245,
                    234
                ],
                [
                    245,
                    233
                ],
                [
                    244,
                    232
                ],
                [
                    244,
                    231
                ],
                [
                    240,
                    227
                ],
                [
                    239,
                    227
                ],
                [
                    235,
                    223
                ],
                [
                    233,
                    223
                ],
                [
                    232,
                    222
                ],
                [
                    232,
                    221
                ],
                [
                    231,
                    220
                ],
                [
                    230,
                    220
                ],
                [
                    229,
                    219
                ],
                [
                    226,
                    219
                ],
                [
                    225,
                    218
                ],
                [
                    222,
                    218
                ],
                [
                    221,
                    217
                ],
                [
                    219,
                    217
                ],
                [
                    218,
                    216
                ],
                [
                    216,
                    216
                ],
                [
                    215,
                    215
                ]
            ],
            "group_id": null,
            "shape_type": "polygon",
            "flags": {}
        },
        {
            "label": "particle",
            "points": [
                [
                    475,
                    151
                ],
                [
                    474,
                    152
                ],
                [
                    466,
                    152
                ],
                [
                    463,
                    155
                ],
                [
                    462,
                    155
                ],
                [
                    455,
                    162
                ],
                [
                    454,
                    162
                ],
                [
                    454,
                    163
                ],
                [
                    452,
                    165
                ],
                [
                    451,
                    165
                ],
                [
                    451,
                    166
                ],
                [
                    450,
                    167
                ],
                [
                    450,
                    168
                ],
                [
                    449,
                    169
                ],
                [
                    449,
                    170
                ],
                [
                    446,
                    173
                ],
                [
                    446,
                    175
                ],
                [
                    443,
                    178
                ],
                [
                    443,
                    179
                ],
                [
                    442,
                    180
                ],
                [
                    442,
                    181
                ],
                [
                    441,
                    182
                ],
                [
                    441,
                    189
                ],
                [
                    440,
                    190
                ],
                [
                    440,
                    192
                ],
                [
                    439,
                    193
                ],
                [
                    440,
                    194
                ],
                [
                    440,
                    196
                ],
                [
                    441,
                    197
                ],
                [
                    441,
                    202
                ],
                [
                    442,
                    203
                ],
                [
                    442,
                    205
                ],
                [
                    443,
                    206
                ],
                [
                    443,
                    207
                ],
                [
                    444,
                    208
                ],
                [
                    444,
                    211
                ],
                [
                    446,
                    213
                ],
                [
                    446,
                    215
                ],
                [
                    448,
                    217
                ],
                [
                    448,
                    218
                ],
                [
                    450,
                    220
                ],
                [
                    450,
                    222
                ],
                [
                    454,
                    226
                ],
                [
                    455,
                    226
                ],
                [
                    456,
                    227
                ],
                [
                    458,
                    227
                ],
                [
                    459,
                    228
                ],
                [
                    460,
                    228
                ],
                [
                    461,
                    229
                ],
                [
                    462,
                    229
                ],
                [
                    463,
                    230
                ],
                [
                    464,
                    230
                ],
                [
                    466,
                    232
                ],
                [
                    469,
                    232
                ],
                [
                    470,
                    233
                ],
                [
                    473,
                    233
                ],
                [
                    474,
                    234
                ],
                [
                    481,
                    234
                ],
                [
                    482,
                    235
                ],
                [
                    489,
                    235
                ],
                [
                    490,
                    236
                ],
                [
                    492,
                    236
                ],
                [
                    493,
                    235
                ],
                [
                    494,
                    235
                ],
                [
                    497,
                    232
                ],
                [
                    498,
                    232
                ],
                [
                    500,
                    230
                ],
                [
                    500,
                    229
                ],
                [
                    501,
                    228
                ],
                [
                    502,
                    228
                ],
                [
                    503,
                    227
                ],
                [
                    504,
                    227
                ],
                [
                    504,
                    225
                ],
                [
                    508,
                    221
                ],
                [
                    508,
                    219
                ],
                [
                    510,
                    217
                ],
                [
                    510,
                    216
                ],
                [
                    511,
                    215
                ],
                [
                    512,
                    215
                ],
                [
                    512,
                    212
                ],
                [
                    513,
                    211
                ],
                [
                    513,
                    209
                ],
                [
                    514,
                    208
                ],
                [
                    514,
                    207
                ],
                [
                    515,
                    206
                ],
                [
                    515,
                    204
                ],
                [
                    516,
                    203
                ],
                [
                    516,
                    201
                ],
                [
                    517,
                    200
                ],
                [
                    517,
                    180
                ],
                [
                    516,
                    179
                ],
                [
                    516,
                    178
                ],
                [
                    512,
                    174
                ],
                [
                    512,
                    173
                ],
                [
                    511,
                    172
                ],
                [
                    511,
                    171
                ],
                [
                    508,
                    168
                ],
                [
                    508,
                    166
                ],
                [
                    507,
                    165
                ],
                [
                    506,
                    165
                ],
                [
                    504,
                    163
                ],
                [
                    504,
                    162
                ],
                [
                    502,
                    160
                ],
                [
                    501,
                    160
                ],
                [
                    500,
                    159
                ],
                [
                    500,
                    158
                ],
                [
                    498,
                    156
                ],
                [
                    497,
                    156
                ],
                [
                    496,
                    155
                ],
                [
                    496,
                    154
                ],
                [
                    495,
                    154
                ],
                [
                    494,
                    153
                ],
                [
                    491,
                    153
                ],
                [
                    490,
                    152
                ],
                [
                    482,
                    152
                ],
                [
                    481,
                    151
                ]
            ],
            "group_id": null,
            "shape_type": "polygon",
            "flags": {}
        },
        {
            "label": "particle",
            "points": [
                [
                    61,
                    296
                ],
                [
                    59,
                    298
                ],
                [
                    58,
                    298
                ],
                [
                    56,
                    300
                ],
                [
                    53,
                    300
                ],
                [
                    51,
                    302
                ],
                [
                    50,
                    302
                ],
                [
                    49,
                    303
                ],
                [
                    48,
                    303
                ],
                [
                    46,
                    305
                ],
                [
                    46,
                    306
                ],
                [
                    43,
                    309
                ],
                [
                    43,
                    310
                ],
                [
                    40,
                    313
                ],
                [
                    40,
                    314
                ],
                [
                    36,
                    318
                ],
                [
                    36,
                    320
                ],
                [
                    35,
                    321
                ],
                [
                    35,
                    325
                ],
                [
                    34,
                    326
                ],
                [
                    34,
                    331
                ],
                [
                    33,
                    332
                ],
                [
                    33,
                    336
                ],
                [
                    32,
                    337
                ],
                [
                    32,
                    340
                ],
                [
                    33,
                    341
                ],
                [
                    33,
                    346
                ],
                [
                    34,
                    347
                ],
                [
                    34,
                    354
                ],
                [
                    35,
                    355
                ],
                [
                    35,
                    360
                ],
                [
                    36,
                    361
                ],
                [
                    36,
                    363
                ],
                [
                    37,
                    363
                ],
                [
                    38,
                    364
                ],
                [
                    39,
                    364
                ],
                [
                    42,
                    367
                ],
                [
                    44,
                    367
                ],
                [
                    45,
                    368
                ],
                [
                    46,
                    368
                ],
                [
                    48,
                    370
                ],
                [
                    49,
                    370
                ],
                [
                    50,
                    371
                ],
                [
                    52,
                    371
                ],
                [
                    53,
                    372
                ],
                [
                    55,
                    372
                ],
                [
                    56,
                    373
                ],
                [
                    57,
                    373
                ],
                [
                    58,
                    374
                ],
                [
                    60,
                    374
                ],
                [
                    61,
                    375
                ],
                [
                    64,
                    375
                ],
                [
                    65,
                    376
                ],
                [
                    67,
                    376
                ],
                [
                    68,
                    377
                ],
                [
                    70,
                    377
                ],
                [
                    71,
                    376
                ],
                [
                    82,
                    376
                ],
                [
                    83,
                    375
                ],
                [
                    89,
                    375
                ],
                [
                    90,
                    374
                ],
                [
                    90,
                    373
                ],
                [
                    91,
                    372
                ],
                [
                    92,
                    372
                ],
                [
                    93,
                    371
                ],
                [
                    94,
                    371
                ],
                [
                    99,
                    366
                ],
                [
                    99,
                    365
                ],
                [
                    101,
                    363
                ],
                [
                    101,
                    362
                ],
                [
                    102,
                    361
                ],
                [
                    102,
                    359
                ],
                [
                    103,
                    358
                ],
                [
                    103,
                    357
                ],
                [
                    105,
                    355
                ],
                [
                    105,
                    354
                ],
                [
                    106,
                    353
                ],
                [
                    106,
                    351
                ],
                [
                    107,
                    350
                ],
                [
                    107,
                    335
                ],
                [
                    108,
                    334
                ],
                [
                    108,
                    329
                ],
                [
                    107,
                    328
                ],
                [
                    107,
                    325
                ],
                [
                    106,
                    324
                ],
                [
                    106,
                    322
                ],
                [
                    105,
                    321
                ],
                [
                    105,
                    320
                ],
                [
                    104,
                    319
                ],
                [
                    104,
                    317
                ],
                [
                    102,
                    315
                ],
                [
                    102,
                    311
                ],
                [
                    99,
                    308
                ],
                [
                    98,
                    308
                ],
                [
                    94,
                    304
                ],
                [
                    93,
                    304
                ],
                [
                    90,
                    301
                ],
                [
                    89,
                    301
                ],
                [
                    88,
                    300
                ],
                [
                    84,
                    300
                ],
                [
                    83,
                    299
                ],
                [
                    82,
                    299
                ],
                [
                    81,
                    298
                ],
                [
                    78,
                    298
                ],
                [
                    77,
                    297
                ],
                [
                    76,
                    297
                ],
                [
                    75,
                    296
                ]
            ],
            "group_id": null,
            "shape_type": "polygon",
            "flags": {}
        },
        {
            "label": "particle",
            "points": [
                [
                    261,
                    376
                ],
                [
                    260,
                    377
                ],
                [
                    255,
                    377
                ],
                [
                    254,
                    378
                ],
                [
                    249,
                    378
                ],
                [
                    248,
                    379
                ],
                [
                    247,
                    379
                ],
                [
                    246,
                    380
                ],
                [
                    244,
                    380
                ],
                [
                    243,
                    381
                ],
                [
                    241,
                    381
                ],
                [
                    240,
                    382
                ],
                [
                    239,
                    382
                ],
                [
                    239,
                    383
                ],
                [
                    236,
                    386
                ],
                [
                    235,
                    386
                ],
                [
                    231,
                    390
                ],
                [
                    230,
                    390
                ],
                [
                    230,
                    391
                ],
                [
                    227,
                    394
                ],
                [
                    226,
                    394
                ],
                [
                    226,
                    398
                ],
                [
                    225,
                    399
                ],
                [
                    225,
                    400
                ],
                [
                    224,
                    401
                ],
                [
                    224,
                    402
                ],
                [
                    223,
                    403
                ],
                [
                    223,
                    404
                ],
                [
                    222,
                    405
                ],
                [
                    222,
                    408
                ],
                [
                    221,
                    409
                ],
                [
                    221,
                    417
                ],
                [
                    220,
                    418
                ],
                [
                    220,
                    428
                ],
                [
                    221,
                    429
                ],
                [
                    221,
                    431
                ],
                [
                    222,
                    432
                ],
                [
                    222,
                    436
                ],
                [
                    223,
                    437
                ],
                [
                    223,
                    438
                ],
                [
                    224,
                    439
                ],
                [
                    224,
                    440
                ],
                [
                    226,
                    442
                ],
                [
                    226,
                    444
                ],
                [
                    227,
                    445
                ],
                [
                    227,
                    446
                ],
                [
                    228,
                    447
                ],
                [
                    228,
                    448
                ],
                [
                    230,
                    450
                ],
                [
                    230,
                    452
                ],
                [
                    234,
                    456
                ],
                [
                    234,
                    457
                ],
                [
                    235,
                    458
                ],
                [
                    235,
                    459
                ],
                [
                    239,
                    463
                ],
                [
                    239,
                    464
                ],
                [
                    240,
                    465
                ],
                [
                    245,
                    465
                ],
                [
                    246,
                    466
                ],
                [
                    248,
                    466
                ],
                [
                    249,
                    467
                ],
                [
                    250,
                    467
                ],
                [
                    251,
                    468
                ],
                [
                    254,
                    468
                ],
                [
                    255,
                    469
                ],
                [
                    273,
                    469
                ],
                [
                    274,
                    468
                ],
                [
                    278,
                    468
                ],
                [
                    279,
                    467
                ],
                [
                    281,
                    467
                ],
                [
                    282,
                    466
                ],
                [
                    283,
                    466
                ],
                [
                    284,
                    465
                ],
                [
                    285,
                    465
                ],
                [
                    289,
                    461
                ],
                [
                    291,
                    461
                ],
                [
                    295,
                    457
                ],
                [
                    296,
                    457
                ],
                [
                    296,
                    455
                ],
                [
                    298,
                    453
                ],
                [
                    299,
                    453
                ],
                [
                    300,
                    452
                ],
                [
                    300,
                    450
                ],
                [
                    301,
                    449
                ],
                [
                    302,
                    449
                ],
                [
                    304,
                    447
                ],
                [
                    304,
                    445
                ],
                [
                    307,
                    442
                ],
                [
                    307,
                    441
                ],
                [
                    308,
                    440
                ],
                [
                    309,
                    440
                ],
                [
                    309,
                    438
                ],
                [
                    310,
                    437
                ],
                [
                    310,
                    427
                ],
                [
                    311,
                    426
                ],
                [
                    311,
                    411
                ],
                [
                    309,
                    409
                ],
                [
                    309,
                    407
                ],
                [
                    308,
                    407
                ],
                [
                    307,
                    406
                ],
                [
                    307,
                    405
                ],
                [
                    304,
                    402
                ],
                [
                    304,
                    401
                ],
                [
                    303,
                    400
                ],
                [
                    303,
                    399
                ],
                [
                    302,
                    399
                ],
                [
                    300,
                    397
                ],
                [
                    300,
                    396
                ],
                [
                    298,
                    394
                ],
                [
                    297,
                    394
                ],
                [
                    296,
                    393
                ],
                [
                    296,
                    392
                ],
                [
                    294,
                    390
                ],
                [
                    293,
                    390
                ],
                [
                    292,
                    389
                ],
                [
                    292,
                    388
                ],
                [
                    290,
                    386
                ],
                [
                    289,
                    386
                ],
                [
                    286,
                    383
                ],
                [
                    285,
                    383
                ],
                [
                    284,
                    382
                ],
                [
                    282,
                    382
                ],
                [
                    280,
                    380
                ],
                [
                    279,
                    380
                ],
                [
                    278,
                    379
                ],
                [
                    277,
                    379
                ],
                [
                    276,
                    378
                ],
                [
                    274,
                    378
                ],
                [
                    272,
                    376
                ]
            ],
            "group_id": null,
            "shape_type": "polygon",
            "flags": {}
        },
        {
            "label": "particle",
            "points": [
                [
                    450,
                    423
                ],
                [
                    448,
                    425
                ],
                [
                    448,
                    426
                ],
                [
                    441,
                    433
                ],
                [
                    441,
                    434
                ],
                [
                    437,
                    438
                ],
                [
                    437,
                    439
                ],
                [
                    433,
                    443
                ],
                [
                    433,
                    445
                ],
                [
                    430,
                    448
                ],
                [
                    430,
                    449
                ],
                [
                    429,
                    450
                ],
                [
                    429,
                    457
                ],
                [
                    428,
                    458
                ],
                [
                    428,
                    461
                ],
                [
                    427,
                    462
                ],
                [
                    427,
                    476
                ],
                [
                    426,
                    477
                ],
                [
                    426,
                    482
                ],
                [
                    427,
                    483
                ],
                [
                    427,
                    484
                ],
                [
                    428,
                    485
                ],
                [
                    428,
                    486
                ],
                [
                    429,
                    487
                ],
                [
                    429,
                    490
                ],
                [
                    431,
                    492
                ],
                [
                    431,
                    493
                ],
                [
                    432,
                    494
                ],
                [
                    432,
                    495
                ],
                [
                    433,
                    496
                ],
                [
                    433,
                    499
                ],
                [
                    435,
                    499
                ],
                [
                    438,
                    502
                ],
                [
                    439,
                    502
                ],
                [
                    440,
                    503
                ],
                [
                    441,
                    503
                ],
                [
                    443,
                    505
                ],
                [
                    444,
                    505
                ],
                [
                    445,
                    506
                ],
                [
                    445,
                    507
                ],
                [
                    447,
                    507
                ],
                [
                    448,
                    508
                ],
                [
                    449,
                    508
                ],
                [
                    450,
                    509
                ],
                [
                    452,
                    509
                ],
                [
                    454,
                    511
                ],
                [
                    498,
                    511
                ],
                [
                    499,
                    510
                ],
                [
                    499,
                    509
                ],
                [
                    501,
                    507
                ],
                [
                    502,
                    507
                ],
                [
                    503,
                    506
                ],
                [
                    503,
                    505
                ],
                [
                    504,
                    504
                ],
                [
                    505,
                    504
                ],
                [
                    506,
                    503
                ],
                [
                    507,
                    503
                ],
                [
                    507,
                    501
                ],
                [
                    509,
                    499
                ],
                [
                    510,
                    499
                ],
                [
                    511,
                    498
                ],
                [
                    511,
                    497
                ],
                [
                    513,
                    495
                ],
                [
                    514,
                    495
                ],
                [
                    516,
                    493
                ],
                [
                    516,
                    492
                ],
                [
                    517,
                    491
                ],
                [
                    518,
                    491
                ],
                [
                    519,
                    490
                ],
                [
                    519,
                    487
                ],
                [
                    520,
                    486
                ],
                [
                    520,
                    450
                ],
                [
                    516,
                    446
                ],
                [
                    516,
                    445
                ],
                [
                    511,
                    440
                ],
                [
                    511,
                    439
                ],
                [
                    507,
                    435
                ],
                [
                    506,
                    435
                ],
                [
                    505,
                    434
                ],
                [
                    504,
                    434
                ],
                [
                    503,
                    433
                ],
                [
                    501,
                    433
                ],
                [
                    499,
                    431
                ],
                [
                    498,
                    431
                ],
                [
                    497,
                    430
                ],
                [
                    496,
                    430
                ],
                [
                    495,
                    429
                ],
                [
                    493,
                    429
                ],
                [
                    491,
                    427
                ],
                [
                    490,
                    427
                ],
                [
                    489,
                    426
                ],
                [
                    487,
                    426
                ],
                [
                    486,
                    425
                ],
                [
                    482,
                    425
                ],
                [
                    481,
                    424
                ],
                [
                    479,
                    424
                ],
                [
                    478,
                    423
                ]
            ],
            "group_id": null,
            "shape_type": "polygon",
            "flags": {}
        }
    ],
    "imagePath": "",
    "imageData": null,
    "imageHeight": 512,
    "imageWidth": 572
}