{
    "version": "4.5.6",
    "flags": {},
    "shapes": [
        {
            "label": "particle",
            "points": [
                [
                    209,
                    75
                ],
                [
                    208,
                    76
                ],
                [
                    207,
                    76
                ],
                [
                    204,
                    79
                ],
                [
                    202,
                    79
                ],
                [
                    201,
                    80
                ],
                [
                    200,
                    80
                ],
                [
                    197,
                    83
                ],
                [
                    195,
                    83
                ],
                [
                    194,
                    84
                ],
                [
                    193,
                    84
                ],
                [
                    190,
                    87
                ],
                [
                    187,
                    87
                ],
                [
                    187,
                    88
                ],
                [
                    186,
                    89
                ],
                [
                    185,
                    89
                ],
                [
                    184,
                    90
                ],
                [
                    183,
                    90
                ],
                [
                    182,
                    91
                ],
                [
                    181,
                    91
                ],
                [
                    180,
                    92
                ],
                [
                    180,
                    94
                ],
                [
                    179,
                    95
                ],
                [
                    179,
                    101
                ],
                [
                    178,
                    102
                ],
                [
                    178,
                    103
                ],
                [
                    177,
                    104
                ],
                [
                    177,
                    107
                ],
                [
                    176,
                    108
                ],
                [
                    176,
                    110
                ],
                [
                    177,
                    111
                ],
                [
                    177,
                    112
                ],
                [
                    179,
                    114
                ],
                [
                    179,
                    116
                ],
                [
                    180,
                    117
                ],
                [
                    180,
                    118
                ],
                [
                    181,
                    119
                ],
                [
                    181,
                    120
                ],
                [
                    183,
                    122
                ],
                [
                    183,
                    124
                ],
                [
                    185,
                    126
                ],
                [
                    185,
                    127
                ],
                [
                    187,
                    129
                ],
                [
                    187,
                    132
                ],
                [
                    189,
                    134
                ],
                [
                    189,
                    135
                ],
                [
                    191,
                    137
                ],
                [
                    191,
                    140
                ],
                [
                    192,
                    140
                ],
                [
                    193,
                    141
                ],
                [
                    193,
                    142
                ],
                [
                    194,
                    143
                ],
                [
                    194,
                    144
                ],
                [
                    195,
                    145
                ],
                [
                    195,
                    147
                ],
                [
                    197,
                    149
                ],
                [
                    197,
                    150
                ],
                [
                    198,
                    151
                ],
                [
                    198,
                    152
                ],
                [
                    199,
                    153
                ],
                [
                    199,
                    155
                ],
                [
                    202,
                    158
                ],
                [
                    202,
                    159
                ],
                [
                    203,
                    160
                ],
                [
                    203,
                    162
                ],
                [
                    204,
                    163
                ],
                [
                    204,
                    164
                ],
                [
                    206,
                    166
                ],
                [
                    206,
                    167
                ],
                [
                    207,
                    168
                ],
                [
                    207,
                    170
                ],
                [
                    210,
                    173
                ],
                [
                    210,
                    174
                ],
                [
                    211,
                    175
                ],
                [
                    211,
                    177
                ],
                [
                    212,
                    178
                ],
                [
                    212,
                    179
                ],
                [
                    214,
                    181
                ],
                [
                    214,
                    182
                ],
                [
                    215,
                    183
                ],
                [
                    215,
                    185
                ],
                [
                    216,
                    186
                ],
                [
                    216,
                    187
                ],
                [
                    219,
                    190
                ],
                [
                    219,
                    192
                ],
                [
                    220,
                    193
                ],
                [
                    220,
                    194
                ],
                [
                    221,
                    195
                ],
                [
                    221,
                    196
                ],
                [
                    223,
                    198
                ],
                [
                    223,
                    200
                ],
                [
                    224,
                    201
                ],
                [
                    224,
                    202
                ],
                [
                    227,
                    205
                ],
                [
                    227,
                    208
                ],
                [
                    229,
                    210
                ],
                [
                    229,
                    211
                ],
                [
                    231,
                    213
                ],
                [
                    231,
                    216
                ],
                [
                    234,
                    219
                ],
                [
                    234,
                    220
                ],
                [
                    235,
                    221
                ],
                [
                    235,
                    223
                ],
                [
                    237,
                    225
                ],
                [
                    237,
                    226
                ],
                [
                    238,
                    227
                ],
                [
                    238,
                    228
                ],
                [
                    239,
                    229
                ],
                [
                    239,
                    231
                ],
                [
                    241,
                    233
                ],
                [
                    241,
                    234
                ],
                [
                    243,
                    236
                ],
                [
                    243,
                    238
                ],
                [
                    244,
                    239
                ],
                [
                    244,
                    240
                ],
                [
                    246,
                    242
                ],
                [
                    246,
                    243
                ],
                [
                    247,
                    244
                ],
                [
                    247,
                    246
                ],
                [
                    248,
                    247
                ],
                [
                    248,
                    248
                ],
                [
                    251,
                    251
                ],
                [
                    251,
                    253
                ],
                [
                    252,
                    254
                ],
                [
                    252,
                    255
                ],
                [
                    254,
                    257
                ],
                [
                    254,
                    258
                ],
                [
                    255,
                    259
                ],
                [
                    255,
                    261
                ],
                [
                    256,
                    262
                ],
                [
                    256,
                    263
                ],
                [
                    259,
                    266
                ],
                [
                    259,
                    267
                ],
                [
                    260,
                    268
                ],
                [
                    260,
                    270
                ],
                [
                    261,
                    271
                ],
                [
                    261,
                    272
                ],
                [
                    263,
                    274
                ],
                [
                    263,
                    275
                ],
                [
                    264,
                    276
                ],
                [
                    264,
                    278
                ],
                [
                    265,
                    279
                ],
                [
                    265,
                    280
                ],
                [
                    268,
                    283
                ],
                [
                    268,
                    285
                ],
                [
                    269,
                    286
                ],
                [
                    269,
                    287
                ],
                [
                    271,
                    289
                ],
                [
                    271,
                    290
                ],
                [
                    272,
                    291
                ],
                [
                    272,
                    293
                ],
                [
                    273,
                    294
                ],
                [
                    273,
                    295
                ],
                [
                    276,
                    298
                ],
                [
                    276,
                    301
                ],
                [
                    278,
                    303
                ],
                [
                    278,
                    304
                ],
                [
                    280,
                    306
                ],
                [
                    280,
                    309
                ],
                [
                    282,
                    311
                ],
                [
                    282,
                    312
                ],
                [
                    284,
                    314
                ],
                [
                    284,
                    316
                ],
                [
                    286,
                    318
                ],
                [
                    286,
                    319
                ],
                [
                    287,
                    320
                ],
                [
                    287,
                    321
                ],
                [
                    288,
                    322
                ],
                [
                    288,
                    324
                ],
                [
                    290,
                    326
                ],
                [
                    290,
                    327
                ],
                [
                    291,
                    328
                ],
                [
                    291,
                    329
                ],
                [
                    292,
                    330
                ],
                [
                    292,
                    331
                ],
                [
                    293,
                    332
                ],
                [
                    293,
                    333
                ],
                [
                    295,
                    335
                ],
                [
                    295,
                    336
                ],
                [
                    296,
                    337
                ],
                [
                    296,
                    339
                ],
                [
                    297,
                    340
                ],
                [
                    297,
                    341
                ],
                [
                    299,
                    343
                ],
                [
                    299,
                    344
                ],
                [
                    300,
                    345
                ],
                [
                    300,
                    346
                ],
                [
                    301,
                    347
                ],
                [
                    301,
                    348
                ],
                [
                    303,
                    350
                ],
                [
                    303,
                    351
                ],
                [
                    304,
                    352
                ],
                [
                    304,
                    354
                ],
                [
                    305,
                    355
                ],
                [
                    305,
                    356
                ],
                [
                    307,
                    358
                ],
                [
                    307,
                    359
                ],
                [
                    308,
                    360
                ],
                [
                    308,
                    361
                ],
                [
                    309,
                    362
                ],
                [
                    309,
                    363
                ],
                [
                    310,
                    364
                ],
                [
                    310,
                    365
                ],
                [
                    312,
                    367
                ],
                [
                    312,
                    369
                ],
                [
                    313,
                    370
                ],
                [
                    313,
                    371
                ],
                [
                    314,
                    372
                ],
                [
                    314,
                    373
                ],
                [
                    316,
                    375
                ],
                [
                    316,
                    377
                ],
                [
                    318,
                    379
                ],
                [
                    318,
                    380
                ],
                [
                    320,
                    382
                ],
                [
                    320,
                    385
                ],
                [
                    322,
                    387
                ],
                [
                    322,
                    388
                ],
                [
                    324,
                    390
                ],
                [
                    324,
                    392
                ],
                [
                    326,
                    394
                ],
                [
                    326,
                    395
                ],
                [
                    327,
                    396
                ],
                [
                    327,
                    397
                ],
                [
                    328,
                    398
                ],
                [
                    328,
                    400
                ],
                [
                    330,
                    402
                ],
                [
                    330,
                    403
                ],
                [
                    331,
                    404
                ],
                [
                    331,
                    405
                ],
                [
                    332,
                    406
                ],
                [
                    332,
                    408
                ],
                [
                    335,
                    411
                ],
                [
                    335,
                    412
                ],
                [
                    336,
                    413
                ],
                [
                    336,
                    415
                ],
                [
                    337,
                    416
                ],
                [
                    337,
                    417
                ],
                [
                    339,
                    419
                ],
                [
                    339,
                    420
                ],
                [
                    340,
                    421
                ],
                [
                    340,
                    423
                ],
                [
                    343,
                    426
                ],
                [
                    343,
                    427
                ],
                [
                    344,
                    428
                ],
                [
                    344,
                    430
                ],
                [
                    345,
                    431
                ],
                [
                    345,
                    432
                ],
                [
                    347,
                    434
                ],
                [
                    347,
                    435
                ],
                [
                    348,
                    436
                ],
                [
                    348,
                    437
                ],
                [
                    349,
                    438
                ],
                [
                    349,
                    439
                ],
                [
                    350,
                    440
                ],
                [
                    350,
                    441
                ],
                [
                    352,
                    443
                ],
                [
                    352,
                    444
                ],
                [
                    353,
                    445
                ],
                [
                    353,
                    447
                ],
                [
                    354,
                    448
                ],
                [
                    354,
                    449
                ],
                [
                    356,
                    451
                ],
                [
                    356,
                    452
                ],
                [
                    357,
                    453
                ],
                [
                    357,
                    455
                ],
                [
                    360,
                    458
                ],
                [
                    360,
                    459
                ],
                [
                    361,
                    460
                ],
                [
                    361,
                    462
                ],
                [
                    362,
                    463
                ],
                [
                    362,
                    464
                ],
                [
                    364,
                    466
                ],
                [
                    364,
                    467
                ],
                [
                    365,
                    468
                ],
                [
                    365,
                    470
                ],
                [
                    366,
                    471
                ],
                [
                    366,
                    474
                ],
                [
                    371,
                    474
                ],
                [
                    372,
                    475
                ],
                [
                    383,
                    475
                ],
                [
                    384,
                    474
                ],
                [
                    385,
                    474
                ],
                [
                    386,
                    473
                ],
                [
                    389,
                    473
                ],
                [
                    390,
                    472
                ],
                [
                    392,
                    472
                ],
                [
                    394,
                    470
                ],
                [
                    395,
                    470
                ],
                [
                    396,
                    469
                ],
                [
                    398,
                    469
                ],
                [
                    400,
                    467
                ],
                [
                    401,
                    467
                ],
                [
                    403,
                    465
                ],
                [
                    405,
                    465
                ],
                [
                    405,
                    464
                ],
                [
                    407,
                    462
                ],
                [
                    408,
                    462
                ],
                [
                    410,
                    460
                ],
                [
                    411,
                    460
                ],
                [
                    414,
                    457
                ],
                [
                    415,
                    457
                ],
                [
                    417,
                    455
                ],
                [
                    417,
                    454
                ],
                [
                    420,
                    451
                ],
                [
                    420,
                    450
                ],
                [
                    421,
                    449
                ],
                [
                    421,
                    447
                ],
                [
                    422,
                    446
                ],
                [
                    421,
                    445
                ],
                [
                    421,
                    443
                ],
                [
                    420,
                    442
                ],
                [
                    420,
                    441
                ],
                [
                    418,
                    439
                ],
                [
                    418,
                    438
                ],
                [
                    417,
                    437
                ],
                [
                    417,
                    436
                ],
                [
                    416,
                    435
                ],
                [
                    416,
                    434
                ],
                [
                    414,
                    432
                ],
                [
                    414,
                    431
                ],
                [
                    413,
                    430
                ],
                [
                    413,
                    428
                ],
                [
                    412,
                    427
                ],
                [
                    412,
                    426
                ],
                [
                    409,
                    423
                ],
                [
                    409,
                    421
                ],
                [
                    408,
                    420
                ],
                [
                    408,
                    419
                ],
                [
                    407,
                    418
                ],
                [
                    407,
                    417
                ],
                [
                    405,
                    415
                ],
                [
                    405,
                    413
                ],
                [
                    403,
                    411
                ],
                [
                    403,
                    410
                ],
                [
                    401,
                    408
                ],
                [
                    401,
                    405
                ],
                [
                    399,
                    403
                ],
                [
                    399,
                    402
                ],
                [
                    397,
                    400
                ],
                [
                    397,
                    398
                ],
                [
                    395,
                    396
                ],
                [
                    395,
                    395
                ],
                [
                    394,
                    394
                ],
                [
                    394,
                    393
                ],
                [
                    393,
                    392
                ],
                [
                    393,
                    390
                ],
                [
                    390,
                    387
                ],
                [
                    390,
                    386
                ],
                [
                    389,
                    385
                ],
                [
                    389,
                    383
                ],
                [
                    388,
                    382
                ],
                [
                    388,
                    381
                ],
                [
                    386,
                    379
                ],
                [
                    386,
                    378
                ],
                [
                    385,
                    377
                ],
                [
                    385,
                    376
                ],
                [
                    384,
                    375
                ],
                [
                    384,
                    374
                ],
                [
                    382,
                    372
                ],
                [
                    382,
                    371
                ],
                [
                    381,
                    370
                ],
                [
                    381,
                    368
                ],
                [
                    380,
                    367
                ],
                [
                    380,
                    366
                ],
                [
                    378,
                    364
                ],
                [
                    378,
                    363
                ],
                [
                    377,
                    362
                ],
                [
                    377,
                    361
                ],
                [
                    376,
                    360
                ],
                [
                    376,
                    359
                ],
                [
                    375,
                    358
                ],
                [
                    375,
                    357
                ],
                [
                    373,
                    355
                ],
                [
                    373,
                    353
                ],
                [
                    372,
                    352
                ],
                [
                    372,
                    351
                ],
                [
                    369,
                    348
                ],
                [
                    369,
                    345
                ],
                [
                    367,
                    343
                ],
                [
                    367,
                    342
                ],
                [
                    365,
                    340
                ],
                [
                    365,
                    338
                ],
                [
                    363,
                    336
                ],
                [
                    363,
                    335
                ],
                [
                    362,
                    334
                ],
                [
                    362,
                    333
                ],
                [
                    361,
                    332
                ],
                [
                    361,
                    330
                ],
                [
                    359,
                    328
                ],
                [
                    359,
                    327
                ],
                [
                    358,
                    326
                ],
                [
                    358,
                    325
                ],
                [
                    357,
                    324
                ],
                [
                    357,
                    323
                ],
                [
                    356,
                    322
                ],
                [
                    356,
                    321
                ],
                [
                    354,
                    319
                ],
                [
                    354,
                    318
                ],
                [
                    353,
                    317
                ],
                [
                    353,
                    315
                ],
                [
                    352,
                    314
                ],
                [
                    352,
                    313
                ],
                [
                    351,
                    313
                ],
                [
                    350,
                    312
                ],
                [
                    350,
                    311
                ],
                [
                    349,
                    310
                ],
                [
                    349,
                    308
                ],
                [
                    348,
                    307
                ],
                [
                    348,
                    306
                ],
                [
                    346,
                    304
                ],
                [
                    346,
                    303
                ],
                [
                    345,
                    302
                ],
                [
                    345,
                    301
                ],
                [
                    344,
                    300
                ],
                [
                    344,
                    299
                ],
                [
                    343,
                    298
                ],
                [
                    343,
                    297
                ],
                [
                    341,
                    295
                ],
                [
                    341,
                    294
                ],
                [
                    340,
                    293
                ],
                [
                    340,
                    291
                ],
                [
                    339,
                    290
                ],
                [
                    339,
                    289
                ],
                [
                    336,
                    286
                ],
                [
                    336,
                    284
                ],
                [
                    335,
                    283
                ],
                [
                    335,
                    282
                ],
                [
                    334,
                    281
                ],
                [
                    334,
                    280
                ],
                [
                    332,
                    278
                ],
                [
                    332,
                    276
                ],
                [
                    330,
                    274
                ],
                [
                    330,
                    273
                ],
                [
                    328,
                    271
                ],
                [
                    328,
                    268
                ],
                [
                    326,
                    266
                ],
                [
                    326,
                    265
                ],
                [
                    324,
                    263
                ],
                [
                    324,
                    261
                ],
                [
                    322,
                    259
                ],
                [
                    322,
                    258
                ],
                [
                    321,
                    257
                ],
                [
                    321,
                    256
                ],
                [
                    320,
                    255
                ],
                [
                    320,
                    253
                ],
                [
                    318,
                    251
                ],
                [
                    318,
                    250
                ],
                [
                    316,
                    248
                ],
                [
                    316,
                    246
                ],
                [
                    315,
                    245
                ],
                [
                    315,
                    244
                ],
                [
                    313,
                    242
                ],
                [
                    313,
                    241
                ],
                [
                    312,
                    240
                ],
                [
                    312,
                    238
                ],
                [
                    309,
                    235
                ],
                [
                    309,
                    234
                ],
                [
                    308,
                    233
                ],
                [
                    308,
                    231
                ],
                [
                    307,
                    230
                ],
                [
                    307,
                    229
                ],
                [
                    305,
                    227
                ],
                [
                    305,
                    226
                ],
                [
                    304,
                    225
                ],
                [
                    304,
                    224
                ],
                [
                    303,
                    223
                ],
                [
                    303,
                    222
                ],
                [
                    302,
                    221
                ],
                [
                    302,
                    220
                ],
                [
                    300,
                    218
                ],
                [
                    300,
                    216
                ],
                [
                    299,
                    215
                ],
                [
                    299,
                    214
                ],
                [
                    298,
                    213
                ],
                [
                    298,
                    212
                ],
                [
                    297,
                    212
                ],
                [
                    296,
                    211
                ],
                [
                    296,
                    208
                ],
                [
                    294,
                    206
                ],
                [
                    294,
                    205
                ],
                [
                    292,
                    203
                ],
                [
                    292,
                    200
                ],
                [
                    291,
                    200
                ],
                [
                    290,
                    199
                ],
                [
                    290,
                    198
                ],
                [
                    289,
                    197
                ],
                [
                    289,
                    196
                ],
                [
                    288,
                    195
                ],
                [
                    288,
                    193
                ],
                [
                    286,
                    191
                ],
                [
                    286,
                    190
                ],
                [
                    285,
                    189
                ],
                [
                    285,
                    188
                ],
                [
                    284,
                    187
                ],
                [
                    284,
                    186
                ],
                [
                    283,
                    185
                ],
                [
                    283,
                    184
                ],
                [
                    281,
                    182
                ],
                [
                    281,
                    181
                ],
                [
                    280,
                    180
                ],
                [
                    280,
                    178
                ],
                [
                    279,
                    177
                ],
                [
                    279,
                    176
                ],
                [
                    276,
                    173
                ],
                [
                    276,
                    171
                ],
                [
                    275,
                    170
                ],
                [
                    275,
                    169
                ],
                [
                    273,
                    167
                ],
                [
                    273,
                    166
                ],
                [
                    272,
                    165
                ],
                [
                    272,
                    163
                ],
                [
                    270,
                    161
                ],
                [
                    270,
                    160
                ],
                [
                    268,
                    158
                ],
                [
                    268,
                    156
                ],
                [
                    267,
                    155
                ],
                [
                    267,
                    154
                ],
                [
                    266,
                    153
                ],
                [
                    266,
                    152
                ],
                [
                    264,
                    150
                ],
                [
                    264,
                    148
                ],
                [
                    262,
                    146
                ],
                [
                    262,
                    145
                ],
                [
                    260,
                    143
                ],
                [
                    260,
                    140
                ],
                [
                    258,
                    138
                ],
                [
                    258,
                    137
                ],
                [
                    255,
                    134
                ],
                [
                    255,
                    132
                ],
                [
                    254,
                    131
                ],
                [
                    254,
                    130
                ],
                [
                    253,
                    129
                ],
                [
                    253,
                    128
                ],
                [
                    251,
                    126
                ],
                [
                    251,
                    124
                ],
                [
                    249,
                    122
                ],
                [
                    249,
                    121
                ],
                [
                    247,
                    119
                ],
                [
                    247,
                    116
                ],
                [
                    245,
                    114
                ],
                [
                    245,
                    113
                ],
                [
                    243,
                    111
                ],
                [
                    243,
                    109
                ],
                [
                    241,
                    107
                ],
                [
                    241,
                    106
                ],
                [
                    240,
                    105
                ],
                [
                    240,
                    104
                ],
                [
                    239,
                    103
                ],
                [
                    239,
                    101
                ],
                [
                    236,
                    98
                ],
                [
                    236,
                    97
                ],
                [
                    235,
                    96
                ],
                [
                    235,
                    94
                ],
                [
                    234,
                    93
                ],
                [
                    234,
                    92
                ],
                [
                    232,
                    90
                ],
                [
                    232,
                    89
                ],
                [
                    231,
                    88
                ],
                [
                    231,
                    87
                ],
                [
                    230,
                    86
                ],
                [
                    230,
                    85
                ],
                [
                    229,
                    84
                ],
                [
                    229,
                    83
                ],
                [
                    228,
                    83
                ],
                [
                    226,
                    81
                ],
                [
                    225,
                    81
                ],
                [
                    223,
                    79
                ],
                [
                    221,
                    79
                ],
                [
                    220,
                    78
                ],
                [
                    219,
                    78
                ],
                [
                    218,
                    77
                ],
                [
                    216,
                    77
                ],
                [
                    215,
                    76
                ],
                [
                    211,
                    76
                ],
                [
                    210,
                    75
                ]
            ],
            "group_id": null,
            "shape_type": "polygon",
            "flags": {}
        }
    ],
    "imagePath": "",
    "imageData": null,
    "imageHeight": 512,
    "imageWidth": 513
}