{
  "version": "5.1.1",
  "flags": {},
  "shapes": [
    {
      "label": "safety_helmet",
      "points": [
        [
          0,
          146
        ],
        [
          229,
          351
        ]
      ],
      "group_id": null,
      "shape_type": "rectangle",
      "flags": {}
    },
    {
      "label": "reflective_jacket",
      "points": [
        [
          0,
          368
        ],
        [
          287,
          636
        ]
      ],
      "group_id": null,
      "shape_type": "rectangle",
      "flags": {}
    }
  ],
  "imagePath": "helmet_jacket_09537.jpg",
  "imageData": null,
  "imageHeight": 640,
  "imageWidth": 640
}