{
  "version": "5.1.1",
  "flags": {},
  "shapes": [
    {
      "label": "reflective_jacket",
      "points": [
        [
          121,
          314
        ],
        [
          140,
          369
        ]
      ],
      "group_id": null,
      "shape_type": "rectangle",
      "flags": {}
    },
    {
      "label": "reflective_jacket",
      "points": [
        [
          13,
          308
        ],
        [
          44,
          368
        ]
      ],
      "group_id": null,
      "shape_type": "rectangle",
      "flags": {}
    },
    {
      "label": "safety_helmet",
      "points": [
        [
          101,
          265
        ],
        [
          120,
          289
        ]
      ],
      "group_id": null,
      "shape_type": "rectangle",
      "flags": {}
    },
    {
      "label": "safety_helmet",
      "points": [
        [
          176,
          266
        ],
        [
          201,
          296
        ]
      ],
      "group_id": null,
      "shape_type": "rectangle",
      "flags": {}
    },
    {
      "label": "safety_helmet",
      "points": [
        [
          25,
          275
        ],
        [
          45,
          297
        ]
      ],
      "group_id": null,
      "shape_type": "rectangle",
      "flags": {}
    },
    {
      "label": "reflective_jacket",
      "points": [
        [
          161,
          298
        ],
        [
          202,
          376
        ]
      ],
      "group_id": null,
      "shape_type": "rectangle",
      "flags": {}
    },
    {
      "label": "reflective_jacket",
      "points": [
        [
          92,
          297
        ],
        [
          122,
          364
        ]
      ],
      "group_id": null,
      "shape_type": "rectangle",
      "flags": {}
    },
    {
      "label": "safety_helmet",
      "points": [
        [
          354,
          92
        ],
        [
          438,
          208
        ]
      ],
      "group_id": null,
      "shape_type": "rectangle",
      "flags": {}
    },
    {
      "label": "reflective_jacket",
      "points": [
        [
          326,
          217
        ],
        [
          463,
          507
        ]
      ],
      "group_id": null,
      "shape_type": "rectangle",
      "flags": {}
    }
  ],
  "imagePath": "helmet_jacket_10264.jpg",
  "imageData": null,
  "imageHeight": 640,
  "imageWidth": 640
}