{
  "version": "5.1.1",
  "flags": {},
  "shapes": [
    {
      "label": "reflective_jacket",
      "points": [
        [
          222,
          135
        ],
        [
          306,
          361
        ]
      ],
      "group_id": null,
      "shape_type": "rectangle",
      "flags": {}
    },
    {
      "label": "reflective_jacket",
      "points": [
        [
          441,
          145
        ],
        [
          531,
          357
        ]
      ],
      "group_id": null,
      "shape_type": "rectangle",
      "flags": {}
    }
  ],
  "imagePath": "helmet_jacket_09409.jpg",
  "imageData": null,
  "imageHeight": 640,
  "imageWidth": 640
}