{
  "version": "5.1.1",
  "flags": {},
  "shapes": [
    {
      "label": "reflective_jacket",
      "points": [
        [
          142,
          187
        ],
        [
          264,
          422
        ]
      ],
      "group_id": null,
      "shape_type": "rectangle",
      "flags": {}
    },
    {
      "label": "reflective_jacket",
      "points": [
        [
          7,
          226
        ],
        [
          156,
          459
        ]
      ],
      "group_id": null,
      "shape_type": "rectangle",
      "flags": {}
    },
    {
      "label": "reflective_jacket",
      "points": [
        [
          272,
          254
        ],
        [
          388,
          515
        ]
      ],
      "group_id": null,
      "shape_type": "rectangle",
      "flags": {}
    },
    {
      "label": "safety_helmet",
      "points": [
        [
          60,
          94
        ],
        [
          136,
          171
        ]
      ],
      "group_id": null,
      "shape_type": "rectangle",
      "flags": {}
    },
    {
      "label": "safety_helmet",
      "points": [
        [
          417,
          117
        ],
        [
          497,
          190
        ]
      ],
      "group_id": null,
      "shape_type": "rectangle",
      "flags": {}
    },
    {
      "label": "safety_helmet",
      "points": [
        [
          287,
          141
        ],
        [
          360,
          221
        ]
      ],
      "group_id": null,
      "shape_type": "rectangle",
      "flags": {}
    },
    {
      "label": "reflective_jacket",
      "points": [
        [
          404,
          233
        ],
        [
          545,
          465
        ]
      ],
      "group_id": null,
      "shape_type": "rectangle",
      "flags": {}
    },
    {
      "label": "safety_helmet",
      "points": [
        [
          163,
          60
        ],
        [
          237,
          133
        ]
      ],
      "group_id": null,
      "shape_type": "rectangle",
      "flags": {}
    }
  ],
  "imagePath": "helmet_jacket_09580.jpg",
  "imageData": null,
  "imageHeight": 640,
  "imageWidth": 640
}