{
  "version": "5.1.1",
  "flags": {},
  "shapes": [
    {
      "label": "reflective_jacket",
      "points": [
        [
          254,
          271
        ],
        [
          302,
          365
        ]
      ],
      "group_id": null,
      "shape_type": "rectangle",
      "flags": {}
    },
    {
      "label": "reflective_jacket",
      "points": [
        [
          221,
          337
        ],
        [
          281,
          447
        ]
      ],
      "group_id": null,
      "shape_type": "rectangle",
      "flags": {}
    }
  ],
  "imagePath": "helmet_jacket_09859.jpg",
  "imageData": null,
  "imageHeight": 640,
  "imageWidth": 640
}