{
  "version": "5.1.1",
  "flags": {},
  "shapes": [
    {
      "label": "reflective_jacket",
      "points": [
        [
          126,
          320
        ],
        [
          401,
          639
        ]
      ],
      "group_id": null,
      "shape_type": "rectangle",
      "flags": {}
    },
    {
      "label": "safety_helmet",
      "points": [
        [
          199,
          0
        ],
        [
          346,
          162
        ]
      ],
      "group_id": null,
      "shape_type": "rectangle",
      "flags": {}
    }
  ],
  "imagePath": "helmet_jacket_09920.jpg",
  "imageData": null,
  "imageHeight": 640,
  "imageWidth": 640
}