{
  "version": "5.1.1",
  "flags": {},
  "shapes": [
    {
      "label": "safety_helmet",
      "points": [
        [
          408,
          207
        ],
        [
          495,
          320
        ]
      ],
      "group_id": null,
      "shape_type": "rectangle",
      "flags": {}
    },
    {
      "label": "safety_helmet",
      "points": [
        [
          330,
          120
        ],
        [
          400,
          238
        ]
      ],
      "group_id": null,
      "shape_type": "rectangle",
      "flags": {}
    }
  ],
  "imagePath": "helmet_jacket_09635.jpg",
  "imageData": null,
  "imageHeight": 640,
  "imageWidth": 640
}