{
  "version": "5.1.1",
  "flags": {},
  "shapes": [
    {
      "label": "safety_helmet",
      "points": [
        [
          265,
          245
        ],
        [
          344,
          324
        ]
      ],
      "group_id": null,
      "shape_type": "rectangle",
      "flags": {}
    },
    {
      "label": "safety_helmet",
      "points": [
        [
          391,
          217
        ],
        [
          470,
          307
        ]
      ],
      "group_id": null,
      "shape_type": "rectangle",
      "flags": {}
    },
    {
      "label": "reflective_jacket",
      "points": [
        [
          236,
          404
        ],
        [
          385,
          639
        ]
      ],
      "group_id": null,
      "shape_type": "rectangle",
      "flags": {}
    },
    {
      "label": "reflective_jacket",
      "points": [
        [
          403,
          335
        ],
        [
          583,
          639
        ]
      ],
      "group_id": null,
      "shape_type": "rectangle",
      "flags": {}
    }
  ],
  "imagePath": "helmet_jacket_10025.jpg",
  "imageData": null,
  "imageHeight": 640,
  "imageWidth": 640
}