{
  "version": "5.1.1",
  "flags": {},
  "shapes": [
    {
      "label": "safety_helmet",
      "points": [
        [
          304,
          7
        ],
        [
          418,
          102
        ]
      ],
      "group_id": null,
      "shape_type": "rectangle",
      "flags": {}
    },
    {
      "label": "reflective_jacket",
      "points": [
        [
          286,
          196
        ],
        [
          488,
          519
        ]
      ],
      "group_id": null,
      "shape_type": "rectangle",
      "flags": {}
    }
  ],
  "imagePath": "helmet_jacket_09961.jpg",
  "imageData": null,
  "imageHeight": 640,
  "imageWidth": 640
}