{
  "version": "5.1.1",
  "flags": {},
  "shapes": [
    {
      "label": "safety_helmet",
      "points": [
        [
          172,
          289
        ],
        [
          225,
          346
        ]
      ],
      "group_id": null,
      "shape_type": "rectangle",
      "flags": {}
    },
    {
      "label": "safety_helmet",
      "points": [
        [
          104,
          149
        ],
        [
          224,
          268
        ]
      ],
      "group_id": null,
      "shape_type": "rectangle",
      "flags": {}
    },
    {
      "label": "reflective_jacket",
      "points": [
        [
          35,
          296
        ],
        [
          240,
          639
        ]
      ],
      "group_id": null,
      "shape_type": "rectangle",
      "flags": {}
    }
  ],
  "imagePath": "helmet_jacket_09741.jpg",
  "imageData": null,
  "imageHeight": 640,
  "imageWidth": 640
}